acceptability,affectedness,answer,comprehension,hasQuestion,id,live_row,offline,practice,question,response,sentence,subject_nr,type,catalan,latin
0,no,0,0,0,100,0,no,yes,0,"[1.83707857131958, 0.6607108116149902, 0.4254486560821533, 0.35628414154052734, 0.32099151611328125, 0.32044363021850586, 0.451030969619751, 0.2158362865447998, 0.388408899307251, 0.6474237442016602]",El ladrón escapó a toda prisa por la puerta trasera.,10,1,0,1
0,no,NO,E,1,100,1,no,yes,Llegaron a la universidad cuando ya estaba cerrada.,"[2.2201786041259766, 0.6613891124725342, 0.3625361919403076, 0.33087801933288574, 0.2942824363708496, 0.3382568359375, 0.09807777404785156, 0.2383403778076172, 0.6644022464752197, 1.870800495147705]",Los estudiantes llegaron a la universidad antes de que cerrara.,10,1,0,1
0,no,0,0,0,100,2,no,yes,0,"[0.8078668117523193, 0.3774573802947998, 0.47696828842163086, 0.4115104675292969, 0.38823533058166504, 0.3612990379333496, 0.3227424621582031, 0.3448367118835449, 0.5469939708709717]",Los niños corrieron a la plaza con sus amigos.,10,1,0,1
0,no,0,0,0,100,3,no,yes,0,"[0.08674502372741699, 1.2739639282226562, 0.886132001876831, 0.6490859985351562, 0.6733839511871338, 0.5039527416229248, 0.4808173179626465, 0.5147898197174072, 0.4173152446746826, 0.7161664962768555]",La conferencia empezará con puntualidad a las diez y media.,10,1,0,1
0,no,0,0,0,7,0,no,no,0,"[1.106499433517456, 0.7009484767913818, 0.39739084243774414, 0.069549560546875, 0.673572301864624, 0.8524808883666992, 0.45762133598327637, 0.09879469871520996, 0.8937582969665527, 0.5461807250976562, 1.438833475112915]",Tomás empujó a la vieja a la puerta en pocos segundos.,10,0,0,1
0,no,0,0,0,100,1,no,no,0,"[1.3371951580047607, 0.5908193588256836, 0.4099845886230469, 0.3760805130004883, 0.7506086826324463, 0.3708987236022949, 0.3973245620727539, 0.46175408363342285, 0.4143943786621094, 0.7223138809204102]",Estuvieron caminando a la orilla del mar toda la tarde.,10,1,0,1
0,no,NO,A,1,101,2,no,no,El profesor y los alumnos estaban fuera del aula.,"[0.9222543239593506, 0.3794403076171875, 0.4234619140625, 0.38449835777282715, 0.42021775245666504, 0.4017629623413086, 0.10790014266967773, 2.168543815612793, 1.3867807388305664]",El profesor explicó la lección los alumnos en clase.,10,0,0,1
0,no,0,0,0,100,3,no,no,0,"[0.7803444862365723, 0.567638635635376, 0.7177543640136719, 0.44039106369018555, 0.5512661933898926, 0.6219673156738281, 0.4739851951599121, 0.6523106098175049, 0.5554251670837402, 0.9088597297668457, 2.611706495285034]",El jefe asignó una tarea a cada empleado en la reunión.,10,0,0,1
0,no,SI,A,1,101,4,no,no,Ayer estudiaron matemáticas.,"[2.792830228805542, 0.6228642463684082, 0.5847480297088623, 0.7213635444641113, 2.507678747177124, 2.4090824127197266, 0.6478374004364014, 0.6306478977203369, 0.4714779853820801, 1.5973055362701416]",Nos sentamos juntos para estudiando matemáticas toda la tarde ayer.,10,2,0,1
0,no,0,0,0,101,5,no,no,0,"[0.6242215633392334, 0.39685988426208496, 0.6226706504821777, 1.2151329517364502, 0.3191835880279541, 0.3382582664489746, 0.5205235481262207, 0.3787658214569092, 0.5710999965667725]",La película empiezan exactamente a las ocho en punto.,10,1,0,1
0,no,0,0,0,11,6,no,no,0,"[0.5646665096282959, 1.3396708965301514, 0.6726863384246826, 0.39332056045532227, 0.5579123497009277, 0.3879573345184326, 0.41214585304260254, 0.7191076278686523, 0.41649794578552246, 0.5383329391479492, 0.6136810779571533]",Valeria neutralizó a una criminal en la frontera en cinco minutos.,10,1,0,1
0,no,SI,A,1,32,7,no,no,Martin estaba en el hospital.,"[0.899547815322876, 0.4059181213378906, 0.37296509742736816, 0.3652830123901367, 0.41455984115600586, 0.3566467761993408, 0.35514211654663086, 0.48766398429870605, 0.44152212142944336, 0.36049890518188477, 0.7539360523223877]",Martín buscó a la médica en el hospital durante dos horas.,10,0,0,1
0,no,0,0,0,48,8,no,no,0,"[0.5547730922698975, 0.5292234420776367, 0.405550479888916, 1.0391016006469727, 0.711496114730835, 0.7465245723724365, 0.5749716758728027, 0.7569854259490967, 0.4013206958770752, 0.38947105407714844]",Samuel descubrió la infiltrada en el museo en pocas horas.,10,3,0,1
0,no,NO,E,1,31,9,no,no,Miguel tuvo que esperar una semana.,"[0.644723653793335, 0.41162610054016113, 0.35752320289611816, 0.5333385467529297, 0.6031227111816406, 0.7070529460906982, 0.5404908657073975, 0.3932626247406006, 0.3473949432373047, 0.5683021545410156]",Miguel recibió la invitada en la casa en un día.,10,3,0,1
0,no,SI,A,1,37,10,no,no,Isabel miraba por la ventana.,"[0.5088601112365723, 0.4348933696746826, 0.7486999034881592, 0.6584692001342773, 0.5480196475982666, 0.6011409759521484, 0.6931018829345703, 0.5148797035217285, 0.3530266284942627, 0.619586706161499]",Isabel vió la estudiante desde su ventana durante una mañana.,10,3,0,1
0,no,0,0,0,100,11,no,no,0,"[0.6454007625579834, 0.2743344306945801, 0.7996728420257568, 0.6075396537780762, 0.4879951477050781, 0.44248437881469727, 0.4186570644378662, 0.34255146980285645, 0.36699461936950684, 0.5930283069610596]",Miguel alquiló una bicicleta a un turista en la estación.,10,0,0,1
0,no,NO,E,1,12,12,no,no,El combate duró varias horas.,"[0.6134521961212158, 0.4040110111236572, 0.7381575107574463, 1.2970373630523682, 0.28479790687561035, 0.3594520092010498, 0.43480587005615234, 0.3237485885620117, 0.5371785163879395, 0.5325729846954346]",Paula abatió una contrincante en el ring en pocos minutos.,10,4,0,1
0,no,NO,E,1,2,13,no,no,La acción tuvo lugar en el parque.,"[0.5243546962738037, 0.37178540229797363, 0.4081687927246094, 0.35446906089782715, 0.38260650634765625, 0.39252710342407227, 0.34368062019348145, 0.3829176425933838, 0.3834667205810547, 0.33635425567626953, 5.300657510757446]",Simón pateó a la pelota en la cancha en un instante.,10,2,0,1
0,no,NO,E,1,101,14,no,no,El dueño fue reconocido por su gato.,"[0.4598844051361084, 0.4459187984466553, 0.8224384784698486, 0.7628047466278076, 0.5291428565979004, 0.3338291645050049, 0.30405402183532715, 0.28533363342285156, 0.3522758483886719, 0.6002051830291748]",El perro corrió felizmente a su dueño cuando le reconoció.,10,1,0,1
0,no,0,0,0,38,15,no,no,0,"[0.5241043567657471, 1.0960402488708496, 0.36614990234375, 0.9176235198974609, 0.819727897644043, 0.671471118927002, 0.7637097835540771, 0.4340507984161377, 0.46291613578796387, 0.32964062690734863, 0.4149291515350342]",Unai amó a una jovencita en su pueblo durante varios años.,10,1,0,1
0,no,SI,A,1,100,16,no,no,Ellos corren en el centro.,"[0.6350104808807373, 0.3579850196838379, 0.34551143646240234, 0.8524930477142334, 0.528235673904419, 0.42893457412719727, 0.3414595127105713, 0.35270190238952637, 0.32175517082214355, 0.6816198825836182]",Ellos corren todas las mañanas por el parque del centro.,10,2,0,1
0,no,0,0,0,100,17,no,no,0,"[0.511009693145752, 0.36887240409851074, 0.2927119731903076, 0.39702701568603516, 0.43947577476501465, 0.46012234687805176, 0.7505097389221191, 0.7508177757263184, 0.48530054092407227, 0.4339427947998047]",El gato saltó a la mesa para robar la comida.,10,1,0,1
0,no,0,0,0,100,18,no,no,0,"[0.561279296875, 0.3972451686859131, 0.39545345306396484, 0.34275341033935547, 0.3500030040740967, 0.3366258144378662, 0.42192769050598145, 0.3601696491241455, 0.6574971675872803, 0.8016283512115479]",Los pájaros vuelan alto sobre los árboles en primavera alegre.,10,2,0,1
0,no,0,0,0,35,19,no,no,0,"[0.8577713966369629, 0.719588041305542, 0.34789204597473145, 0.3271524906158447, 0.3839735984802246, 0.4425036907196045, 0.31186866760253906, 0.458172082901001, 0.4060039520263672, 0.35797667503356934, 1.6546080112457275]",Carlos vigiló a una niña en la habitación durante unas horas.,10,1,0,1
0,no,SI,A,1,101,20,no,no,Clara fue a la farmacia con su hermana.,"[0.544407844543457, 0.37372732162475586, 0.357224702835083, 0.36138057708740234, 0.5150046348571777, 1.8653624057769775, 0.34113287925720215, 0.5343616008758545, 0.3792388439178467, 0.30675244331359863, 1.0435810089111328]",Clara fue con su hermanas a la farmacia después del desayuno.,10,1,0,1
0,no,SI,A,1,41,21,no,no,Emma pasó semanas investigando.,"[0.5530252456665039, 0.39046216011047363, 0.29396653175354004, 0.250293493270874, 0.22824931144714355, 0.4607429504394531, 0.32581543922424316, 0.24850249290466309, 0.2600107192993164, 0.5236172676086426, 0.46662092208862305]",Emma investigó a la empresaria en la ciudad durante varias semanas.,10,0,0,1
0,no,0,0,0,29,22,no,no,0,"[0.5577621459960938, 0.36233043670654297, 0.5545063018798828, 0.32251453399658203, 0.5615205764770508, 0.6141073703765869, 0.39448046684265137, 0.3238825798034668, 0.5691304206848145, 0.3312571048736572, 1.1984589099884033]",Alfonso miró a la estrella en la colina durante dos horas.,10,2,0,1
0,no,0,0,0,100,23,no,no,0,"[0.6021649837493896, 0.3387453556060791, 0.368436336517334, 0.39089035987854004, 0.4233818054199219, 0.41523241996765137, 0.6310513019561768, 0.32336854934692383, 0.3342471122741699, 0.30381035804748535, 0.2548391819000244]",El técnico reparó el ordenador a un cliente en la tienda.,10,0,0,1
0,no,0,0,0,101,24,no,no,0,"[0.596367597579956, 0.4816765785217285, 0.3925602436065674, 0.6532835960388184, 0.42670536041259766, 1.3317608833312988, 0.39279747009277344, 0.49985384941101074, 0.6063783168792725]",Pedro devolvió el libro la biblioteca el lunes pasado.,10,0,0,1
0,no,0,0,0,49,25,no,no,0,"[0.5962717533111572, 0.46655845642089844, 0.4036080837249756, 0.5563762187957764, 0.388500452041626, 2.659062385559082, 0.38654375076293945, 0.9460413455963135, 0.7511165142059326, 0.5345726013183594, 1.602649450302124]",Alba mencionó a la ciudad en el teatro tras varios minutos.,10,2,0,1
0,no,0,0,0,101,26,no,no,0,"[0.5118303298950195, 0.43834686279296875, 0.37729883193969727, 0.41306376457214355, 0.5218174457550049, 0.3499922752380371, 0.30330324172973633, 0.374009370803833, 0.4700300693511963]",Me gusta caminar la ciudad cuando hace buen tiempo.,10,2,0,1
0,no,0,0,0,101,27,no,no,0,"[0.4666430950164795, 0.42082667350769043, 0.5681912899017334, 1.0523760318756104, 0.3721785545349121, 0.4269099235534668, 0.575819730758667, 0.3780171871185303, 0.5353572368621826, 1.657411813735962]",El jefe convocó urgentemente a reunión a todos el empleados.,10,1,0,1
0,no,SI,A,1,0,28,no,no,La acción tuvo lugar en la calle.,"[0.5257916450500488, 0.6736323833465576, 0.43134188652038574, 0.6064975261688232, 0.38889384269714355, 0.41994190216064453, 0.36095166206359863, 0.46750903129577637, 0.5134055614471436, 1.3446621894836426]",Juan golpeó la piedra en la calle en diez segundos.,10,5,0,1
0,no,SI,A,1,39,29,no,no,Valeria fue a un concierto.,"[0.5598537921905518, 0.8999273777008057, 0.4099764823913574, 0.8511857986450195, 0.2753119468688965, 0.30081748962402344, 0.3212277889251709, 0.33011364936828613, 0.2757120132446289, 0.7118189334869385]",Valeria admiró la escenografía en el teatro durante el concierto.,10,5,0,1
0,no,SI,A,1,28,30,no,no,Anna estaba en la escuela.,"[0.3226649761199951, 0.8347125053405762, 0.37631750106811523, 0.3806300163269043, 0.42396998405456543, 0.36902332305908203, 0.34215664863586426, 0.4193837642669678, 0.33478236198425293, 0.30480432510375977, 0.508763313293457]",Anna comprendió a la tarea en la escuela en dos minutos.,10,2,0,1
0,no,0,0,0,17,31,no,no,0,"[0.4094069004058838, 0.40486931800842285, 0.5986757278442383, 0.3205854892730713, 0.5833432674407959, 0.3776819705963135, 0.32872772216796875, 0.430753231048584, 0.39625000953674316, 0.3480062484741211, 0.3840007781982422]",Luis zarandeó a la muñeca en la casa durante algunos minutos.,10,2,0,1
0,no,SI,A,1,101,32,no,no,Maria y su hermana estaban en la biblioteca.,"[0.7483229637145996, 0.3523447513580322, 0.2908446788787842, 0.31606388092041016, 0.355212926864624, 0.5596392154693604, 0.3626375198364258, 0.5095267295837402, 0.8009774684906006]",María dio el libro su hermana en la biblioteca.,10,0,0,1
0,no,NO,E,1,16,33,no,no,La guerra duró más de dos años.,"[0.6964225769042969, 0.6488518714904785, 0.4465041160583496, 0.8664453029632568, 0.4092447757720947, 0.5618267059326172, 0.4909040927886963, 0.5288228988647461, 0.4046471118927002, 0.14171600341796875]",Valentina venció una adversaria en la guerra en dos años.,10,4,0,1
0,no,0,0,0,101,34,no,no,0,"[0.4426388740539551, 0.4061717987060547, 0.6180300712585449, 0.4374690055847168, 0.36205434799194336, 0.8581037521362305, 0.8460659980773926, 0.40225863456726074, 0.5088798999786377, 0.3585834503173828]",Mi primo viaja sola por Europa durante el verano próximo.,10,2,0,1
0,no,0,0,0,44,35,no,no,0,"[0.787280797958374, 0.8877294063568115, 0.41335558891296387, 0.5880720615386963, 0.40320324897766113, 0.2621734142303467, 0.46797800064086914, 0.3125615119934082, 0.31364941596984863, 2.134921073913574]",Martín detectó la intrusa en el hospital en dos minutos.,10,3,0,1
0,no,0,0,0,100,36,no,no,0,"[0.5147504806518555, 0.3203704357147217, 0.3878207206726074, 0.346362829208374, 0.5061037540435791, 0.4860408306121826, 0.38402318954467773, 0.433927059173584, 0.4226386547088623]",El viento soplaba fuerte durante la tormenta de anoche.,10,2,0,1
0,no,NO,E,1,18,37,no,no,María iba en bicicleta.,"[0.5384030342102051, 0.3731856346130371, 0.41991400718688965, 0.35456037521362305, 0.4145526885986328, 0.3770930767059326, 0.44341039657592773, 0.39232587814331055, 0.3522012233734131, 0.4201083183288574]",María transportó la guitarra en la furgoneta durante un día.,10,5,0,1
0,no,SI,E,1,3,38,no,no,Lo que Pedro hizo fue un secuestro.,"[1.0409889221191406, 0.5600693225860596, 0.42731785774230957, 0.3766145706176758, 0.28709983825683594, 0.23652386665344238, 0.518242359161377, 0.4249730110168457, 0.23817920684814453, 0.8154270648956299]",Pablo secuestró la camioneta en el aeropuerto durante una hora.,10,5,0,1
0,no,SI,A,1,101,39,no,no,El camarero sonrió.,"[0.6299822330474854, 2.3031537532806396, 0.6357095241546631, 0.5372178554534912, 0.8860104084014893, 0.6347432136535645, 0.46590709686279297, 0.8203439712524414, 0.6012609004974365, 0.42418694496154785, 2.4041147232055664]",El camarero trajo el cuenta a los clientes con una sonrisa.,10,0,0,1
0,no,NO,E,1,100,40,no,no,Andrés contó una historia,"[0.5821685791015625, 0.7450003623962402, 0.3322868347167969, 0.4686870574951172, 0.28623223304748535, 0.21455717086791992, 0.3880727291107178, 0.3360915184020996, 0.23653411865234375, 0.5189909934997559]",Andrés cantó una canción a su hija antes de acostarla.,10,0,0,1
0,no,SI,A,1,15,41,no,no,Lucia estuvo en una pelea de bar.,"[0.47800159454345703, 0.4848647117614746, 0.3487720489501953, 0.28113722801208496, 0.28927111625671387, 0.4743473529815674, 0.2826046943664551, 0.2625710964202881, 0.43718552589416504, 0.3303046226501465, 0.7683942317962646]",Lucía destrozó a una oponente en el bar en diez minutos.,10,1,0,1
0,no,0,0,0,36,42,no,no,0,"[0.5288429260253906, 0.8677313327789307, 0.3647956848144531, 0.30415797233581543, 0.3174583911895752, 0.2811095714569092, 0.22979998588562012, 0.25876832008361816, 0.2242569923400879, 0.39040184020996094, 1.9595940113067627]",Irene oyó a la niña en la sala durante una noche.,10,0,0,1
0,no,SI,A,1,101,43,no,no,El bebé sonrió a su madre.,"[0.5284972190856934, 0.37018561363220215, 0.3169100284576416, 1.5520484447479248, 0.35293126106262207, 0.3310568332672119, 0.26351022720336914, 0.40205907821655273, 0.2740950584411621, 0.3851354122161865]",El bebé sonreí dulcemente a su madre desde la cuna.,10,1,0,1
0,no,NO,E,1,100,44,no,no,Viajan a Argentina cada invierno.,"[0.43961286544799805, 0.411515474319458, 0.33890390396118164, 0.2459406852722168, 0.2799968719482422, 0.2694709300994873, 0.3042745590209961, 0.367811918258667, 0.7781128883361816]",Mis padres viajan en avión a Argentina cada verano.,10,1,0,1
0,no,0,0,0,100,45,no,no,0,"[0.6497604846954346, 0.3894534111022949, 0.2882716655731201, 0.5981411933898926, 0.42009949684143066, 0.27414608001708984, 0.2733771800994873, 0.2790195941925049, 0.3659327030181885, 0.2894916534423828, 1.3124072551727295]",La lluvia cayó fuerte sobre el techo durante toda la noche.,10,2,0,1
0,no,NO,E,1,101,46,no,no,LLegaron a casa después del aconecher.,"[0.44144678115844727, 0.20245075225830078, 0.6450300216674805, 0.26082682609558105, 0.792351245880127, 0.3485434055328369, 0.2900876998901367, 0.32592082023620605, 0.23053216934204102, 0.550156831741333]",Los campesinos llegaron cansado a casa justo antes del anochecer.,10,1,0,1
0,no,SI,A,1,14,47,no,no,Helena estaba jugando un partido de fútbol.,"[0.5223946571350098, 0.42698192596435547, 0.39857983589172363, 0.247877836227417, 0.6339304447174072, 0.35129594802856445, 0.28380703926086426, 0.46883535385131836, 0.24212050437927246, 0.4866020679473877]",Helena derribó la futbolista en el campo durante el partido.,10,3,0,1
0,no,0,0,0,45,48,no,no,0,"[0.8268375396728516, 0.4742279052734375, 0.5034403800964355, 0.25484347343444824, 0.3200197219848633, 0.29583096504211426, 0.21902155876159668, 0.31236720085144043, 0.2539396286010742, 0.466266393661499]",Gabriela localizó una amiga en la ciudad en dos minutos.,10,4,0,1
0,no,0,0,0,4,49,no,no,0,"[0.6640775203704834, 0.96720290184021, 0.35312771797180176, 1.0585718154907227, 0.2669656276702881, 0.30284905433654785, 0.2928280830383301, 0.3008387088775635, 0.2987527847290039, 0.8349790573120117]",Jorge arrolló la ciclista en la calle en un segundo.,10,3,0,1
0,no,0,0,0,100,50,no,no,0,"[0.47112083435058594, 0.3477609157562256, 0.24363112449645996, 0.30614256858825684, 0.2991161346435547, 0.37461113929748535, 0.24854803085327148, 0.4710118770599365, 0.34589338302612305, 0.6580410003662109]",El avión aterrizó sin problemas en el aeropuerto de Madrid.,10,2,0,1
0,no,0,0,0,100,51,no,no,0,"[0.636631965637207, 0.3606715202331543, 0.34077906608581543, 0.44870924949645996, 0.34119415283203125, 0.3402993679046631, 0.27565813064575195, 0.29375338554382324, 0.29044485092163086, 0.4351058006286621]",El niño duerme tranquilo en su cama todas las noches.,10,2,0,1
0,no,0,0,0,100,52,no,no,0,"[0.3966648578643799, 0.4207766056060791, 0.38751697540283203, 0.3188364505767822, 0.3230419158935547, 0.319835901260376, 0.49052977561950684, 0.353287935256958, 0.340740442276001, 0.41623377799987793]",Isabel enseñó la receta a su prima en la cocina.,10,0,0,1
0,no,0,0,0,23,53,no,no,0,"[0.4883265495300293, 0.3542511463165283, 0.5102260112762451, 0.289752721786499, 0.29662418365478516, 0.8116462230682373, 0.4065570831298828, 0.2692420482635498, 0.43924427032470703, 0.6063590049743652, 0.32198619842529297]",Daniel remolcó a la enferma en la calle durante algunos minutos.,10,0,0,1
0,no,0,0,0,30,54,no,no,0,"[0.39049315452575684, 0.5164995193481445, 0.2512369155883789, 0.9851467609405518, 0.3191990852355957, 0.3775913715362549, 0.40831637382507324, 0.44910311698913574, 0.32620835304260254, 0.3529331684112549]",Carlos esperó una profesora en la esquina durante una hora.,10,4,0,1
0,no,0,0,0,43,55,no,no,0,"[0.45615696907043457, 0.43500590324401855, 0.6266200542449951, 0.4019589424133301, 0.302229642868042, 0.34653782844543457, 0.33443331718444824, 0.33779335021972656, 0.34351348876953125, 0.30895566940307617, 0.47582554817199707]",Sofía conoció a una chica en el colegio en dos días.,10,1,0,1
0,no,NO,E,1,100,56,no,no,Ayer fueron al teatro.,"[0.5948772430419922, 0.5001187324523926, 0.3962976932525635, 0.29305100440979004, 0.39693593978881836, 0.3027036190032959, 0.30938053131103516, 0.3717789649963379, 0.4235343933105469]",Ayer fueron al cine a ver una película divertida.,10,2,0,1
0,no,0,0,0,42,57,no,no,0,"[0.5437889099121094, 0.5111024379730225, 0.34484338760375977, 0.20328187942504883, 0.5003721714019775, 0.31780052185058594, 0.35837864875793457, 0.5840697288513184, 0.31722331047058105, 0.4915752410888672]",Ismael encontró una conocida en la carretera en pocas horas.,10,4,0,1
0,no,0,0,0,5,58,no,no,0,"[0.618262529373169, 0.6708364486694336, 0.2980818748474121, 0.2845909595489502, 0.37195634841918945, 0.34143543243408203, 0.3180985450744629, 0.4960927963256836, 0.28302907943725586, 0.2974402904510498, 0.4720175266265869]",Manuel abrazó a una señora en el parque en pocos instantes.,10,1,0,1
0,no,0,0,0,101,59,no,no,0,"[0.45343804359436035, 0.3504331111907959, 0.3289659023284912, 2.0790135860443115, 0.37433385848999023, 0.32424473762512207, 0.6320133209228516, 0.2674531936645508, 0.3486361503601074, 0.46782493591308594]",María se despertó sobresaltado a los gritos de su hermano.,10,1,0,1
0,no,0,0,0,100,60,no,no,0,"[0.5556685924530029, 0.9582946300506592, 0.34143543243408203, 0.2948791980743408, 0.4102005958557129, 0.3232874870300293, 0.2653341293334961, 0.19559264183044434, 0.625948429107666]",Carlos estornudó fuerte en medio de la reunión ayer.,10,2,0,1
0,no,0,0,0,100,61,no,no,0,"[0.6137359142303467, 0.4546535015106201, 0.19091415405273438, 0.4661087989807129, 0.28287792205810547, 0.283036470413208, 0.2138962745666504, 0.4515693187713623, 0.26088547706604004, 0.4434657096862793]",Rosa recomendó un libro a su colega durante el almuerzo.,10,0,0,1
0,no,0,0,0,100,62,no,no,0,"[0.48801684379577637, 0.24248623847961426, 0.37067413330078125, 0.2829759120941162, 0.35245227813720703, 0.37500667572021484, 0.35863208770751953, 0.33635568618774414, 0.29839134216308594, 0.44335436820983887]",Julia pasó la sal a su madre durante la cena.,10,0,0,1
0,no,0,0,0,100,63,no,no,0,"[0.3206355571746826, 0.29688429832458496, 0.26956939697265625, 0.3579580783843994, 0.29647111892700195, 0.30419206619262695, 0.25246691703796387, 0.3198864459991455, 0.2636129856109619, 0.3112642765045166]",El mensajero entregó el paquete a Marta en su casa.,10,0,0,1
0,no,0,0,0,47,64,no,no,0,"[0.2651064395904541, 0.49072742462158203, 0.29418373107910156, 0.24631810188293457, 0.4396383762359619, 0.3458259105682373, 0.4621586799621582, 0.2980945110321045, 0.4737870693206787, 0.2312462329864502]",Marta descartó la aspirante en la selección en un día.,10,3,0,1
0,no,NO,E,1,100,65,no,no,El coche era azul.,"[0.4331207275390625, 0.23856830596923828, 0.29031848907470703, 0.47261905670166016, 0.37202882766723633, 0.526357889175415, 0.37386298179626465, 0.25722193717956543, 0.32978248596191406, 0.4626164436340332]",El coche rojo aparcó frente a la casa de Marta.,10,2,0,1
0,no,NO,E,1,100,66,no,no,El niño juega solo en el parque.,"[0.43113183975219727, 0.24167847633361816, 0.5713009834289551, 0.26209092140197754, 0.27777862548828125, 0.2803661823272705, 0.3028590679168701, 0.3104252815246582, 0.25153589248657227, 1.0276248455047607]",El niño juega en el parque con su mejor amigo.,10,2,0,1
0,no,0,0,0,100,67,no,no,0,"[0.6604795455932617, 0.30460667610168457, 0.34250569343566895, 0.27803683280944824, 0.26583075523376465, 0.23744416236877441, 0.2517251968383789, 0.23095083236694336, 0.35559821128845215, 0.41054773330688477]",Vamos caminando todos los días a pie hasta el colegio.,10,1,0,1
0,no,No,E,1,100,68,no,no,El bebé dormía plácidamente.,"[0.41979026794433594, 0.3232278823852539, 0.974768877029419, 0.5835130214691162, 0.3678169250488281, 0.2791447639465332, 0.33673667907714844, 0.3001556396484375, 0.4397697448730469, 0.3888685703277588]",El bebé lloraba constantemente durante la noche sin razón aparente.,10,2,0,1
0,no,SI,A,1,100,69,no,no,Ana escribió la carta desde la playa.,"[0.6562845706939697, 0.4407498836517334, 0.2757234573364258, 0.2743949890136719, 0.3622262477874756, 0.2627294063568115, 0.3210422992706299, 0.3316969871520996, 0.32220005989074707, 0.4474058151245117]",Ana escribió una carta a su abuela desde la playa.,10,0,0,1
0,no,0,0,0,101,70,no,no,0,"[0.4327538013458252, 0.38135600090026855, 0.31888818740844727, 0.26120710372924805, 0.5287313461303711, 0.4466545581817627, 0.3334312438964844, 0.31215929985046387, 0.39232635498046875, 0.6537392139434814]",Jorge compró un regalo su novia en el centro comercial.,10,0,0,1
0,no,SI,E,1,9,71,no,no,Había fuego en la plaza.,"[0.6384532451629639, 0.2558887004852295, 0.3177151679992676, 0.2945280075073242, 0.28380274772644043, 0.2984647750854492, 0.290985107421875, 0.27192211151123047, 0.31836962699890137, 0.3533823490142822, 0.5383286476135254]",Carlos quemó a la página en la plaza en pocos minutos.,10,2,0,1
0,no,0,0,0,19,72,no,no,0,"[0.738572359085083, 1.4033291339874268, 0.46038389205932617, 0.341796875, 0.8772881031036377, 0.2718696594238281, 0.2934083938598633, 0.30181360244750977, 0.3393082618713379, 0.24466967582702637, 0.28856611251831055]",Lucas arrastró a la carreta en la calle por un tiempo.,10,2,0,1
0,no,0,0,0,10,73,no,no,0,"[0.660015344619751, 0.4960792064666748, 0.32585787773132324, 0.28044795989990234, 0.733799934387207, 0.3132205009460449, 0.30403923988342285, 0.5698866844177246, 0.4168970584869385, 0.4092714786529541]",Mateo eliminó la carpeta en el banco en pocos segundos.,10,5,0,1
0,no,0,0,0,33,74,no,no,0,"[0.5610561370849609, 0.4248054027557373, 0.5278546810150146, 0.29302120208740234, 0.300121545791626, 0.3240790367126465, 0.2951657772064209, 0.2773926258087158, 0.3004472255706787, 0.31597113609313965, 0.594754695892334]",Marco imaginó a la amiga en la playa durante dos minutos.,10,0,0,1
0,no,0,0,0,24,75,no,no,0,"[0.5834333896636963, 0.37799739837646484, 0.38597679138183594, 0.33587193489074707, 0.33802270889282227, 0.6585614681243896, 0.6293158531188965, 0.3571441173553467, 0.2616853713989258, 0.4239223003387451]",Coral guió la decisión en el palacio en una hora.,10,5,0,1
0,no,0,0,0,101,76,no,no,0,"[0.514094352722168, 0.4567286968231201, 0.41385650634765625, 0.37844419479370117, 0.3740711212158203, 0.3512461185455322, 0.33927345275878906, 0.5944337844848633, 0.7273590564727783, 0.37339234352111816]",Sara contó la historia a sus hijo antes de dormir.,10,0,0,1
0,no,0,0,0,26,77,no,no,0,"[0.4979691505432129, 0.7147746086120605, 0.32872557640075684, 0.30150294303894043, 0.4044616222381592, 0.39010167121887207, 0.39817190170288086, 0.3049600124359131, 0.45204782485961914, 0.4344470500946045]",Juan escuchó la alarma en el balcón durante una noche.,10,5,0,1
0,no,0,0,0,13,78,no,no,0,"[0.4289712905883789, 0.6137685775756836, 0.29299426078796387, 0.1980128288269043, 0.8703310489654541, 0.23335766792297363, 0.35463500022888184, 0.6333880424499512, 0.21916818618774414, 0.40917110443115234, 0.2860147953033447]",Martina atropelló a la anciana en el aparcamiento en pocos minutos.,10,0,0,1
0,no,NO,E,1,6,79,no,no,El beso tuvo lugar en un museo.,"[0.9435265064239502, 0.36929798126220703, 0.23099279403686523, 0.48417067527770996, 0.23588156700134277, 0.6658589839935303, 0.2066938877105713, 0.497117280960083, 0.3243899345397949, 0.3580968379974365, 0.6907806396484375]",Francisco besó a la cruz en la iglesia durante unos segundos.,10,2,0,1
0,no,NO,E,1,100,80,no,no,El tren llegó con retraso.,"[0.4380075931549072, 0.3964073657989502, 1.14996337890625, 0.3094477653503418, 0.337735652923584, 0.24231839179992676, 0.4753575325012207, 0.29445791244506836, 0.2551279067993164, 0.901287317276001]",El tren llegó puntual a la estación bajo la lluvia.,10,2,0,1
0,no,NO,E,1,1,81,no,no,Carlos tardó mucho en hacer el asalto.,"[0.5611920356750488, 0.31885838508605957, 0.18423986434936523, 0.14944028854370117, 0.45009422302246094, 0.16739892959594727, 0.3070807456970215, 0.345430850982666, 0.3633236885070801, 1.4795105457305908]",Carlos asaltó la camioneta en el barrio en pocos instantes.,10,5,0,1
0,no,NO,E,1,34,82,no,no,Carmen vio una representación teatral.,"[0.4970879554748535, 0.3173713684082031, 0.1877429485321045, 0.22920656204223633, 0.18996977806091309, 0.5036220550537109, 0.31240344047546387, 0.20867347717285156, 0.714911937713623, 0.503169059753418, 0.45992112159729004]",Carmen odió a la vendedora en el cine durante la película.,10,0,0,1
0,no,0,0,0,40,83,no,no,0,"[0.5262281894683838, 0.36335253715515137, 0.3861982822418213, 0.4562983512878418, 0.34535932540893555, 0.3326456546783447, 0.2803318500518799, 0.5776479244232178, 0.2664792537689209, 0.33759117126464844]",Adrián percibió una mujer detrás de él durante algunos minutos.,10,4,0,1
0,no,NO,E,1,100,84,no,no,El autobus llegó puntual.,"[0.4861757755279541, 0.5577130317687988, 0.36783814430236816, 0.4433727264404297, 0.3084530830383301, 0.38288402557373047, 0.289203405380249, 0.2936689853668213, 0.43785524368286133, 0.35195159912109375, 0.4213449954986572]",El autobús llegó con retraso a la parada equivocada del centro.,10,1,0,1
0,no,0,0,0,101,85,no,no,0,"[0.5603134632110596, 0.3115365505218506, 0.31280016899108887, 0.30745720863342285, 0.34885334968566895, 0.4745769500732422, 0.5114352703094482, 0.291395902633667, 1.0034739971160889]",Marta baila salsa con entusiasmo en las fiesta grandes.,10,2,0,1
0,no,0,0,0,101,86,no,no,0,"[0.5393574237823486, 0.41076016426086426, 0.36266064643859863, 0.32431674003601074, 0.37258434295654297, 0.3760828971862793, 0.35449671745300293, 0.9224691390991211]",Salimos temprano para evitar el tráfico la carretera.,10,2,0,1
0,no,NO,E,1,25,87,no,no,Pedro observó durante unos minutos.,"[0.7067735195159912, 0.49598264694213867, 0.3805687427520752, 0.5864765644073486, 0.3648722171783447, 0.3032863140106201, 0.5708191394805908, 0.9510257244110107, 0.4891171455383301, 0.6447668075561523]",Pedro observó una secretaria en la oficina durante una hora.,10,4,0,1
0,no,0,0,0,101,88,no,no,0,"[0.45606184005737305, 0.3991372585296631, 0.2819061279296875, 0.25067996978759766, 0.24947261810302734, 0.25835108757019043, 0.22753620147705078, 0.3529539108276367, 0.33026957511901855, 0.3084068298339844]",Laura mostró las fotos a sus amigas en la parque.,10,0,0,1
0,no,0,0,0,21,89,no,no,0,"[0.43975210189819336, 0.4287889003753662, 0.7086994647979736, 0.6986696720123291, 0.4018700122833252, 0.23594188690185547, 0.4351794719696045, 0.41748547554016113, 0.3886709213256836, 0.29796791076660156]",Hugo apaleó una rebelde en la calle durante varios minutos.,10,4,0,1
0,no,SI,A,1,27,90,no,no,Felipe es presentador de teatro.,"[0.43488597869873047, 0.4579758644104004, 0.3234546184539795, 0.30028700828552246, 0.6432983875274658, 0.22957372665405273, 0.2716042995452881, 0.3963010311126709, 0.31972479820251465, 0.2282874584197998, 0.5787696838378906]",Felipe anunció a una cantante en el escenario en cinco minutos.,10,1,0,1
0,no,NO,E,1,101,91,no,no,El avión despegó con retraso.,"[0.3529047966003418, 0.338864803314209, 0.20473337173461914, 0.19692063331604004, 0.5109958648681641, 0.273730993270874, 0.24548792839050293, 0.4116837978363037, 0.5512282848358154, 0.20145368576049805]",El avión despegó puntualmente a la siete de la mañana.,10,1,0,1
0,no,SI,A,1,100,92,no,no,La cena se preparó en casa.,"[0.3511040210723877, 0.264007568359375, 0.28940916061401367, 0.3656129837036133, 0.2718057632446289, 0.27966833114624023, 0.2725377082824707, 0.2756633758544922, 0.34305691719055176, 0.2966446876525879, 1.022031545639038]",Mi madre preparó la cena a toda la familia en casa.,10,0,0,1
0,no,0,0,0,101,93,no,no,0,"[0.6241376399993896, 0.33309149742126465, 0.2882118225097656, 0.44190120697021484, 0.517946720123291, 0.26150059700012207, 0.2645707130432129, 0.21848130226135254, 0.583641529083252, 0.4113457202911377]",El perro ladran fuerte cada vez que pasa un coche.,10,2,0,1
0,no,SI,A,1,100,94,no,no,Laura se fue a Inglaterra.,"[0.5358331203460693, 0.33806729316711426, 0.24818921089172363, 0.33115506172180176, 0.48540639877319336, 0.29508280754089355, 0.45669102668762207, 0.385439395904541, 0.42787647247314453, 0.2613685131072998]",Laura se fue de vacaciones a Londres la semana pasada.,10,1,0,1
0,no,SI,A,1,100,95,no,no,El gato está sobre la manta cerca del sofá.,"[0.41730523109436035, 0.43704676628112793, 0.371600866317749, 0.4128232002258301, 0.35582733154296875, 0.367323637008667, 0.35311412811279297, 0.42406487464904785, 0.42470288276672363, 0.7102518081665039]",El gato duerme tranquilo sobre la manta cerca del sofá.,10,2,0,1
0,no,NO,E,1,100,96,no,no,Lucía y su compañero estaban en el salón.,"[0.9363510608673096, 0.402055025100708, 0.28253722190856934, 0.24661707878112793, 0.2475736141204834, 0.23797273635864258, 0.20823049545288086, 0.2829122543334961, 0.1945939064025879, 0.29511141777038574]",Lucía ofreció un café a su compañero en la cocina.,10,0,0,1
0,no,0,0,0,20,97,no,no,0,"[0.7630856037139893, 0.6338965892791748, 0.2500731945037842, 0.5461490154266357, 0.2831130027770996, 0.23780345916748047, 0.296245813369751, 0.2333662509918213, 0.4129295349121094, 0.369823694229126]",Claudia maltrató la compañera en la casa durante varios años.,10,3,0,1
0,no,SI,A,1,22,98,no,no,Hubo un asedio en la región.,"[0.4718179702758789, 0.37225937843322754, 0.820366382598877, 0.29000043869018555, 0.6290972232818604, 0.2854022979736328, 0.2797417640686035, 0.2536659240722656, 0.37473368644714355, 0.3759133815765381, 0.40491747856140137]",Carla asedió a una contrincante en la región durante bastante tiempo.,10,1,0,1
0,no,SI,A,1,8,99,no,no,Helena estaba en el patio.,"[0.6720235347747803, 0.3131551742553711, 0.3948030471801758, 0.2374858856201172, 0.50075364112854, 0.2818002700805664, 0.16845417022705078, 0.5887429714202881, 0.2975027561187744, 0.2631247043609619, 0.4501185417175293]",Helena colgó a la criminal en el patio en cinco minutos.,10,0,0,1
0,no,0,0,0,100,100,no,no,0,"[0.44838738441467285, 0.31882452964782715, 0.3599545955657959, 0.3878040313720703, 0.22764277458190918, 0.6841509342193604, 0.3468666076660156, 0.2812788486480713, 0.22884082794189453, 0.2903478145599365]",El anciano hablaba a solas consigo mismo en el jardín.,10,1,0,1
0,no,0,0,0,100,101,no,no,0,"[0.48170948028564453, 0.3260056972503662, 0.24743223190307617, 0.24896669387817383, 0.30574846267700195, 0.2651958465576172, 0.23294353485107422, 0.27030348777770996, 0.32102084159851074, 0.40450596809387207, 0.4840090274810791]",Mi hermano vendió su coche a un amigo de la universidad.,10,0,0,1
0,no,NO,E,1,46,102,no,no,Alejandro estaba en el centro comercial.,"[0.40941452980041504, 0.4687190055847168, 0.4152262210845947, 0.2193160057067871, 0.37793731689453125, 0.2167520523071289, 0.3556852340698242, 0.3068530559539795, 0.32216310501098633, 0.33611464500427246]",Alejandro identificó la amenaza en el aeropuerto en dos horas.,10,5,0,1
0,no,0,0,0,100,103,no,no,0,"[0.4124748706817627, 0.23182964324951172, 0.9085569381713867, 0.3570570945739746, 0.7580838203430176, 0.43259716033935547, 0.41006040573120117, 0.3818340301513672, 0.39136767387390137, 0.33879590034484863, 0.40743088722229004]",Me encontré inesperadamente a Paula en el tren de las siete.,10,1,0,1
0,no,NO,A,1,101,104,no,no,Luis envió un paquete a su hermano.,"[0.39501333236694336, 0.36555957794189453, 0.39011645317077637, 0.3971438407897949, 0.35933852195739746, 0.3639183044433594, 0.3483445644378662, 0.37845683097839355, 0.676572322845459]",Luis envíe un paquete a su primo en Alemania.,10,0,0,1
0,no,SI,A,1,100,105,no,no,Ana estaba en la biblioteca.,"[0.4222393035888672, 0.4816105365753174, 0.36982154846191406, 0.2330183982849121, 0.3707559108734131, 0.2342815399169922, 0.249098539352417, 0.37626123428344727, 0.30950355529785156, 0.4379749298095703]",Nos encontramos con Ana después de clase en la biblioteca.,10,2,0,1
3,no,0,0,0,100,0,yes,yes,0,0,El ladrón escapó a toda prisa por la puerta trasera.,10,1,0,1
4,no,NO,0,1,100,1,yes,yes,Llegaron a la universidad cuando ya estaba cerrada.,0,Los estudiantes llegaron a la universidad antes de que cerrara.,10,1,0,1
3,no,0,0,0,100,2,yes,yes,0,0,La conferencia empezará con puntualidad a las diez y media.,10,1,0,1
1,no,0,0,0,100,3,yes,yes,0,0,Los niños corrieron a la plaza con sus amigos.,10,1,0,1
0,no,NO,0,1,16,0,yes,no,La guerra duró más de dos años.,0,Valentina venció la resistencia en la guerra en dos años.,10,5,0,1
3,no,SI,0,1,39,1,yes,no,Valeria fue a un concierto.,0,Valeria admiró la escenografía en el teatro durante el concierto.,10,5,0,1
0,no,0,0,0,19,2,yes,no,0,0,Lucas arrastró la carreta en la calle por un tiempo.,10,5,0,1
1,no,NO,0,1,46,3,yes,no,Alejandro estaba en el centro comercial.,0,Alejandro identificó la amenaza en el aeropuerto en dos horas.,10,5,0,1
2,no,0,0,0,29,4,yes,no,0,0,Alfonso miró a la estrella en la colina durante dos horas.,10,2,0,1
0,no,SI,0,1,0,5,yes,no,La acción tuvo lugar en la calle.,0,Juan golpeó una actriz en la calle en diez segundos.,10,4,0,1
1,no,0,0,0,17,6,yes,no,0,0,Luis zarandeó la mujer en la casa durante algunos minutos.,10,3,0,1
0,no,NO,0,1,2,7,yes,no,La acción tuvo lugar en el parque.,0,Simón pateó la jugadora en la cancha en un instante.,10,3,0,1
0,no,0,0,0,43,8,yes,no,0,0,Sofía conoció a una chica en el colegio en dos días.,10,1,0,1
0,no,0,0,0,40,9,yes,no,0,0,Adrián percibió la mujer detrás de él durante algunos minutos.,10,3,0,1
1,no,NO,0,1,25,10,yes,no,Pedro observó durante unos minutos.,0,Pedro observó a la secretaria en la oficina durante una hora.,10,0,0,1
2,no,NO,0,1,12,11,yes,no,El combate duró varias horas.,0,Paula abatió la contrincante en el ring en pocos minutos.,10,3,0,1
2,no,0,0,0,47,12,yes,no,0,0,Marta descartó a una aspirante en la selección en un día.,10,1,0,1
4,no,0,0,0,30,13,yes,no,0,0,Carlos esperó a la furgoneta en la esquina durante una hora.,10,2,0,1
2,no,SI,0,1,27,14,yes,no,Felipe es presentador de teatro.,0,Felipe anunció a una cantante en el escenario en cinco minutos.,10,1,0,1
1,no,0,0,0,49,15,yes,no,0,0,Alba mencionó una actriz en el teatro tras varios minutos.,10,4,0,1
1,no,0,0,0,10,16,yes,no,0,0,Mateo eliminó una rehén en el banco en pocos segundos.,10,4,0,1
2,no,0,0,0,20,17,yes,no,0,0,Claudia maltrató a la compañera en la casa durante varios años.,10,0,0,1
3,no,0,0,0,21,18,yes,no,0,0,Hugo apaleó la muñeca en la calle durante varios minutos.,10,5,0,1
0,no,0,0,0,24,19,yes,no,0,0,Coral guió a la decisión en el palacio en una hora.,10,2,0,1
0,no,0,0,0,13,20,yes,no,0,0,Martina atropelló a la anciana en el aparcamiento en pocos minutos.,10,0,0,1
1,no,SI,0,1,14,21,yes,no,Helena estaba en un campo de fútbol.,0,Helena derribó la barrera en el campo durante el partido.,10,5,0,1
1,no,NO,0,1,1,22,yes,no,Carlos tardó mucho en hacer el asalto.,0,Carlos asaltó a una conductora en el barrio en pocos instantes.,10,1,0,1
2,no,SI,0,1,28,23,yes,no,Anna estaba en la escuela.,0,Anna comprendió a la tarea en la escuela en dos minutos.,10,2,0,1
1,no,NO,0,1,6,24,yes,no,El beso tuvo lugar en un museo.,0,Francisco besó a una novia en la iglesia durante unos segundos.,10,1,0,1
3,no,NO,0,1,18,25,yes,no,María iba en bicicleta.,0,María transportó una mochilera en la furgoneta durante un día.,10,4,0,1
2,no,0,0,0,38,26,yes,no,0,0,Unai amó la jovencita en su pueblo durante varios años.,10,3,0,1
1,no,0,0,0,36,27,yes,no,0,0,Irene oyó la niña en la sala durante una noche.,10,3,0,1
1,no,0,0,0,26,28,yes,no,0,0,Juan escuchó la alarma en el balcón durante una noche.,10,5,0,1
1,no,SI,0,1,15,29,yes,no,Lucia estaba en un bar.,0,Lucía destrozó a la mesa en el bar en diez minutos.,10,2,0,1
1,no,0,0,0,7,30,yes,no,0,0,Tomás empujó una vieja a la puerta en pocos segundos.,10,4,0,1
3,no,0,0,0,42,31,yes,no,0,0,Ismael encontró a la conocida en la carretera en pocas horas.,10,0,0,1
0,no,0,0,0,5,32,yes,no,0,0,Manuel abrazó a la señora en el parque en pocos instantes.,10,0,0,1
4,no,SI,0,1,41,33,yes,no,Emma pasó semanas investigando.,0,Emma investigó a una empresaria en la ciudad durante varias semanas.,10,1,0,1
2,no,SI,0,1,9,34,yes,no,Había fuego en la plaza.,0,Carlos quemó una bruja en la plaza en pocos minutos.,10,4,0,1
3,no,0,0,0,35,35,yes,no,0,0,Carlos vigiló la operación en la habitación durante unas horas.,10,5,0,1
4,no,SI,0,1,37,36,yes,no,Isabel miraba por la ventana.,0,Isabel vió a la tormenta desde su ventana durante una mañana.,10,2,0,1
3,no,0,0,0,45,37,yes,no,0,0,Gabriela localizó la amiga en la ciudad en dos minutos.,10,3,0,1
2,no,SI,0,1,32,38,yes,no,Martin estaba en el hospital.,0,Martín buscó la médica en el hospital durante dos horas.,10,3,0,1
4,no,0,0,0,11,39,yes,no,0,0,Valeria neutralizó una criminal en la frontera en cinco minutos.,10,4,0,1
1,no,0,0,0,23,40,yes,no,0,0,Daniel remolcó a la enferma en la calle durante algunos minutos.,10,0,0,1
4,no,SI,0,1,3,41,yes,no,Lo que Pedro hizo fue un secuestro.,0,Pablo secuestró una turista en el aeropuerto durante una hora.,10,4,0,1
1,no,0,0,0,33,42,yes,no,0,0,Marco imaginó a la fiesta en la playa durante dos minutos.,10,2,0,1
3,no,0,0,0,44,43,yes,no,0,0,Martín detectó a la intrusa en el hospital en dos minutos.,10,0,0,1
2,no,0,0,0,4,44,yes,no,0,0,Jorge arrolló la valla en la calle en un segundo.,10,5,0,1
2,no,SI,0,1,22,45,yes,no,Hubo un asedio en la región.,0,Carla asedió a una contrincante en la región durante bastante tiempo.,10,1,0,1
3,no,SI,0,1,8,46,yes,no,Helena estaba en el patio.,0,Helena colgó a la criminal en el patio en cinco minutos.,10,0,0,1
4,no,0,0,0,48,47,yes,no,0,0,Samuel descubrió a la infiltrada en el museo en pocas horas.,10,0,0,1
1,no,NO,0,1,34,48,yes,no,Carmen vio una representación teatral.,0,Carmen odió a una vendedora en el cine durante la película.,10,1,0,1
1,no,NO,0,1,31,49,yes,no,Miguel tuvo que esperar una semana.,0,Miguel recibió a la caja en la casa en un día.,10,2,0,1
4,yes,NO,0,1,31,0,yes,no,Miguel tuvo que esperar una semana.,0,Lo que Juan le hizo a la actriz fue golpearla.,10,6,0,1
4,yes,NO,0,1,31,1,yes,no,Miguel tuvo que esperar una semana.,0,Lo que Helena hizo a la futbolista fue derribarla.,10,6,0,1
1,yes,NO,0,1,31,2,yes,no,Miguel tuvo que esperar una semana.,0,Lo que Isabel hizo a la estudiante fue verla.,10,6,0,1
2,yes,NO,0,1,31,3,yes,no,Miguel tuvo que esperar una semana.,0,Lo que Emma hizo a la empresaria fue investigarla.,10,6,0,1
1,yes,NO,0,1,31,4,yes,no,Miguel tuvo que esperar una semana.,0,Lo que Alejandro hizo a la agresora fue identificarla.,10,6,0,1
2,yes,NO,0,1,31,5,yes,no,Miguel tuvo que esperar una semana.,0,Lo que Samuel hizo a la infiltrada fue descubrirla.,10,6,0,1
2,yes,NO,0,1,31,6,yes,no,Miguel tuvo que esperar una semana.,0,Lo que Simón le hizo a la jugadora fue patearla.,10,6,0,1
2,yes,NO,0,1,31,7,yes,no,Miguel tuvo que esperar una semana.,0,Lo que Helena hizo a la criminal fue colgarla.,10,6,0,1
4,yes,NO,0,1,31,8,yes,no,Miguel tuvo que esperar una semana.,0,Lo que Claudia hizo a la compañera fue maltratarla.,10,6,0,1
2,yes,NO,0,1,31,9,yes,no,Miguel tuvo que esperar una semana.,0,Lo que Adrián hizo a la mujer fue percibirla.,10,6,0,1
3,yes,NO,0,1,31,10,yes,no,Miguel tuvo que esperar una semana.,0,Lo que Francisco hizo a la novia fue besarla.,10,6,0,1
4,yes,NO,0,1,31,11,yes,no,Miguel tuvo que esperar una semana.,0,Lo que Carlos hizo a la bruja fue quemarla.,10,6,0,1
1,yes,NO,0,1,31,12,yes,no,Miguel tuvo que esperar una semana.,0,Lo que Sofía hizo a la chica fue conocerla.,10,6,0,1
4,yes,NO,0,1,31,13,yes,no,Miguel tuvo que esperar una semana.,0,Lo que Lucía hizo a la oponente fue destrozarla.,10,6,0,1
3,yes,NO,0,1,31,14,yes,no,Miguel tuvo que esperar una semana.,0,Lo que Carlos hizo a la niña fue vigilarla.,10,6,0,1
1,yes,NO,0,1,31,15,yes,no,Miguel tuvo que esperar una semana.,0,Lo que Ismael hizo a la conocida fue encontrarla.,10,6,0,1
1,yes,NO,0,1,31,16,yes,no,Miguel tuvo que esperar una semana.,0,Lo que Carlos hizo a la profesora fue esperarla.,10,6,0,1
1,yes,NO,0,1,31,17,yes,no,Miguel tuvo que esperar una semana.,0,Lo que Anna hizo a la maestra fue comprenderla.,10,6,0,1
4,yes,NO,0,1,31,18,yes,no,Miguel tuvo que esperar una semana.,0,Lo que Carla hizo a la contrincante fue asediarla.,10,6,0,1
3,yes,NO,0,1,31,19,yes,no,Miguel tuvo que esperar una semana.,0,Lo que Jorge hizo a la ciclista fue arrollarla.,10,6,0,1
0,no,0,0,0,100,0,no,yes,0,"[3.1036736965179443, 0.8212039470672607, 0.9141805171966553, 0.638472318649292, 0.6945767402648926, 0.6069531440734863, 0.5017609596252441, 0.5248596668243408, 0.782907247543335]",Los niños corrieron a la plaza con sus amigos.,11,1,0,0
0,no,NO,E,1,100,1,no,yes,Llegaron a la universidad cuando ya estaba cerrada.,"[0.883359432220459, 0.7474453449249268, 0.6394169330596924, 0.4901583194732666, 0.5647492408752441, 0.7955727577209473, 0.3762497901916504, 0.37912797927856445, 0.7624847888946533, 0.48059797286987305]",Los estudiantes llegaron a la universidad antes de que cerrara.,11,1,0,0
0,no,0,0,0,100,2,no,yes,0,"[0.5526299476623535, 0.398787260055542, 0.45191264152526855, 0.42614173889160156, 0.4769318103790283, 1.0027763843536377, 0.34500861167907715, 0.32523655891418457, 1.1684050559997559, 1.1313650608062744]",El ladrón escapó a toda prisa por la puerta trasera.,11,1,0,0
0,no,0,0,0,100,3,no,yes,0,"[0.5597739219665527, 0.987994909286499, 0.5413024425506592, 0.4304695129394531, 0.7648932933807373, 0.300213098526001, 0.5697588920593262, 0.48586249351501465, 0.34370851516723633, 0.550565242767334]",La conferencia empezará con puntualidad a las diez y media.,11,1,0,0
0,no,SI,A,1,100,0,no,no,Ana estaba en la biblioteca.,"[1.1292634010314941, 0.5395328998565674, 0.9008204936981201, 0.41745686531066895, 0.38272571563720703, 0.3281254768371582, 0.6334433555603027, 0.285144567489624, 0.43352699279785156, 0.6041059494018555]",Nos encontramos con Ana después de clase en la biblioteca.,11,2,0,0
0,no,0,0,0,101,1,no,no,0,"[0.43270039558410645, 0.29653453826904297, 0.5437097549438477, 1.1516058444976807, 0.2902350425720215, 0.5709879398345947, 0.4333953857421875, 0.33393430709838867, 0.3041646480560303, 1.4995002746582031]",Mi primo viaja sola por Europa durante el verano próximo.,11,2,0,0
0,no,0,0,0,100,2,no,no,0,"[0.4706754684448242, 0.6437909603118896, 0.32889342308044434, 1.0668587684631348, 0.5399136543273926, 0.3192715644836426, 0.45624876022338867, 0.37599873542785645, 0.3716611862182617, 0.3836703300476074, 1.113863468170166]",Me encontré inesperadamente a Paula en el tren de las siete.,11,1,0,0
0,no,0,0,0,36,3,no,no,0,"[0.8305273056030273, 0.5310614109039307, 0.4248051643371582, 1.1854019165039062, 0.4870262145996094, 0.382296085357666, 0.5645689964294434, 0.359682559967041, 0.6159300804138184, 0.3936493396759033]",Irene oyó la niña en la sala durante una noche.,11,3,0,0
0,no,0,0,0,101,4,no,no,0,"[0.7233798503875732, 0.628197431564331, 0.6545929908752441, 0.36696624755859375, 0.6006438732147217, 0.45866870880126953, 0.3638031482696533, 0.33841586112976074, 0.9729921817779541]",Marta baila salsa con entusiasmo en las fiesta grandes.,11,2,0,0
0,no,NO,E,1,101,5,no,no,El avión despegó con retraso.,"[0.5250890254974365, 0.8507175445556641, 0.8432736396789551, 0.783104419708252, 0.3922438621520996, 0.29990148544311523, 0.635108232498169, 0.39185333251953125, 0.35329270362854004, 0.43023109436035156]",El avión despegó puntualmente a la siete de la mañana.,11,1,0,0
0,no,SI,A,1,100,6,no,no,Ellos corren en el centro.,"[0.5931262969970703, 0.5749185085296631, 0.33722662925720215, 0.5622038841247559, 0.5249061584472656, 0.3573954105377197, 0.32550978660583496, 0.5360527038574219, 0.3463420867919922, 0.41611146926879883]",Ellos corren todas las mañanas por el parque del centro.,11,2,0,0
0,no,0,0,0,40,7,no,no,0,"[0.4781181812286377, 0.5658032894134521, 0.413346529006958, 0.5580017566680908, 0.5244870185852051, 0.356309175491333, 0.35491156578063965, 0.48702096939086914, 0.3874819278717041, 0.7460131645202637]",Adrián percibió la mujer detrás de él durante algunos minutos.,11,3,0,0
0,no,0,0,0,49,8,no,no,0,"[0.5489902496337891, 0.6731011867523193, 0.651209831237793, 0.6135213375091553, 0.38988685607910156, 0.3479886054992676, 0.5958042144775391, 0.4526398181915283, 0.44858479499816895, 0.4353466033935547]",Alba mencionó una actriz en el teatro tras varios minutos.,11,4,0,0
0,no,0,0,0,24,9,no,no,0,"[0.5755555629730225, 0.8750355243682861, 0.7749621868133545, 0.7828285694122314, 0.6179757118225098, 0.6109256744384766, 0.7992672920227051, 0.4401721954345703, 0.3812391757965088, 0.37466001510620117, 0.9796857833862305]",Coral guió a una turista en el palacio en una hora.,11,1,0,0
0,no,0,0,0,48,10,no,no,0,"[0.6085014343261719, 0.703923225402832, 0.3578836917877197, 0.3992776870727539, 1.0856363773345947, 0.28069210052490234, 0.2881898880004883, 0.5013604164123535, 0.3515467643737793, 0.516836404800415, 1.5722270011901855]",Samuel descubrió a la infiltrada en el museo en pocas horas.,11,0,0,0
0,no,SI,A,1,101,11,no,no,Ayer estudiaron matemáticas.,"[0.4638030529022217, 0.3425881862640381, 0.6809167861938477, 0.30156874656677246, 1.1970770359039307, 1.2267930507659912, 0.268937349319458, 0.29023313522338867, 0.3002901077270508, 0.4866623878479004]",Nos sentamos juntos para estudiando matemáticas toda la tarde ayer.,11,2,0,0
0,no,NO,E,1,100,12,no,no,Lucía y su compañero estaban en el salón.,"[0.44849324226379395, 0.290865421295166, 0.3812901973724365, 0.47527098655700684, 0.32256340980529785, 0.4873504638671875, 0.3634169101715088, 0.33822154998779297, 0.32268786430358887, 0.7777905464172363]",Lucía ofreció un café a su compañero en la cocina.,11,0,0,0
0,no,0,0,0,38,13,no,no,0,"[0.42166805267333984, 0.5539548397064209, 0.3543987274169922, 0.3382298946380615, 0.5063502788543701, 0.4537980556488037, 0.33872175216674805, 0.4184548854827881, 0.34337377548217773, 0.37501025199890137, 1.723512887954712]",Unai amó a la vida en su pueblo durante varios años.,11,2,0,0
0,no,0,0,0,7,14,no,no,0,"[0.4711332321166992, 0.4360084533691406, 0.3833761215209961, 0.3578031063079834, 0.8016026020050049, 0.403003454208374, 0.4031057357788086, 0.5334022045135498, 0.33844780921936035, 0.38489460945129395, 2.196641683578491]",Tomás empujó a la vieja a la puerta en pocos segundos.,11,0,0,0
0,no,0,0,0,100,15,no,no,0,"[0.5054771900177002, 2.5771217346191406, 1.0046148300170898, 0.34056782722473145, 0.6985926628112793, 0.31945204734802246, 0.5870318412780762, 0.6400136947631836, 0.3480825424194336, 0.34040236473083496, 1.2805051803588867]",El jefe asignó una tarea a cada empleado en la reunión.,11,0,0,0
0,no,0,0,0,100,16,no,no,0,"[0.421344518661499, 0.31221437454223633, 0.553877592086792, 0.4149961471557617, 0.43667149543762207, 0.41152095794677734, 0.6855330467224121, 0.3262176513671875, 0.32869505882263184, 0.3347764015197754]",Los pájaros vuelan alto sobre los árboles en primavera alegre.,11,2,0,0
0,no,0,0,0,100,17,no,no,0,"[0.41944241523742676, 1.0473711490631104, 0.30600571632385254, 0.42943596839904785, 0.5911641120910645, 0.3322257995605469, 0.30259203910827637, 0.3174912929534912, 0.25779223442077637, 0.5169260501861572]",El mensajero entregó el paquete a Marta en su casa.,11,0,0,0
0,no,SI,A,1,101,18,no,no,El camarero sonrió.,"[0.4117560386657715, 0.7421696186065674, 0.29953885078430176, 0.317493200302124, 1.2226858139038086, 0.3014559745788574, 0.3501403331756592, 0.44007158279418945, 0.33068013191223145, 0.2865791320800781, 0.7997310161590576]",El camarero trajo el cuenta a los clientes con una sonrisa.,11,0,0,0
0,no,SI,A,1,15,19,no,no,Lucia estuvo en una pelea de bar.,"[0.48877716064453125, 0.603907585144043, 0.2949037551879883, 0.27480626106262207, 0.5675926208496094, 0.3308401107788086, 0.2922344207763672, 0.4191453456878662, 0.348876953125, 0.3855164051055908, 0.7536952495574951]",Lucía destrozó a una oponente en el bar en diez minutos.,11,1,0,0
0,no,NO,E,1,101,20,no,no,LLegaron a casa después del aconecher.,"[0.41652655601501465, 0.356281042098999, 0.4373190402984619, 0.32613563537597656, 0.6026790142059326, 0.3395678997039795, 0.4327056407928467, 0.34115099906921387, 0.3755166530609131, 0.4815244674682617]",Los campesinos llegaron cansado a casa justo antes del anochecer.,11,1,0,0
0,no,0,0,0,23,21,no,no,0,"[0.7414612770080566, 0.5276379585266113, 0.3943061828613281, 0.4169435501098633, 0.6128520965576172, 0.4591100215911865, 0.29876041412353516, 0.40371155738830566, 0.3344244956970215, 0.5828320980072021]",Daniel remolcó una enferma en la calle durante algunos minutos.,11,4,0,0
0,no,NO,E,1,100,22,no,no,Ayer fueron al teatro.,"[0.4393305778503418, 0.6421129703521729, 0.41907215118408203, 0.4591178894042969, 0.447338342666626, 0.5698080062866211, 0.3884854316711426, 0.6706633567810059, 3.301271438598633]",Ayer fueron al cine a ver una película divertida.,11,2,0,0
0,no,0,0,0,100,23,no,no,0,"[0.5064671039581299, 0.3357889652252197, 0.41283726692199707, 0.3822364807128906, 0.5836505889892578, 0.28263187408447266, 0.2777984142303467, 0.5606420040130615, 0.28963565826416016, 1.2893826961517334]",El avión aterrizó sin problemas en el aeropuerto de Madrid.,11,2,0,0
0,no,0,0,0,100,24,no,no,0,"[0.5697195529937744, 0.42958736419677734, 0.3746910095214844, 0.47794508934020996, 0.49221301078796387, 0.3755214214324951, 0.3599388599395752, 0.3643789291381836, 0.3322489261627197, 0.7111830711364746]",Julia pasó la sal a su madre durante la cena.,11,0,0,0
0,no,0,0,0,30,25,no,no,0,"[0.5529334545135498, 0.328080415725708, 0.28962111473083496, 0.5099046230316162, 0.3463022708892822, 0.3035542964935303, 0.3505527973175049, 0.3915410041809082, 0.3301084041595459, 0.7072620391845703]",Carlos esperó la furgoneta en la esquina durante una hora.,11,5,0,0
0,no,NO,E,1,6,26,no,no,El beso tuvo lugar en un museo.,"[0.4840993881225586, 0.6761379241943359, 0.33527302742004395, 0.32979702949523926, 0.3550879955291748, 0.3686394691467285, 0.3878293037414551, 0.4383671283721924, 0.34685564041137695, 0.328873872756958, 0.4024038314819336]",Francisco besó a la cruz en la iglesia durante unos segundos.,11,2,0,0
0,no,SI,A,1,14,27,no,no,Helena estaba jugando un partido de fútbol.,"[0.5353655815124512, 0.5413820743560791, 0.4399590492248535, 0.3346395492553711, 0.9834508895874023, 0.30536603927612305, 0.3628571033477783, 0.4221935272216797, 0.3399386405944824, 0.31914186477661133, 1.3525798320770264]",Helena derribó a una futbolista en el campo durante el partido.,11,1,0,0
0,no,SI,A,1,100,28,no,no,Laura se fue a Inglaterra.,"[0.555476188659668, 0.31420278549194336, 0.2776329517364502, 0.30413818359375, 0.5016708374023438, 0.33025383949279785, 0.3113667964935303, 0.3793449401855469, 0.397327184677124, 0.4428064823150635]",Laura se fue de vacaciones a Londres la semana pasada.,11,1,0,0
0,no,0,0,0,43,29,no,no,0,"[0.4972527027130127, 0.6488926410675049, 0.7946441173553467, 0.4088718891143799, 0.35727596282958984, 0.4934852123260498, 0.33227086067199707, 0.3898625373840332, 0.32894110679626465, 1.0488197803497314]",Sofía conoció la verdad en el colegio en dos días.,11,5,0,0
0,no,SI,E,1,27,30,no,no,Felipe es presentador de teatro.,"[0.48650431632995605, 0.4026780128479004, 0.4151608943939209, 0.7120678424835205, 0.5673849582672119, 0.3028750419616699, 0.3863248825073242, 0.3695821762084961, 0.3621988296508789, 0.616096019744873]",Felipe anunció la cantante en el escenario en cinco minutos.,11,3,0,0
0,no,NO,E,1,1,31,no,no,Carlos tardó mucho en hacer el asalto.,"[0.5126934051513672, 0.4604678153991699, 0.4433109760284424, 0.41870880126953125, 0.7252354621887207, 0.299297571182251, 1.3699421882629395, 0.24140357971191406, 0.3492014408111572, 0.34395670890808105]",Carlos asaltó la camioneta en el barrio en pocos instantes.,11,5,0,0
0,no,NO,E,1,18,32,no,no,María iba en bicicleta.,"[0.4785149097442627, 0.38025808334350586, 0.33620786666870117, 0.3647444248199463, 0.3241236209869385, 0.4891998767852783, 0.4233684539794922, 0.30460453033447266, 0.33731842041015625, 0.7730362415313721]",María transportó la guitarra en la furgoneta durante un día.,11,5,0,0
0,no,0,0,0,101,33,no,no,0,"[0.44210219383239746, 0.2802748680114746, 0.31893157958984375, 0.2938511371612549, 0.3036947250366211, 0.7103068828582764, 0.3039398193359375, 0.3879995346069336, 0.8134176731109619]",Pedro devolvió el libro la biblioteca el lunes pasado.,11,0,0,0
0,no,0,0,0,100,34,no,no,0,"[0.4569404125213623, 0.30414247512817383, 0.36099910736083984, 0.31999945640563965, 0.33299922943115234, 0.29773545265197754, 0.28499937057495117, 0.45000219345092773, 0.27299952507019043, 0.38499927520751953]",Rosa recomendó un libro a su colega durante el almuerzo.,11,0,0,0
0,no,0,0,0,101,35,no,no,0,"[0.5240516662597656, 0.34518980979919434, 0.306851863861084, 0.4901118278503418, 0.31487274169921875, 0.34483766555786133, 0.4308812618255615, 0.4001600742340088, 1.0236454010009766, 1.2880065441131592]",El jefe convocó urgentemente a reunión a todos el empleados.,11,1,0,0
0,no,0,0,0,100,36,no,no,0,"[0.38303232192993164, 0.3376774787902832, 0.34599947929382324, 0.33646321296691895, 0.3330097198486328, 0.32506418228149414, 0.2818310260772705, 0.3432900905609131, 0.28470635414123535, 0.34999990463256836, 0.3375697135925293]",Mi hermano vendió su coche a un amigo de la universidad.,11,0,0,0
0,no,0,0,0,101,37,no,no,0,"[0.34949707984924316, 0.275132417678833, 0.3099958896636963, 0.30907583236694336, 0.303466796875, 0.31905651092529297, 0.32489514350891113, 0.32770586013793945, 0.3609962463378906, 0.6012470722198486]",Jorge compró un regalo su novia en el centro comercial.,11,0,0,0
0,no,NO,E,1,100,38,no,no,Viajan a Argentina cada invierno.,"[0.38478875160217285, 0.3014976978302002, 0.3071756362915039, 0.34421539306640625, 0.3731265068054199, 0.33034706115722656, 0.32346582412719727, 0.5451557636260986, 0.34607434272766113]",Mis padres viajan en avión a Argentina cada verano.,11,1,0,0
0,no,0,0,0,20,39,no,no,0,"[0.496018648147583, 0.3269989490509033, 0.49155569076538086, 0.3818228244781494, 0.378253698348999, 0.392514705657959, 0.3625211715698242, 0.30289316177368164, 0.35632848739624023, 1.027298927307129]",Claudia maltrató la camiseta en la casa durante varios años.,11,5,0,0
0,no,0,0,0,101,40,no,no,0,"[0.3086533546447754, 0.424999475479126, 0.6029787063598633, 1.2694225311279297, 0.35649919509887695, 0.3980903625488281, 0.33618783950805664, 0.36946845054626465, 0.3393568992614746, 0.6408121585845947]",María se despertó sobresaltado a los gritos de su hermano.,11,1,0,0
0,no,SI,A,1,100,41,no,no,El gato está sobre la manta cerca del sofá.,"[0.4170846939086914, 0.31413817405700684, 0.34436535835266113, 0.42052650451660156, 0.12493610382080078, 0.8527843952178955, 0.49492907524108887, 0.4741654396057129, 0.32210373878479004, 0.49730443954467773]",El gato duerme tranquilo sobre la manta cerca del sofá.,11,2,0,0
0,no,SI,A,1,101,42,no,no,El bebé sonrió a su madre.,"[0.41043639183044434, 0.27359485626220703, 0.2967383861541748, 0.6695690155029297, 0.3082585334777832, 0.3312206268310547, 0.29637908935546875, 0.31581640243530273, 0.32764363288879395, 0.3764984607696533]",El bebé sonreí dulcemente a su madre desde la cuna.,11,1,0,0
0,no,0,0,0,101,43,no,no,0,"[0.40829968452453613, 0.3292686939239502, 0.8779599666595459, 0.28717565536499023, 0.7897298336029053, 0.3465311527252197, 0.338939905166626, 0.4326303005218506]",Salimos temprano para evitar el tráfico la carretera.,11,2,0,0
0,no,NO,E,1,100,44,no,no,El tren llegó con retraso.,"[0.34660983085632324, 0.297349214553833, 0.30321359634399414, 0.30226898193359375, 0.3215601444244385, 0.24888372421264648, 0.3049135208129883, 0.25900912284851074, 0.3120858669281006, 0.4069797992706299]",El tren llegó puntual a la estación bajo la lluvia.,11,2,0,0
0,no,0,0,0,11,45,no,no,0,"[0.3440976142883301, 0.3135993480682373, 0.4132406711578369, 0.32369112968444824, 0.4313473701477051, 0.24265432357788086, 0.29636549949645996, 0.31818461418151855, 0.2985210418701172, 0.3388791084289551]",Valeria neutralizó la criminal en la frontera en cinco minutos.,11,3,0,0
0,no,0,0,0,17,46,no,no,0,"[0.6378524303436279, 0.3481917381286621, 0.47799062728881836, 0.3272395133972168, 0.5760464668273926, 0.31616687774658203, 0.3473522663116455, 0.5089144706726074, 0.36521339416503906, 0.3272247314453125]",Luis zarandeó la mujer en la casa durante algunos minutos.,11,3,0,0
0,no,0,0,0,26,47,no,no,0,"[0.36399078369140625, 0.6013493537902832, 0.34446239471435547, 0.37392759323120117, 0.2964818477630615, 0.9125468730926514, 0.5374844074249268, 0.31809139251708984, 0.41804027557373047, 0.31230950355529785]",Juan escuchó la alarma en el balcón durante una noche.,11,5,0,0
0,no,SI,A,1,9,48,no,no,Había fuego en la plaza.,"[0.4139575958251953, 0.4072237014770508, 0.4342813491821289, 0.3759117126464844, 0.3446497917175293, 0.3289802074432373, 0.48908066749572754, 0.3200080394744873, 0.3855130672454834, 0.32878851890563965]",Carlos quemó la bruja en la plaza en pocos minutos.,11,3,0,0
0,no,0,0,0,100,49,no,no,0,"[0.3657567501068115, 0.3098270893096924, 0.3242473602294922, 0.35005712509155273, 0.40180134773254395, 0.3699204921722412, 0.37685084342956543, 0.316514253616333, 0.28974342346191406, 0.285933256149292]",El anciano hablaba a solas consigo mismo en el jardín.,11,1,0,0
0,no,0,0,0,100,50,no,no,0,"[0.37716126441955566, 0.36544156074523926, 0.307847261428833, 0.33908772468566895, 0.33117008209228516, 0.34476470947265625, 0.3108549118041992, 0.35096263885498047, 0.3231956958770752, 0.4273202419281006]",Vamos caminando todos los días a pie hasta el colegio.,11,1,0,0
0,no,0,0,0,19,51,no,no,0,"[0.3971984386444092, 0.38449931144714355, 0.4244084358215332, 0.4781606197357178, 0.429858922958374, 0.38205718994140625, 0.27787065505981445, 0.33868861198425293, 0.35670971870422363, 0.36429691314697266, 0.8065156936645508]",Lucas arrastró a la carreta en la calle por un tiempo.,11,2,0,0
0,no,0,0,0,44,52,no,no,0,"[0.39870500564575195, 0.35610270500183105, 0.3416917324066162, 0.3381626605987549, 0.35039448738098145, 0.3275876045227051, 0.2915184497833252, 0.3448665142059326, 0.30972886085510254, 0.4353291988372803]",Martín detectó una intrusa en el hospital en dos minutos.,11,4,0,0
0,no,0,0,0,10,53,no,no,0,"[0.4739112854003906, 0.28182387351989746, 0.28493833541870117, 0.2952096462249756, 0.5229074954986572, 0.24874162673950195, 0.3281362056732178, 0.32816553115844727, 0.3155522346496582, 0.3381388187408447]",Mateo eliminó una rehén en el banco en pocos segundos.,11,4,0,0
0,no,NO,E,1,34,54,no,no,Carmen vio una representación teatral.,"[0.3622584342956543, 0.3159756660461426, 0.3267955780029297, 0.31315040588378906, 0.29007935523986816, 0.2820010185241699, 0.29616594314575195, 0.3031456470489502, 0.4458940029144287, 0.6277427673339844]",Carmen odió la música en el cine durante la película.,11,5,0,0
0,no,0,0,0,5,55,no,no,0,"[0.4236013889312744, 0.4108736515045166, 0.31531453132629395, 0.37229442596435547, 0.3376781940460205, 0.2632029056549072, 0.2874264717102051, 0.279979944229126, 0.2792198657989502, 0.2955315113067627, 0.3689415454864502]",Manuel abrazó a una señora en el parque en pocos instantes.,11,1,0,0
0,no,NO,E,1,12,56,no,no,El combate duró varias horas.,"[0.3233811855316162, 0.2467951774597168, 0.39690446853637695, 0.37552762031555176, 0.3101797103881836, 0.32520389556884766, 0.3870840072631836, 0.32393574714660645, 0.2550187110900879, 0.6322281360626221]",Paula abatió la resistencia en el ring en pocos minutos.,11,5,0,0
0,no,SI,A,1,101,57,no,no,Maria y su hermana estaban en la biblioteca.,"[0.28526997566223145, 0.3157076835632324, 0.28759288787841797, 0.28987836837768555, 0.2967069149017334, 0.48932933807373047, 0.27593493461608887, 0.29801511764526367, 0.37544894218444824]",María dio el libro su hermana en la biblioteca.,11,0,0,0
0,no,0,0,0,100,58,no,no,0,"[0.4961700439453125, 0.26853108406066895, 0.2801814079284668, 0.5680217742919922, 0.32598233222961426, 0.3664834499359131, 0.33432817459106445, 0.30785393714904785, 0.3209102153778076, 0.28728461265563965, 0.30303430557250977]",El técnico reparó el ordenador a un cliente en la tienda.,11,0,0,0
0,no,0,0,0,13,59,no,no,0,"[0.3020014762878418, 0.2383863925933838, 0.4115285873413086, 0.24763059616088867, 0.3271050453186035, 0.2932090759277344, 0.28454017639160156, 0.2667727470397949, 0.8043360710144043, 0.27414751052856445, 1.3738198280334473]",Martina atropelló a la anciana en el aparcamiento en pocos minutos.,11,0,0,0
0,no,NO,E,1,16,60,no,no,La guerra duró más de dos años.,"[0.274078369140625, 0.4044666290283203, 0.3241307735443115, 0.30232882499694824, 0.3253743648529053, 0.34916162490844727, 0.2936220169067383, 0.3550238609313965, 0.31538867950439453, 0.28049683570861816, 0.4007840156555176]",Valentina venció a una adversaria en la guerra en dos años.,11,1,0,0
0,no,NO,E,1,100,61,no,no,El autobus llegó puntual.,"[0.3252434730529785, 0.28186464309692383, 0.2718315124511719, 0.2733941078186035, 0.28334999084472656, 0.27904200553894043, 0.2782273292541504, 0.270129919052124, 0.2956998348236084, 0.37618017196655273, 0.4219059944152832]",El autobús llegó con retraso a la parada equivocada del centro.,11,1,0,0
0,no,0,0,0,101,62,no,no,0,"[0.2931385040283203, 0.27937769889831543, 0.3517625331878662, 0.2856144905090332, 0.2916712760925293, 0.2818460464477539, 0.27754688262939453, 0.44308948516845703, 0.3092348575592041, 1.5724191665649414]",Sara contó la historia a sus hijo antes de dormir.,11,0,0,0
0,no,NO,E,1,2,63,no,no,La acción tuvo lugar en el parque.,"[0.4531595706939697, 0.5738801956176758, 0.3464837074279785, 0.27019596099853516, 0.4705042839050293, 0.3789694309234619, 0.2903921604156494, 0.4699399471282959, 0.33878517150878906, 0.28476428985595703, 1.2246215343475342]",Simón pateó a la pelota en la cancha en un instante.,11,2,0,0
0,no,0,0,0,100,64,no,no,0,"[0.3518998622894287, 0.34232211112976074, 0.312070369720459, 0.29871320724487305, 0.2814958095550537, 0.2550241947174072, 0.5761992931365967, 0.2507054805755615, 0.318068265914917, 0.3203732967376709]",Isabel enseñó la receta a su prima en la cocina.,11,0,0,0
0,no,0,0,0,101,65,no,no,0,"[0.370131254196167, 0.3564765453338623, 0.33292436599731445, 0.30660533905029297, 0.309734582901001, 0.32627081871032715, 0.31712913513183594, 0.42709827423095703, 0.3328571319580078, 1.3981695175170898]",Laura mostró las fotos a sus amigas en la parque.,11,0,0,0
0,no,0,0,0,33,66,no,no,0,"[0.34006261825561523, 0.3200838565826416, 0.5893170833587646, 0.3161458969116211, 0.2898294925689697, 0.29446840286254883, 0.2785496711730957, 0.3427245616912842, 0.32730841636657715, 0.3271021842956543, 0.6415541172027588]",Marco imaginó a la amiga en la playa durante dos minutos.,11,0,0,0
0,no,0,0,0,29,67,no,no,0,"[0.3160233497619629, 0.3493039608001709, 0.32320713996887207, 0.273115873336792, 0.3190033435821533, 0.36292600631713867, 0.287304162979126, 0.3250758647918701, 0.505589485168457, 0.3081200122833252, 0.38269758224487305]",Alfonso miró a una granjera en la colina durante dos horas.,11,1,0,0
0,no,SI,A,1,22,68,no,no,Hubo un asedio en la región.,"[0.5188324451446533, 0.30344152450561523, 0.44234681129455566, 0.4738297462463379, 0.3639557361602783, 0.3236100673675537, 0.8469057083129883, 0.3099651336669922, 0.338024377822876, 0.3514120578765869]",Carla asedió la ciudad en la región durante bastante tiempo.,11,5,0,0
0,no,NO,E,1,46,69,no,no,Alejandro estaba en el centro comercial.,"[0.39228034019470215, 0.35648155212402344, 0.385822057723999, 0.44777846336364746, 0.33377957344055176, 0.29317450523376465, 0.27585887908935547, 0.31741929054260254, 0.31299638748168945, 0.15455102920532227, 0.17882728576660156]",Alejandro identificó a una agresora en el aeropuerto en dos horas.,11,1,0,0
0,no,NO,E,1,100,70,no,no,Andrés contó una historia,"[0.38854122161865234, 0.2858467102050781, 0.3548848628997803, 0.32619810104370117, 0.3465573787689209, 0.30385756492614746, 0.3121147155761719, 0.3183932304382324, 0.3043944835662842, 0.41725730895996094]",Andrés cantó una canción a su hija antes de acostarla.,11,0,0,0
0,no,0,0,0,35,71,no,no,0,"[0.6072793006896973, 0.2671847343444824, 0.3298826217651367, 0.2944056987762451, 0.32797884941101074, 0.3255183696746826, 0.3291604518890381, 0.4051246643066406, 0.3455021381378174, 0.36724352836608887, 0.35608720779418945]",Carlos vigiló a la niña en la habitación durante unas horas.,11,0,0,0
0,no,0,0,0,100,72,no,no,0,"[0.2793569564819336, 0.8493332862854004, 0.3377721309661865, 0.6324315071105957, 0.35603833198547363, 0.2854645252227783, 0.3844635486602783, 0.33361053466796875, 0.32071638107299805, 1.142869472503662]",Miguel alquiló una bicicleta a un turista en la estación.,11,0,0,0
0,no,NO,E,1,100,73,no,no,El coche era azul.,"[0.33075380325317383, 0.430858850479126, 0.3749732971191406, 0.3668980598449707, 0.3420536518096924, 0.386732816696167, 0.403414249420166, 0.34204649925231934, 0.27513933181762695, 0.7684340476989746]",El coche rojo aparcó frente a la casa de Marta.,11,2,0,0
0,no,0,0,0,4,74,no,no,0,"[0.33756399154663086, 0.3127274513244629, 0.2627859115600586, 0.26874613761901855, 0.3054349422454834, 0.26532578468322754, 0.2986316680908203, 0.35112595558166504, 0.3543660640716553, 0.5288732051849365]",Jorge arrolló la ciclista en la calle en un segundo.,11,3,0,0
0,no,SI,A,1,100,75,no,no,Ana escribió la carta desde la playa.,"[0.36649060249328613, 0.30938196182250977, 0.3368716239929199, 0.3661670684814453, 0.3455491065979004, 0.3043997287750244, 0.31860971450805664, 0.36577534675598145, 0.28096485137939453, 0.42019033432006836]",Ana escribió una carta a su abuela desde la playa.,11,0,0,0
0,no,NO,E,1,31,76,no,no,Miguel tuvo que esperar una semana.,"[0.35490846633911133, 0.36699962615966797, 0.2578754425048828, 0.2992215156555176, 0.28434324264526367, 0.3038215637207031, 0.29358577728271484, 0.26882052421569824, 0.26746559143066406, 0.3085908889770508, 0.33379411697387695]",Miguel recibió a la invitada en la casa en un día.,11,0,0,0
0,no,0,0,0,101,77,no,no,0,"[0.36530470848083496, 0.28825831413269043, 0.5000102519989014, 0.38708972930908203, 0.25491976737976074, 0.2941765785217285, 0.29010510444641113, 0.3158237934112549, 0.7490129470825195]",La película empiezan exactamente a las ocho en punto.,11,1,0,0
0,no,NO,E,1,100,78,no,no,El niño juega solo en el parque.,"[0.3459477424621582, 0.26262736320495605, 0.3298153877258301, 0.3226957321166992, 0.3049800395965576, 0.2826838493347168, 0.26570677757263184, 0.28962087631225586, 0.3688623905181885, 0.5981841087341309]",El niño juega en el parque con su mejor amigo.,11,2,0,0
0,no,0,0,0,101,79,no,no,0,"[0.3231379985809326, 0.45462512969970703, 0.32239413261413574, 0.4036381244659424, 0.5135688781738281, 0.316678524017334, 0.35065793991088867, 0.295529842376709, 0.34781694412231445, 0.39871644973754883]",El perro ladran fuerte cada vez que pasa un coche.,11,2,0,0
0,no,NO,E,1,101,80,no,no,El profesor y los alumnos estaban fuera del aula.,"[0.3990607261657715, 0.31584620475769043, 0.3116455078125, 0.33313512802124023, 0.35548877716064453, 0.36264491081237793, 0.6207168102264404, 0.31216955184936523, 0.457111120223999]",El profesor explicó la lección los alumnos en clase.,11,0,0,0
0,no,SI,A,1,101,81,no,no,Clara fue a la farmacia con su hermana.,"[0.4118478298187256, 0.5583634376525879, 0.4793064594268799, 0.42973804473876953, 0.41089367866516113, 0.3714566230773926, 0.32891035079956055, 0.39701247215270996, 0.3672206401824951, 0.33323192596435547, 0.4620223045349121]",Clara fue con su hermanas a la farmacia después del desayuno.,11,1,0,0
0,no,SI,A,1,8,82,no,no,Helena estaba en el patio.,"[0.3877255916595459, 0.30109286308288574, 0.32367634773254395, 0.3017723560333252, 0.33083105087280273, 0.2785036563873291, 0.3047633171081543, 0.43050193786621094, 0.3461599349975586, 0.3900415897369385]",Helena colgó una criminal en el patio en cinco minutos.,11,4,0,0
0,no,0,0,0,101,83,no,no,0,"[0.38553833961486816, 0.3656604290008545, 0.3984842300415039, 0.36665868759155273, 0.6477956771850586, 0.2963991165161133, 0.3540840148925781, 0.4680616855621338, 0.3372633457183838]",Me gusta caminar la ciudad cuando hace buen tiempo.,11,2,0,0
0,no,0,0,0,45,84,no,no,0,"[0.37495994567871094, 0.4064466953277588, 0.4143373966217041, 0.4562201499938965, 0.49909138679504395, 0.3627049922943115, 0.3606147766113281, 0.7115495204925537, 0.35033440589904785, 0.37499117851257324, 0.6115739345550537]",Gabriela localizó a la bodega en la ciudad en dos minutos.,11,2,0,0
0,no,0,0,0,42,85,no,no,0,"[0.4179246425628662, 0.4851953983306885, 0.37134814262390137, 0.38140130043029785, 0.41494131088256836, 0.3744957447052002, 0.4132852554321289, 0.29106855392456055, 0.29485034942626953, 0.4265913963317871]",Ismael encontró la conocida en la carretera en pocas horas.,11,3,0,0
0,no,No,E,1,100,86,no,no,El bebé dormía plácidamente.,"[0.3720433712005615, 0.38809895515441895, 0.4022388458251953, 0.3617978096008301, 0.39360713958740234, 0.13959193229675293, 0.2333073616027832, 0.5750384330749512, 0.340778112411499, 0.7245044708251953]",El bebé lloraba constantemente durante la noche sin razón aparente.,11,2,0,0
0,no,SI,A,1,28,87,no,no,Anna estaba en la escuela.,"[0.41541481018066406, 0.3369333744049072, 0.41992902755737305, 0.321683406829834, 0.3423788547515869, 0.37157559394836426, 0.37824010848999023, 0.3862032890319824, 0.3447377681732178, 0.3822040557861328, 0.4060370922088623]",Anna comprendió a la tarea en la escuela en dos minutos.,11,2,0,0
0,no,SI,A,1,41,88,no,no,Emma pasó semanas investigando.,"[0.39322733879089355, 0.4654724597930908, 0.4418067932128906, 0.40662503242492676, 0.3476755619049072, 0.3736395835876465, 0.2965679168701172, 0.36244916915893555, 0.396240234375, 0.31740355491638184, 0.5216546058654785]",Emma investigó a la epidemia en la ciudad durante varias semanas.,11,2,0,0
0,no,0,0,0,100,89,no,no,0,"[0.4180731773376465, 0.3490874767303467, 0.3310575485229492, 0.38964295387268066, 0.367995023727417, 0.34664106369018555, 0.36465978622436523, 0.35579681396484375, 0.6239221096038818, 0.3545517921447754]",El gato saltó a la mesa para robar la comida.,11,1,0,0
0,no,0,0,0,100,90,no,no,0,"[0.40492963790893555, 0.417309045791626, 0.40111804008483887, 0.39221906661987305, 0.40433287620544434, 0.3935830593109131, 0.3690366744995117, 0.3513169288635254, 0.353198766708374, 0.4544975757598877]",El niño duerme tranquilo en su cama todas las noches.,11,2,0,0
0,no,NO,E,1,25,91,no,no,Pedro observó durante unos minutos.,"[0.3541393280029297, 0.3566410541534424, 0.3486204147338867, 0.34180593490600586, 0.48247599601745605, 0.4090540409088135, 0.3438541889190674, 0.36891603469848633, 0.3624897003173828, 0.6596670150756836]",Pedro observó una secretaria en la oficina durante una hora.,11,4,0,0
0,no,SI,A,1,37,92,no,no,Isabel miraba por la ventana.,"[0.44820380210876465, 0.2726118564605713, 0.3170754909515381, 0.2927894592285156, 0.303757905960083, 0.28014087677001953, 0.29679012298583984, 0.27325439453125, 0.3047482967376709, 0.8126883506774902]",Isabel vió una estudiante desde su ventana durante una mañana.,11,4,0,0
0,no,SI,A,1,100,93,no,no,La cena se preparó en casa.,"[0.36461877822875977, 0.34259676933288574, 0.33887767791748047, 0.36710119247436523, 0.3125016689300537, 0.287428617477417, 0.335604190826416, 0.3029470443725586, 0.2975170612335205, 0.33359384536743164, 0.36062049865722656]",Mi madre preparó la cena a toda la familia en casa.,11,0,0,0
0,no,0,0,0,100,94,no,no,0,"[0.3348112106323242, 0.2873668670654297, 0.31973719596862793, 0.3223388195037842, 0.3140559196472168, 0.3167848587036133, 0.2902095317840576, 0.3128945827484131, 0.6512289047241211]",Carlos estornudó fuerte en medio de la reunión ayer.,11,2,0,0
0,no,0,0,0,100,95,no,no,0,"[0.3643476963043213, 0.6843607425689697, 0.3220827579498291, 0.3128998279571533, 0.3626241683959961, 0.3360908031463623, 0.35288166999816895, 0.3228147029876709, 0.35369277000427246, 0.358121395111084, 0.5844054222106934]",La lluvia cayó fuerte sobre el techo durante toda la noche.,11,2,0,0
0,no,0,0,0,100,96,no,no,0,"[0.8171834945678711, 0.4244050979614258, 0.3832728862762451, 0.3304269313812256, 0.37674760818481445, 0.3147709369659424, 0.4934248924255371, 0.35044407844543457, 0.33739471435546875, 0.3664257526397705]",Estuvieron caminando a la orilla del mar toda la tarde.,11,1,0,0
0,no,SI,E,1,3,97,no,no,Lo que Pedro hizo fue un secuestro.,"[0.4171028137207031, 0.5381374359130859, 0.33602213859558105, 0.33045268058776855, 0.3628199100494385, 0.3542945384979248, 0.32731032371520996, 0.4142489433288574, 0.3488640785217285, 0.33489561080932617, 0.8476324081420898]",Pablo secuestró a la turista en el aeropuerto durante una hora.,11,0,0,0
0,no,0,0,0,100,98,no,no,0,"[0.3938620090484619, 0.3148181438446045, 0.42577195167541504, 0.3068220615386963, 0.33573389053344727, 0.3591773509979248, 0.32487940788269043, 0.7173190116882324, 0.6655776500701904]",El viento soplaba fuerte durante la tormenta de anoche.,11,2,0,0
0,no,0,0,0,47,99,no,no,0,"[0.3523235321044922, 0.3560500144958496, 0.3613598346710205, 1.560992956161499, 1.3027784824371338, 0.288837194442749, 0.2816929817199707, 0.30260729789733887, 0.318742036819458, 0.3608274459838867, 2.270725727081299]",Marta descartó a la aspirante en la selección en un día.,11,0,0,0
0,no,NO,E,1,101,100,no,no,Luis envió un paquete a su hermano.,"[0.357952356338501, 0.26046037673950195, 0.39496302604675293, 0.33481359481811523, 0.3125317096710205, 0.30602502822875977, 0.3449976444244385, 0.30572986602783203, 0.5978362560272217]",Luis envíe un paquete a su primo en Alemania.,11,0,0,0
0,no,SI,A,1,0,101,no,no,La acción tuvo lugar en la calle.,"[0.4272432327270508, 0.2985191345214844, 0.3786005973815918, 0.319655179977417, 0.32198357582092285, 0.35347986221313477, 0.41343164443969727, 0.3590681552886963, 0.3658928871154785, 0.3262031078338623, 0.35729455947875977]",Juan golpeó a la actriz en la calle en diez segundos.,11,0,0,0
0,no,NO,E,1,101,102,no,no,El dueño fue reconocido por su gato.,"[0.35075926780700684, 0.3191182613372803, 0.3037834167480469, 0.31411123275756836, 0.3252370357513428, 0.2689201831817627, 0.39335012435913086, 0.397768497467041, 0.3488178253173828, 0.46440768241882324]",El perro corrió felizmente a su dueño cuando le reconoció.,11,1,0,0
0,no,SI,A,1,32,103,no,no,Martin estaba en el hospital.,"[0.5168101787567139, 2.7050580978393555, 0.3797433376312256, 0.4113731384277344, 0.8128092288970947, 0.34420299530029297, 0.3151431083679199, 0.4554915428161621, 0.3240494728088379, 0.33359766006469727, 0.4882059097290039]",Martín buscó a la escalera en el hospital durante dos horas.,11,2,0,0
0,no,SI,A,1,39,104,no,no,Valeria fue a un concierto.,"[0.36066436767578125, 0.3494729995727539, 0.4158897399902344, 0.37611937522888184, 0.3938319683074951, 0.3340764045715332, 0.3538029193878174, 0.34978365898132324, 0.4639918804168701, 0.5258932113647461]",Valeria admiró una cantante en el teatro durante el concierto.,11,4,0,0
0,no,0,0,0,21,105,no,no,0,"[0.33960413932800293, 0.35800600051879883, 0.3823080062866211, 0.32381463050842285, 0.42723798751831055, 0.33999156951904297, 0.2676970958709717, 0.45427870750427246, 0.37943172454833984, 0.3406999111175537, 0.6145107746124268]",Hugo apaleó a una rebelde en la calle durante varios minutos.,11,1,0,0
4,no,0,0,0,100,0,yes,yes,0,0,Los niños corrieron a la plaza con sus amigos.,11,1,0,0
4,no,0,0,0,100,1,yes,yes,0,0,La conferencia empezará con puntualidad a las diez y media.,11,1,0,0
4,no,NO,0,1,100,2,yes,yes,Llegaron a la universidad cuando ya estaba cerrada.,0,Los estudiantes llegaron a la universidad antes de que cerrara.,11,1,0,0
3,no,0,0,0,100,3,yes,yes,0,0,El ladrón escapó a toda prisa por la puerta trasera.,11,1,0,0
1,no,0,0,0,17,0,yes,no,0,0,Luis zarandeó a una mujer en la casa durante algunos minutos.,11,1,0,0
4,no,0,0,0,36,1,yes,no,0,0,Irene oyó la discusión en la sala durante una noche.,11,5,0,0
1,no,0,0,0,5,2,yes,no,0,0,Manuel abrazó a la señora en el parque en pocos instantes.,11,0,0,0
1,no,0,0,0,10,3,yes,no,0,0,Mateo eliminó una rehén en el banco en pocos segundos.,11,4,0,0
2,no,SI,0,1,27,4,yes,no,Felipe es presentador de teatro.,0,Felipe anunció una cantante en el escenario en cinco minutos.,11,4,0,0
3,no,NO,0,1,12,5,yes,no,El combate duró varias horas.,0,Paula abatió a la contrincante en el ring en pocos minutos.,11,0,0,0
2,no,0,0,0,11,6,yes,no,0,0,Valeria neutralizó la bomba en la frontera en cinco minutos.,11,5,0,0
1,no,SI,0,1,15,7,yes,no,Lucia estuvo en una pelea de bar.,0,Lucía destrozó a una oponente en el bar en diez minutos.,11,1,0,0
1,no,NO,0,1,2,8,yes,no,La acción tuvo lugar en el parque.,0,Simón pateó a una jugadora en la cancha en un instante.,11,1,0,0
1,no,0,0,0,29,9,yes,no,0,0,Alfonso miró a una granjera en la colina durante dos horas.,11,1,0,0
1,no,0,0,0,19,10,yes,no,0,0,Lucas arrastró la víctima en la calle por un tiempo.,11,3,0,0
0,no,0,0,0,20,11,yes,no,0,0,Claudia maltrató a la camiseta en la casa durante varios años.,11,2,0,0
1,no,0,0,0,24,12,yes,no,0,0,Coral guió la turista en el palacio en una hora.,11,3,0,0
1,no,SI,0,1,0,13,yes,no,La acción tuvo lugar en la calle.,0,Juan golpeó la piedra en la calle en diez segundos.,11,5,0,0
2,no,SI,0,1,14,14,yes,no,Helena estaba en un campo de fútbol.,0,Helena derribó a la barrera en el campo durante el partido.,11,2,0,0
0,no,SI,0,1,22,15,yes,no,Hubo un asedio en la región.,0,Carla asedió a la contrincante en la región durante bastante tiempo.,11,0,0,0
3,no,NO,0,1,18,16,yes,no,María iba en bicicleta.,0,María transportó una mochilera en la furgoneta durante un día.,11,4,0,0
1,no,NO,0,1,1,17,yes,no,Carlos tardó mucho en hacer el asalto.,0,Carlos asaltó a la conductora en el barrio en pocos instantes.,11,0,0,0
2,no,0,0,0,38,18,yes,no,0,0,Unai amó la vida en su pueblo durante varios años.,11,5,0,0
4,no,0,0,0,30,19,yes,no,0,0,Carlos esperó a una profesora en la esquina durante una hora.,11,1,0,0
4,no,SI,0,1,39,20,yes,no,Valeria fue a un concierto.,0,Valeria admiró a la cantante en el teatro durante el concierto.,11,0,0,0
1,no,NO,0,1,16,21,yes,no,La guerra duró más de dos años.,0,Valentina venció la resistencia en la guerra en dos años.,11,5,0,0
1,no,0,0,0,33,22,yes,no,0,0,Marco imaginó a una amiga en la playa durante dos minutos.,11,1,0,0
3,no,0,0,0,35,23,yes,no,0,0,Carlos vigiló la niña en la habitación durante unas horas.,11,3,0,0
3,no,0,0,0,42,24,yes,no,0,0,Ismael encontró a una conocida en la carretera en pocas horas.,11,1,0,0
1,no,0,0,0,4,25,yes,no,0,0,Jorge arrolló una ciclista en la calle en un segundo.,11,4,0,0
1,no,0,0,0,26,26,yes,no,0,0,Juan escuchó a la alarma en el balcón durante una noche.,11,2,0,0
1,no,NO,0,1,25,27,yes,no,Pedro observó durante unos minutos.,0,Pedro observó la secretaria en la oficina durante una hora.,11,3,0,0
1,no,NO,0,1,46,28,yes,no,Alejandro estaba en el centro comercial.,0,Alejandro identificó una agresora en el aeropuerto en dos horas.,11,4,0,0
1,no,0,0,0,21,29,yes,no,0,0,Hugo apaleó la rebelde en la calle durante varios minutos.,11,3,0,0
4,no,0,0,0,40,30,yes,no,0,0,Adrián percibió la sombra detrás de él durante algunos minutos.,11,5,0,0
3,no,0,0,0,49,31,yes,no,0,0,Alba mencionó a la actriz en el teatro tras varios minutos.,11,0,0,0
1,no,0,0,0,48,32,yes,no,0,0,Samuel descubrió a la tabla en el museo en pocas horas.,11,2,0,0
4,no,0,0,0,43,33,yes,no,0,0,Sofía conoció la verdad en el colegio en dos días.,11,5,0,0
4,no,NO,0,1,31,34,yes,no,Miguel tuvo que esperar una semana.,0,Miguel recibió la caja en la casa en un día.,11,5,0,0
1,no,SI,0,1,28,35,yes,no,Anna estaba en la escuela.,0,Anna comprendió a la tarea en la escuela en dos minutos.,11,2,0,0
4,no,NO,0,1,34,36,yes,no,Carmen vio una representación teatral.,0,Carmen odió a la música en el cine durante la película.,11,2,0,0
2,no,0,0,0,47,37,yes,no,0,0,Marta descartó una aspirante en la selección en un día.,11,4,0,0
4,no,0,0,0,45,38,yes,no,0,0,Gabriela localizó a la amiga en la ciudad en dos minutos.,11,0,0,0
3,no,NO,0,1,6,39,yes,no,El beso tuvo lugar en un museo.,0,Francisco besó la novia en la iglesia durante unos segundos.,11,3,0,0
1,no,SI,0,1,9,40,yes,no,Había fuego en la plaza.,0,Carlos quemó a la página en la plaza en pocos minutos.,11,2,0,0
4,no,0,0,0,44,41,yes,no,0,0,Martín detectó a la intrusa en el hospital en dos minutos.,11,0,0,0
4,no,SI,0,1,37,42,yes,no,Isabel miraba por la ventana.,0,Isabel vió a una estudiante desde su ventana durante una mañana.,11,1,0,0
2,no,SI,0,1,8,43,yes,no,Helena estaba en el patio.,0,Helena colgó la criminal en el patio en cinco minutos.,11,3,0,0
4,no,0,0,0,13,44,yes,no,0,0,Martina atropelló una anciana en el aparcamiento en pocos minutos.,11,4,0,0
3,no,0,0,0,7,45,yes,no,0,0,Tomás empujó una vieja a la puerta en pocos segundos.,11,4,0,0
4,no,SI,0,1,32,46,yes,no,Martin estaba en el hospital.,0,Martín buscó a la médica en el hospital durante dos horas.,11,0,0,0
4,no,0,0,0,23,47,yes,no,0,0,Daniel remolcó la motocicleta en la calle durante algunos minutos.,11,5,0,0
3,no,SI,0,1,3,48,yes,no,Lo que Pedro hizo fue un secuestro.,0,Pablo secuestró la turista en el aeropuerto durante una hora.,11,3,0,0
3,no,SI,0,1,41,49,yes,no,Emma pasó semanas investigando.,0,Emma investigó a la epidemia en la ciudad durante varias semanas.,11,2,0,0
4,yes,SI,0,1,41,0,yes,no,Emma pasó semanas investigando.,0,Lo que Pedro hizo a la secretaria fue observarla.,11,6,0,0
4,yes,SI,0,1,41,1,yes,no,Emma pasó semanas investigando.,0,Lo que Helena hizo a la criminal fue colgarla.,11,6,0,0
2,yes,SI,0,1,41,2,yes,no,Emma pasó semanas investigando.,0,Lo que Francisco hizo a la novia fue besarla.,11,6,0,0
3,yes,SI,0,1,41,3,yes,no,Emma pasó semanas investigando.,0,Lo que Martina hizo a la anciana fue atropellarla.,11,6,0,0
3,yes,SI,0,1,41,4,yes,no,Emma pasó semanas investigando.,0,Lo que Coral hizo a la turista fue guiarla.,11,6,0,0
3,yes,SI,0,1,41,5,yes,no,Emma pasó semanas investigando.,0,Lo que Miguel hizo a la invitada fue recibirla.,11,6,0,0
3,yes,SI,0,1,41,6,yes,no,Emma pasó semanas investigando.,0,Lo que Alejandro hizo a la agresora fue identificarla.,11,6,0,0
4,yes,SI,0,1,41,7,yes,no,Emma pasó semanas investigando.,0,Lo que Marta hizo a la aspirante fue descartarla.,11,6,0,0
2,yes,SI,0,1,41,8,yes,no,Emma pasó semanas investigando.,0,Lo que Marco hizo a la amiga fue imaginarla.,11,6,0,0
4,yes,SI,0,1,41,9,yes,no,Emma pasó semanas investigando.,0,Lo que Helena hizo a la futbolista fue derribarla.,11,6,0,0
4,yes,SI,0,1,41,10,yes,no,Emma pasó semanas investigando.,0,Lo que Lucas hizo a la víctima fue arrastrarla.,11,6,0,0
2,yes,SI,0,1,41,11,yes,no,Emma pasó semanas investigando.,0,Lo que Maria hizo a la mochilera fue transportarla.,11,6,0,0
3,yes,SI,0,1,41,12,yes,no,Emma pasó semanas investigando.,0,Lo que Paula hizo a la contrincante fue abatirla.,11,6,0,0
1,yes,SI,0,1,41,13,yes,no,Emma pasó semanas investigando.,0,Lo que Daniel hizo a la enferma fue remolcarla.,11,6,0,0
3,yes,SI,0,1,41,14,yes,no,Emma pasó semanas investigando.,0,Lo que Alfonso hizo a la granjera fue mirarla.,11,6,0,0
2,yes,SI,0,1,41,15,yes,no,Emma pasó semanas investigando.,0,Lo que Martín hizo a la intrusa fue detectarla.,11,6,0,0
2,yes,SI,0,1,41,16,yes,no,Emma pasó semanas investigando.,0,Lo que Adrián hizo a la mujer fue percibirla.,11,6,0,0
3,yes,SI,0,1,41,17,yes,no,Emma pasó semanas investigando.,0,Lo que Martín hizo a la médica fue buscarla.,11,6,0,0
4,yes,SI,0,1,41,18,yes,no,Emma pasó semanas investigando.,0,Lo que Carlos hizo a la bruja fue quemarla.,11,6,0,0
2,yes,SI,0,1,41,19,yes,no,Emma pasó semanas investigando.,0,Lo que Gabriela hizo a la amiga fue localizarla.,11,6,0,0
0,no,0,0,0,100,0,no,yes,0,"[2.643120765686035, 0.9572329521179199, 0.6288483142852783, 1.0538520812988281, 0.5260841846466064, 0.815751314163208, 0.5850493907928467, 0.7412521839141846, 4.31290340423584]",Los niños corrieron a la plaza con sus amigos.,12,1,1,0
0,no,NO,A,1,100,1,no,yes,Llegaron a la universidad cuando ya estaba cerrada.,"[2.516972780227661, 0.8515911102294922, 0.8876833915710449, 0.7933549880981445, 0.8680837154388428, 0.5424365997314453, 13.223777770996094, 0.5749688148498535, 0.4453089237213135, 0.636953592300415]",Los estudiantes llegaron a la universidad antes de que cerrara.,12,1,1,0
0,no,0,0,0,100,2,no,yes,0,"[0.9240267276763916, 0.46572136878967285, 0.47925519943237305, 0.4118659496307373, 0.40888428688049316, 0.4850280284881592, 0.6995024681091309, 0.4144761562347412, 0.45087528228759766, 0.5785222053527832]",El ladrón escapó a toda prisa por la puerta trasera.,12,1,1,0
0,no,0,0,0,100,3,no,yes,0,"[1.085230827331543, 0.45920634269714355, 0.480266809463501, 0.47319674491882324, 0.6239583492279053, 0.4345529079437256, 0.39174485206604004, 0.44446253776550293, 0.37686586380004883, 0.4815845489501953]",La conferencia empezará con puntualidad a las diez y media.,12,1,1,0
0,no,NO,E,1,100,0,no,no,El autobus llegó puntual.,"[0.7521562576293945, 0.11874890327453613, 0.8023231029510498, 0.3464930057525635, 0.29273390769958496, 0.3487884998321533, 0.2690010070800781, 0.48235630989074707, 0.49587202072143555, 0.3222789764404297, 0.4174635410308838]",El autobús llegó con retraso a la parada equivocada del centro.,12,1,1,0
0,no,0,0,0,101,1,no,no,0,"[1.0078885555267334, 0.5039167404174805, 0.4404947757720947, 0.4964597225189209, 0.4859185218811035, 0.6307458877563477, 0.5337269306182861, 0.4770619869232178, 0.47178006172180176, 0.455841064453125]",Mi primo viaja sola por Europa durante el verano próximo.,12,2,1,0
0,no,0,0,0,38,2,no,no,0,"[2.217235803604126, 0.6177544593811035, 0.46808886528015137, 0.36899685859680176, 0.40220212936401367, 0.17731618881225586, 0.23627567291259766, 0.8504884243011475, 0.6463932991027832, 0.6944563388824463, 1.1907508373260498]",Unai amó a la vida en su pueblo durante varios años.,12,2,1,0
0,no,0,0,0,100,3,no,no,0,"[1.3958477973937988, 0.6673011779785156, 0.5569429397583008, 0.5788369178771973, 0.5245625972747803, 0.5921902656555176, 0.538745641708374, 1.9064671993255615, 1.0853915214538574, 1.6808280944824219]",Los pájaros vuelan alto sobre los árboles en primavera alegre.,12,2,1,0
0,no,0,0,0,101,4,no,no,0,"[1.801973819732666, 0.6485769748687744, 1.5737199783325195, 0.6442954540252686, 0.7119269371032715, 0.6244821548461914, 1.7625582218170166, 1.0634534358978271, 0.8459718227386475, 0.468153715133667]",El perro ladran fuerte cada vez que pasa un coche.,12,2,1,0
0,no,SI,A,1,101,5,no,no,El bebé sonrió a su madre.,"[1.5930495262145996, 1.333916187286377, 1.9534060955047607, 1.265775203704834, 0.14699745178222656, 1.4661579132080078, 0.7564611434936523, 0.5635926723480225, 0.6303741931915283, 1.0770039558410645]",El bebé sonreí dulcemente a su madre desde la cuna.,12,1,1,0
0,no,0,0,0,101,6,no,no,0,"[0.8143641948699951, 0.663515567779541, 0.8309440612792969, 1.7214884757995605, 0.5766313076019287, 0.46240782737731934, 1.1145341396331787, 0.4873664379119873, 0.49137377738952637, 1.571096420288086]",Sara contó la historia a sus hijo antes de dormir.,12,0,1,0
0,no,0,0,0,101,7,no,no,0,"[9.448106050491333, 0.5553936958312988, 0.44741058349609375, 0.5702192783355713, 0.651465892791748, 0.6491248607635498, 0.902613639831543, 0.6029276847839355, 0.565605640411377, 1.8455328941345215]",Jorge compró un regalo su novia en el centro comercial.,12,0,1,0
0,no,SI,A,1,101,8,no,no,Maria y su hermana estaban en la biblioteca.,"[0.23488378524780273, 1.5931923389434814, 0.7353076934814453, 0.6880075931549072, 0.7987606525421143, 1.8330824375152588, 0.5892364978790283, 0.49528980255126953, 0.6847429275512695]",María dio el libro su hermana en la biblioteca.,12,0,1,0
0,no,0,0,0,100,9,no,no,0,"[1.7001323699951172, 0.6543653011322021, 0.6548488140106201, 0.5314037799835205, 0.6057918071746826, 0.4105186462402344, 1.0881600379943848, 0.8917632102966309, 0.7217419147491455]",El viento soplaba fuerte durante la tormenta de anoche.,12,2,1,0
0,no,0,0,0,4,10,no,no,0,"[1.2317872047424316, 0.5582916736602783, 0.42514657974243164, 0.5701456069946289, 1.3157958984375, 0.6101973056793213, 0.4088423252105713, 0.44083595275878906, 0.8021247386932373, 0.6012916564941406, 0.6468281745910645]",Jorge arrolló a una ciclista en la calle en un segundo.,12,1,1,0
0,no,0,0,0,5,11,no,no,0,"[1.8454184532165527, 1.0073835849761963, 0.9225242137908936, 0.5781395435333252, 0.4800584316253662, 0.3533205986022949, 0.3680613040924072, 0.3555948734283447, 0.6001510620117188, 2.5892493724823]",Manuel abrazó la señora en el parque en pocos instantes.,12,3,1,0
0,no,SI,E,1,101,12,no,no,Clara fue a la farmacia con su hermana.,"[1.562612533569336, 0.8318538665771484, 0.3961970806121826, 0.5421135425567627, 0.7443714141845703, 0.553551197052002, 0.3813457489013672, 0.5558712482452393, 0.5236172676086426, 0.6121377944946289, 0.7457807064056396]",Clara fue con su hermanas a la farmacia después del desayuno.,12,1,1,0
0,no,SI,A,1,41,13,no,no,Emma pasó semanas investigando.,"[2.1193339824676514, 0.5887162685394287, 0.42127466201782227, 0.904026985168457, 0.6738450527191162, 0.6174812316894531, 0.5529673099517822, 0.43965697288513184, 0.5190761089324951, 0.7431502342224121]",Emma investigó la empresaria en la ciudad durante varias semanas.,12,3,1,0
0,no,0,0,0,40,14,no,no,0,"[1.243309736251831, 0.6242537498474121, 0.44434261322021484, 0.4284505844116211, 0.40532469749450684, 0.46190881729125977, 0.3812084197998047, 0.3720369338989258, 0.5673878192901611, 0.5308852195739746, 0.5846071243286133]",Adrián percibió a una mujer detrás de él durante algunos minutos.,12,1,1,0
0,no,0,0,0,100,15,no,no,0,"[0.977536678314209, 0.5468688011169434, 0.5656876564025879, 0.5038266181945801, 0.6382031440734863, 0.449110746383667, 0.48399806022644043, 0.5530824661254883, 0.4384727478027344, 0.5177946090698242, 0.11210823059082031]",El técnico reparó el ordenador a un cliente en la tienda.,12,0,1,0
0,no,NO,E,1,31,16,no,no,Miguel tuvo que esperar una semana.,"[1.3383469581604004, 0.5228719711303711, 0.6930484771728516, 0.6002049446105957, 0.4535682201385498, 0.39044618606567383, 0.5620989799499512, 0.8308343887329102, 0.4098544120788574, 0.6270613670349121]",Miguel recibió una invitada en la casa en un día.,12,4,1,0
0,no,NO,E,1,1,17,no,no,Carlos tardó mucho en hacer el asalto.,"[0.8951406478881836, 0.593721866607666, 0.45470595359802246, 0.653195858001709, 1.5817852020263672, 0.44580769538879395, 0.540987491607666, 1.0624980926513672, 0.5304994583129883, 0.7031490802764893]",Carlos asaltó la conductora en el barrio en pocos instantes.,12,3,1,0
0,no,0,0,0,49,18,no,no,0,"[1.6016709804534912, 0.4651823043823242, 0.37406086921691895, 0.7077493667602539, 0.5185213088989258, 0.4317893981933594, 0.5340933799743652, 0.5051698684692383, 1.1927833557128906, 0.49665284156799316, 0.663377046585083]",Alba mencionó a una actriz en el teatro tras varios minutos.,12,1,1,0
0,no,0,0,0,101,19,no,no,0,"[1.0418100357055664, 0.49395012855529785, 0.8860719203948975, 3.25494384765625, 0.402285099029541, 0.4406473636627197, 0.42546916007995605, 1.508263111114502, 2.6698336601257324]",Marta baila salsa con entusiasmo en las fiesta grandes.,12,2,1,0
0,no,0,0,0,101,20,no,no,0,"[0.7382092475891113, 0.5056493282318115, 0.5739240646362305, 0.9649758338928223, 0.5738439559936523, 0.4752073287963867, 0.6745703220367432, 0.44269371032714844, 0.4483811855316162, 1.4853949546813965]",El jefe convocó urgentemente a reunión a todos el empleados.,12,1,1,0
0,no,0,0,0,26,21,no,no,0,"[0.8059206008911133, 0.6624472141265869, 0.45241665840148926, 0.4237802028656006, 0.49180173873901367, 0.41162919998168945, 0.5599751472473145, 0.46132826805114746, 0.3897852897644043, 0.6642904281616211]",Juan escuchó la alarma en el balcón durante una noche.,12,5,1,0
0,no,0,0,0,101,22,no,no,0,"[0.6856489181518555, 0.37554931640625, 0.47054123878479004, 2.3818769454956055, 0.39867615699768066, 0.6385703086853027, 1.2072741985321045, 0.719754695892334, 0.4269413948059082, 0.8350341320037842]",María se despertó sobresaltado a los gritos de su hermano.,12,1,1,0
0,no,0,0,0,101,23,no,no,0,"[0.7948570251464844, 0.7142016887664795, 0.5762014389038086, 0.3875281810760498, 0.4131636619567871, 1.367170810699463, 0.48507118225097656, 0.6785433292388916, 1.3374660015106201]",Pedro devolvió el libro la biblioteca el lunes pasado.,12,0,1,0
0,no,0,0,0,101,24,no,no,0,"[1.101344347000122, 0.5566277503967285, 0.9264886379241943, 0.6378867626190186, 0.6033134460449219, 0.7499189376831055, 0.49317312240600586, 1.2199382781982422, 1.8853535652160645]",Me gusta caminar la ciudad cuando hace buen tiempo.,12,2,1,0
0,no,0,0,0,101,25,no,no,0,"[1.6091623306274414, 0.6334702968597412, 1.423269271850586, 1.1913094520568848, 0.4355752468109131, 0.4734494686126709, 0.4826796054840088, 0.4927375316619873, 0.5533983707427979]",La película empiezan exactamente a las ocho en punto.,12,1,1,0
0,no,0,0,0,19,26,no,no,0,"[0.9875259399414062, 0.15234041213989258, 1.0486540794372559, 0.49738430976867676, 0.6606206893920898, 0.5365488529205322, 0.3987569808959961, 0.407520055770874, 0.4663534164428711, 0.345029354095459, 0.7186479568481445]",Lucas arrastró a la víctima en la calle por un tiempo.,12,0,1,0
0,no,NO,E,1,100,27,no,no,El coche era azul.,"[1.9888615608215332, 0.37840938568115234, 0.41388988494873047, 1.6211907863616943, 1.7439827919006348, 0.3684351444244385, 0.35434865951538086, 0.42858052253723145, 0.40962672233581543, 0.8111763000488281]",El coche rojo aparcó frente a la casa de Marta.,12,2,1,0
0,no,SI,A,1,101,28,no,no,El camarero sonrió.,"[0.7607760429382324, 0.610393762588501, 2.014249801635742, 0.45930027961730957, 0.7675812244415283, 0.7084600925445557, 0.5835788249969482, 2.6435117721557617, 0.3592383861541748, 0.31583571434020996, 0.7896027565002441]",El camarero trajo el cuenta a los clientes con una sonrisa.,12,0,1,0
0,no,SI,A,1,28,29,no,no,Anna estaba en la escuela.,"[0.8700497150421143, 0.8915412425994873, 0.5178148746490479, 0.48604655265808105, 2.1853630542755127, 0.35028624534606934, 0.35606861114501953, 0.5592198371887207, 0.37463831901550293, 0.3774282932281494, 1.0036778450012207]",Anna comprendió a la maestra en la escuela en dos minutos.,12,0,1,0
0,no,0,0,0,17,30,no,no,0,"[0.4947969913482666, 1.0228657722473145, 0.4013221263885498, 0.462247371673584, 0.44379687309265137, 0.5750923156738281, 0.6038382053375244, 0.8155496120452881, 0.44687485694885254, 1.0908961296081543]",Luis zarandeó la mujer en la casa durante algunos minutos.,12,3,1,0
0,no,NO,E,1,101,31,no,no,El avión despegó con retraso.,"[0.7212433815002441, 0.6376767158508301, 0.533865213394165, 0.6940059661865234, 0.45444822311401367, 0.40400242805480957, 0.5072643756866455, 0.4569885730743408, 0.39783644676208496, 0.8498761653900146]",El avión despegó puntualmente a la siete de la mañana.,12,1,1,0
0,no,SI,E,1,27,32,no,no,Felipe es presentador de teatro.,"[0.8589785099029541, 0.7125644683837891, 0.48111629486083984, 0.707406759262085, 0.46852731704711914, 0.5970003604888916, 0.8628036975860596, 0.75057053565979, 1.3746397495269775, 0.5150744915008545]",Felipe anunció la cantante en el escenario en cinco minutos.,12,3,1,0
0,no,SI,A,1,9,33,no,no,Había fuego en la plaza.,"[1.0203886032104492, 0.6030561923980713, 0.39684009552001953, 0.5886187553405762, 1.0095815658569336, 0.35185956954956055, 0.48230910301208496, 0.4745044708251953, 0.4975306987762451, 3.252699375152588]",Carlos quemó la página en la plaza en pocos minutos.,12,5,1,0
0,no,0,0,0,100,34,no,no,0,"[0.9416253566741943, 0.6714329719543457, 2.1534781455993652, 0.709862470626831, 0.4265766143798828, 0.8560459613800049, 0.5223991870880127, 0.38493990898132324, 0.36458849906921387, 0.5847136974334717]",El anciano hablaba a solas consigo mismo en el jardín.,12,1,1,0
0,no,0,0,0,101,35,no,no,0,"[1.1937611103057861, 0.5783951282501221, 0.4466547966003418, 0.37952089309692383, 0.3439662456512451, 1.0813872814178467, 0.46644091606140137, 1.3207740783691406]",Salimos temprano para evitar el tráfico la carretera.,12,2,1,0
0,no,SI,E,1,100,36,no,no,Ana estaba en la biblioteca.,"[0.8171651363372803, 0.9602601528167725, 0.6168718338012695, 0.654090166091919, 0.5142154693603516, 0.3445899486541748, 0.6455554962158203, 0.45421886444091797, 0.42834925651550293, 3.1064937114715576]",Nos encontramos con Ana después de clase en la biblioteca.,12,2,1,0
0,no,0,0,0,42,37,no,no,0,"[0.7126419544219971, 0.4536726474761963, 0.3899824619293213, 0.561255693435669, 1.815673589706421, 0.4021036624908447, 0.46553635597229004, 0.39612388610839844, 0.4481041431427002, 3.4423248767852783]",Ismael encontró la conocida en la carretera en pocas horas.,12,3,1,0
0,no,0,0,0,100,38,no,no,0,"[0.7367937564849854, 0.48400211334228516, 0.3677215576171875, 0.3154778480529785, 0.5530340671539307, 0.37371063232421875, 0.4273722171783447, 0.3216829299926758, 0.3676941394805908, 1.0465631484985352]",El mensajero entregó el paquete a Marta en su casa.,12,0,1,0
0,no,0,0,0,100,39,no,no,0,"[0.7458839416503906, 0.46834826469421387, 0.45042991638183594, 0.7617843151092529, 0.45067429542541504, 0.8357400894165039, 0.4567732810974121, 0.3928952217102051, 0.37580108642578125, 0.6903131008148193, 0.4698004722595215]",La lluvia cayó fuerte sobre el techo durante toda la noche.,12,2,1,0
0,no,NO,E,1,100,40,no,no,El niño juega solo en el parque.,"[0.7085309028625488, 0.4369699954986572, 0.6500418186187744, 0.5932445526123047, 0.469249963760376, 2.766366958618164, 0.4387242794036865, 0.4127767086029053, 0.3566293716430664, 1.8736114501953125]",El niño juega en el parque con su mejor amigo.,12,2,1,0
0,no,0,0,0,24,41,no,no,0,"[0.9256889820098877, 0.4972877502441406, 0.4459261894226074, 0.32761406898498535, 0.3939805030822754, 0.32593679428100586, 0.3499014377593994, 0.6265838146209717, 1.091315746307373, 0.42893528938293457, 1.568680763244629]",Coral guió a la turista en el palacio en una hora.,12,0,1,0
0,no,SI,A,1,101,42,no,no,Ayer estudiaron matemáticas.,"[0.666792631149292, 0.1234736442565918, 0.8784310817718506, 0.5577237606048584, 0.43889880180358887, 2.149592161178589, 0.49929022789001465, 0.39531660079956055, 0.4122347831726074, 4.033887147903442]",Nos sentamos juntos para estudiando matemáticas toda la tarde ayer.,12,2,1,0
0,no,SI,A,1,8,43,no,no,Helena estaba en el patio.,"[0.804642915725708, 0.5275897979736328, 0.36364173889160156, 0.5664300918579102, 2.463242530822754, 0.45656275749206543, 0.47548723220825195, 0.3620626926422119, 0.4398925304412842, 0.6893668174743652, 0.8226962089538574]",Helena colgó a una criminal en el patio en cinco minutos.,12,1,1,0
0,no,0,0,0,35,44,no,no,0,"[2.8304603099823, 0.6380817890167236, 0.5643384456634521, 0.753788948059082, 0.4404454231262207, 0.43848490715026855, 0.4774966239929199, 0.4857025146484375, 0.6676025390625, 1.4339213371276855]",Carlos vigiló la operación en la habitación durante unas horas.,12,5,1,0
0,no,NO,E,1,12,45,no,no,El combate duró varias horas.,"[1.141359806060791, 1.1475956439971924, 0.4241616725921631, 0.9905083179473877, 0.42610645294189453, 0.3822042942047119, 0.5389125347137451, 0.4846365451812744, 0.5809059143066406, 0.5221254825592041]",Paula abatió una contrincante en el ring en pocos minutos.,12,4,1,0
0,no,0,0,0,36,46,no,no,0,"[1.884145975112915, 0.38824915885925293, 1.222663164138794, 0.8003425598144531, 0.3836398124694824, 0.3377499580383301, 0.3704056739807129, 0.39743733406066895, 0.35113000869750977, 0.7079851627349854, 0.3701918125152588]",Irene oyó a la niña en la sala durante una noche.,12,0,1,0
0,no,0,0,0,45,47,no,no,0,"[0.674410343170166, 0.45539140701293945, 0.4163522720336914, 3.1378347873687744, 0.3820204734802246, 0.42274999618530273, 0.9152095317840576, 0.37494993209838867, 0.39792943000793457, 0.592097282409668]",Gabriela localizó la amiga en la ciudad en dos minutos.,12,3,1,0
0,no,NO,E,1,2,48,no,no,La acción tuvo lugar en el parque.,"[1.578000783920288, 2.4734818935394287, 0.33614659309387207, 0.560211181640625, 0.37041258811950684, 0.38076233863830566, 1.1628963947296143, 0.3646376132965088, 0.5114102363586426, 0.688673734664917]",Simón pateó una jugadora en la cancha en un instante.,12,4,1,0
0,no,0,0,0,100,49,no,no,0,"[1.426630973815918, 0.43692994117736816, 0.6087141036987305, 0.6314680576324463, 0.5408003330230713, 0.40352821350097656, 0.8240623474121094, 0.6555991172790527, 0.35977745056152344, 0.9064714908599854]",Vamos caminando todos los días a pie hasta el colegio.,12,1,1,0
0,no,0,0,0,21,50,no,no,0,"[0.6529672145843506, 0.4323115348815918, 0.6629152297973633, 0.48262906074523926, 0.659928560256958, 0.5347232818603516, 0.3651854991912842, 0.45125293731689453, 1.1371326446533203, 0.3559229373931885, 0.6759018898010254]",Hugo apaleó a la rebelde en la calle durante varios minutos.,12,0,1,0
0,no,NO,E,1,100,51,no,no,Ayer fueron al teatro.,"[0.9572632312774658, 0.45599794387817383, 0.6988191604614258, 1.5414764881134033, 0.4698648452758789, 0.37514328956604004, 0.37357306480407715, 0.4419097900390625, 0.7427310943603516]",Ayer fueron al cine a ver una película divertida.,12,2,1,0
0,no,0,0,0,100,52,no,no,0,"[0.9485177993774414, 0.4313967227935791, 0.42734456062316895, 0.36452245712280273, 0.4296739101409912, 0.4553029537200928, 0.43996286392211914, 0.4844682216644287, 0.3917694091796875, 0.3867192268371582, 1.3703219890594482]",El jefe asignó una tarea a cada empleado en la reunión.,12,0,1,0
0,no,NO,E,1,101,53,no,no,El dueño fue reconocido por su gato.,"[0.5795841217041016, 0.43256282806396484, 0.41377830505371094, 0.742457389831543, 0.41327548027038574, 0.41554927825927734, 0.35763072967529297, 1.2207739353179932, 0.4070932865142822, 2.420927047729492]",El perro corrió felizmente a su dueño cuando le reconoció.,12,1,1,0
0,no,0,0,0,100,54,no,no,0,"[0.6868736743927002, 0.432328462600708, 0.37807750701904297, 0.7052385807037354, 0.3307821750640869, 0.3429698944091797, 0.3701043128967285, 0.32713818550109863, 0.3239884376525879, 2.3077075481414795]",Miguel alquiló una bicicleta a un turista en la estación.,12,0,1,0
0,no,0,0,0,47,55,no,no,0,"[0.5827724933624268, 0.4376332759857178, 0.36719703674316406, 0.23345685005187988, 0.3954911231994629, 0.41506242752075195, 0.7316811084747314, 0.5584995746612549, 0.2497844696044922, 1.0992929935455322, 1.4049019813537598]",Marta descartó a una aspirante en la selección en un día.,12,1,1,0
0,no,SI,E,1,14,56,no,no,Helena estaba en un campo de fútbol.,"[0.759300947189331, 0.6465070247650146, 0.3946259021759033, 0.33777713775634766, 0.35188746452331543, 0.6509921550750732, 0.34553003311157227, 0.39281463623046875, 1.8482744693756104, 0.6251261234283447, 0.5085148811340332]",Helena derribó a la barrera en el campo durante el partido.,12,2,1,0
0,no,0,0,0,10,57,no,no,0,"[0.598548173904419, 0.37992048263549805, 0.5298740863800049, 0.43717336654663086, 0.3201172351837158, 0.5614910125732422, 1.2098562717437744, 0.4413628578186035, 0.5232584476470947, 1.0522541999816895]",Mateo eliminó la carpeta en el banco en pocos segundos.,12,5,1,0
0,no,NO,E,1,101,58,no,no,Luis envió un paquete a su hermano.,"[0.7643449306488037, 0.3724522590637207, 2.9133663177490234, 0.6267151832580566, 0.4383983612060547, 0.33904123306274414, 0.39518046379089355, 0.31838321685791016, 0.7779803276062012]",Luis envíe un paquete a su primo en Alemania.,12,0,1,0
0,no,NO,E,1,100,59,no,no,Andrés contó una historia,"[0.654923677444458, 0.34926533699035645, 0.37882161140441895, 0.4082047939300537, 0.6399779319763184, 0.3190736770629883, 0.37905097007751465, 0.4051070213317871, 0.35016393661499023, 0.7274250984191895]",Andrés cantó una canción a su hija antes de acostarla.,12,0,1,0
0,no,0,0,0,100,60,no,no,0,"[0.5132894515991211, 0.3951742649078369, 0.46150827407836914, 0.35629963874816895, 0.32108616828918457, 0.3365790843963623, 1.5290906429290771, 0.360398530960083, 0.3875253200531006, 0.47308850288391113]",El gato saltó a la mesa para robar la comida.,12,1,1,0
0,no,0,0,0,48,61,no,no,0,"[0.5403015613555908, 0.5754940509796143, 0.3605232238769531, 0.3439149856567383, 0.41652941703796387, 0.9210941791534424, 0.4367392063140869, 0.6836233139038086, 0.4162769317626953, 1.6322996616363525, 1.5963943004608154]",Samuel descubrió a la tabla en el museo en pocas horas.,12,2,1,0
0,no,0,0,0,101,62,no,no,0,"[0.5090951919555664, 0.4351639747619629, 0.5104668140411377, 0.7132449150085449, 0.3805961608886719, 0.36814332008361816, 0.8950381278991699, 0.6622717380523682, 0.3708033561706543, 1.8441896438598633]",Laura mostró las fotos a sus amigas en la parque.,12,0,1,0
0,no,No,E,1,100,63,no,no,El bebé dormía plácidamente.,"[0.7805633544921875, 0.47606945037841797, 0.5287661552429199, 2.676145315170288, 0.4258739948272705, 0.40431952476501465, 0.5844564437866211, 1.427178144454956, 0.8053114414215088, 1.2387008666992188]",El bebé lloraba constantemente durante la noche sin razón aparente.,12,2,1,0
0,no,SI,A,1,32,64,no,no,Martin estaba en el hospital.,"[0.6643307209014893, 0.5206022262573242, 0.42358851432800293, 0.6815090179443359, 0.4284365177154541, 0.3764171600341797, 0.5240836143493652, 0.39624786376953125, 0.36559510231018066, 0.5360963344573975]",Martín buscó la escalera en el hospital durante dos horas.,12,5,1,0
0,no,NO,E,1,34,65,no,no,Carmen vio una representación teatral.,"[0.673375129699707, 0.550971269607544, 0.4722256660461426, 0.4798297882080078, 0.40384721755981445, 0.38815903663635254, 0.4502086639404297, 0.3951239585876465, 0.35095882415771484, 0.7634320259094238]",Carmen odió una vendedora en el cine durante la película.,12,4,1,0
0,no,0,0,0,100,66,no,no,0,"[1.0207593441009521, 0.47464656829833984, 0.5534865856170654, 0.38237714767456055, 0.3658173084259033, 0.35115766525268555, 0.34939122200012207, 0.3330075740814209, 0.3597533702850342, 0.3958466053009033, 1.704791784286499]",Mi hermano vendió su coche a un amigo de la universidad.,12,0,1,0
0,no,NO,E,1,16,67,no,no,La guerra duró más de dos años.,"[0.5795736312866211, 0.416964054107666, 2.264045476913452, 0.7467837333679199, 0.46508002281188965, 0.35574936866760254, 0.35788536071777344, 0.380631685256958, 0.4910738468170166, 0.5756042003631592]",Valentina venció la resistencia en la guerra en dos años.,12,5,1,0
0,no,SI,E,1,22,68,no,no,Hubo un asedio en la región.,"[0.638909101486206, 0.4100308418273926, 0.8744215965270996, 0.3788173198699951, 0.4801003932952881, 0.4040360450744629, 0.37482118606567383, 0.8796648979187012, 0.44449400901794434, 0.40064167976379395, 0.6121563911437988]",Carla asedió a la ciudad en la región durante bastante tiempo.,12,2,1,0
0,no,0,0,0,30,69,no,no,0,"[2.2148630619049072, 0.45354223251342773, 0.40347957611083984, 0.557894229888916, 0.38994574546813965, 0.3551342487335205, 0.6104817390441895, 0.7111599445343018, 0.3757903575897217, 0.5045192241668701]",Carlos esperó una profesora en la esquina durante una hora.,12,4,1,0
0,no,NO,E,1,100,70,no,no,Viajan a Argentina cada invierno.,"[0.6166000366210938, 0.42509937286376953, 0.7937862873077393, 0.43171262741088867, 0.6177675724029541, 0.4626920223236084, 0.824317455291748, 0.39397478103637695, 0.8655164241790771]",Mis padres viajan en avión a Argentina cada verano.,12,1,1,0
0,no,NO,E,1,18,71,no,no,María iba en bicicleta.,"[1.410999059677124, 0.37293577194213867, 0.351576566696167, 0.336627721786499, 0.4609231948852539, 0.9879200458526611, 0.48960137367248535, 1.1664857864379883, 0.7325258255004883, 0.3593776226043701, 0.6032660007476807]",María transportó a la mochilera en la furgoneta durante un día.,12,0,1,0
0,no,0,0,0,7,72,no,no,0,"[0.6824421882629395, 0.5118820667266846, 1.86629056930542, 2.9863688945770264, 0.8461453914642334, 0.45464515686035156, 0.4402499198913574, 0.44173312187194824, 0.5178215503692627, 1.280365228652954]",Tomás empujó una vieja a la puerta en pocos segundos.,12,4,1,0
0,no,SI,A,1,100,73,no,no,Laura se fue a Inglaterra.,"[0.6042115688323975, 0.5171875953674316, 0.4295825958251953, 0.3959813117980957, 0.899430513381958, 0.38666582107543945, 0.6256022453308105, 0.7444617748260498, 0.44560790061950684, 1.4137425422668457]",Laura se fue de vacaciones a Londres la semana pasada.,12,1,1,0
0,no,NO,E,1,100,74,no,no,Lucía y su compañero estaban en el salón.,"[0.5851554870605469, 0.6658949851989746, 0.49160146713256836, 0.4094076156616211, 0.35181617736816406, 0.3661649227142334, 0.41783952713012695, 0.4119753837585449, 0.4630606174468994, 2.2214393615722656]",Lucía ofreció un café a su compañero en la cocina.,12,0,1,0
0,no,NO,E,1,100,75,no,no,El tren llegó con retraso.,"[0.562415599822998, 0.44343113899230957, 0.3791372776031494, 1.7027528285980225, 0.43379878997802734, 0.37601780891418457, 1.9349300861358643, 1.3144736289978027, 0.4300212860107422, 0.7365217208862305]",El tren llegó puntual a la estación bajo la lluvia.,12,2,1,0
0,no,0,0,0,11,76,no,no,0,"[0.7202427387237549, 1.0022392272949219, 0.4719521999359131, 0.6721172332763672, 0.5126891136169434, 0.4373605251312256, 0.3773040771484375, 0.5963680744171143, 0.6951892375946045, 0.3901333808898926, 0.45697450637817383]",Valeria neutralizó a la bomba en la frontera en cinco minutos.,12,2,1,0
0,no,SI,A,1,100,77,no,no,La cena se preparó en casa.,"[0.6898849010467529, 0.40846681594848633, 0.4986379146575928, 0.3855013847351074, 0.6548490524291992, 1.279498815536499, 0.38117337226867676, 0.3372499942779541, 0.35824108123779297, 0.33565759658813477, 0.5307936668395996]",Mi madre preparó la cena a toda la familia en casa.,12,0,1,0
0,no,SI,A,1,100,78,no,no,Ellos corren en el centro.,"[0.70310378074646, 0.47080254554748535, 0.5334124565124512, 0.4330322742462158, 0.40293073654174805, 0.32674455642700195, 0.36226320266723633, 0.3621029853820801, 0.3795011043548584, 0.6449220180511475]",Ellos corren todas las mañanas por el parque del centro.,12,2,1,0
0,no,NO,E,1,25,79,no,no,Pedro observó durante unos minutos.,"[1.2783787250518799, 0.46689772605895996, 0.6008849143981934, 2.191693067550659, 0.48856449127197266, 0.3752706050872803, 0.3402214050292969, 0.46138882637023926, 0.4179091453552246, 0.4031825065612793, 0.5345869064331055]",Pedro observó a la secretaria en la oficina durante una hora.,12,0,1,0
0,no,NO,E,1,6,80,no,no,El beso tuvo lugar en un museo.,"[0.6360518932342529, 0.4848787784576416, 0.8826580047607422, 0.37349438667297363, 1.941843032836914, 0.38796114921569824, 0.38700437545776367, 0.5144360065460205, 0.3893723487854004, 0.33826375007629395, 0.798635721206665]",Francisco besó a una novia en la iglesia durante unos segundos.,12,1,1,0
0,no,NO,E,1,46,81,no,no,Alejandro estaba en el centro comercial.,"[0.6221544742584229, 0.6357283592224121, 0.3576791286468506, 0.4425323009490967, 0.48431849479675293, 1.4629528522491455, 0.4747469425201416, 1.0667095184326172, 0.379105806350708, 0.3719010353088379, 0.4777412414550781]",Alejandro identificó a una agresora en el aeropuerto en dos horas.,12,1,1,0
0,no,SI,A,1,39,82,no,no,Valeria fue a un concierto.,"[0.5670921802520752, 0.4674253463745117, 1.8314580917358398, 0.37523889541625977, 0.7940902709960938, 0.42951488494873047, 0.3719449043273926, 1.065997838973999, 1.6361124515533447, 0.43715715408325195]",Valeria admiró una cantante en el teatro durante el concierto.,12,4,1,0
0,no,0,0,0,44,83,no,no,0,"[0.6894121170043945, 0.4181065559387207, 0.3586399555206299, 1.4439668655395508, 0.48871302604675293, 0.35358190536499023, 0.3618032932281494, 0.35579919815063477, 0.5529768466949463, 0.8370485305786133]",Martín detectó la enfermedad en el hospital en dos minutos.,12,5,1,0
0,no,0,0,0,20,84,no,no,0,"[0.5583581924438477, 0.3871157169342041, 0.3988656997680664, 0.33705711364746094, 0.38704895973205566, 0.3417510986328125, 0.359630823135376, 0.3476698398590088, 1.9304876327514648, 0.814927339553833, 0.37616825103759766]",Claudia maltrató a la compañera en la casa durante varios años.,12,0,1,0
0,no,SI,A,1,37,85,no,no,Isabel miraba por la ventana.,"[0.7355124950408936, 0.44202136993408203, 0.3517932891845703, 0.4091055393218994, 0.3833165168762207, 0.3726921081542969, 0.47093987464904785, 0.8177225589752197, 0.3310089111328125, 0.5693376064300537]",Isabel vió la tormenta desde su ventana durante una mañana.,12,5,1,0
0,no,NO,E,1,101,86,no,no,LLegaron a casa después del aconecher.,"[0.5965969562530518, 0.5137054920196533, 0.37912440299987793, 0.4647367000579834, 0.995549201965332, 0.47461390495300293, 1.311476230621338, 0.36503171920776367, 0.3362276554107666, 2.175198793411255]",Los campesinos llegaron cansado a casa justo antes del anochecer.,12,1,1,0
0,no,SI,A,1,3,87,no,no,Lo que Pedro hizo fue un secuestro.,"[0.522712230682373, 0.4222853183746338, 0.5206694602966309, 0.37146592140197754, 0.6276726722717285, 1.217451810836792, 0.5686154365539551, 0.8162205219268799, 0.4448733329772949, 0.3283960819244385, 1.3371334075927734]",Pablo secuestró a una turista en el aeropuerto durante una hora.,12,1,1,0
0,no,0,0,0,100,88,no,no,0,"[0.6612741947174072, 0.6180870532989502, 0.5485913753509521, 0.4021306037902832, 0.4542069435119629, 0.39702415466308594, 0.3500053882598877, 0.3744521141052246, 0.868593692779541, 0.7247598171234131]",Estuvieron caminando a la orilla del mar toda la tarde.,12,1,1,0
0,no,SI,A,1,15,89,no,no,Lucia estaba en un bar.,"[0.5541489124298096, 0.45852017402648926, 0.3943443298339844, 1.6205193996429443, 0.45961833000183105, 0.7306334972381592, 1.6153843402862549, 0.3404684066772461, 0.4262688159942627, 0.7919967174530029]",Lucía destrozó la mesa en el bar en diez minutos.,12,5,1,0
0,no,0,0,0,100,90,no,no,0,"[0.5484850406646729, 0.43402743339538574, 0.3882594108581543, 0.3477296829223633, 0.33898401260375977, 0.360950231552124, 0.45229458808898926, 1.1050324440002441, 0.4547867774963379, 0.6394140720367432]",Isabel enseñó la receta a su prima en la cocina.,12,0,1,0
0,no,0,0,0,23,91,no,no,0,"[0.52545166015625, 0.5634176731109619, 0.3861680030822754, 0.34355759620666504, 1.5832760334014893, 0.41655659675598145, 1.1977992057800293, 0.5391230583190918, 0.4110133647918701, 1.3475816249847412, 1.9002759456634521]",Daniel remolcó a la motocicleta en la calle durante algunos minutos.,12,2,1,0
0,no,0,0,0,33,92,no,no,0,"[0.47838735580444336, 0.5012600421905518, 0.34157443046569824, 0.37081480026245117, 0.6446285247802734, 0.3570544719696045, 0.37125158309936523, 0.33059239387512207, 0.32116031646728516, 0.9279172420501709]",Marco imaginó la amiga en la playa durante dos minutos.,12,3,1,0
0,no,SI,A,1,0,93,no,no,La acción tuvo lugar en la calle.,"[0.8568332195281982, 0.5552701950073242, 0.4131143093109131, 0.4386162757873535, 0.46407437324523926, 0.4303462505340576, 0.35323333740234375, 0.4173877239227295, 0.36896371841430664, 0.6722636222839355, 2.3470101356506348]",Juan golpeó a la piedra en la calle en diez segundos.,12,2,1,0
0,no,0,0,0,100,94,no,no,0,"[0.6246626377105713, 0.5018613338470459, 0.6059584617614746, 0.4648623466491699, 0.4226102828979492, 0.4260382652282715, 1.404757022857666, 0.4799952507019043, 2.875542402267456, 0.5301289558410645]",Rosa recomendó un libro a su colega durante el almuerzo.,12,0,1,0
0,no,0,0,0,100,95,no,no,0,"[0.7935478687286377, 0.4248991012573242, 0.9821767807006836, 0.47162294387817383, 0.7627322673797607, 0.4038820266723633, 0.3384983539581299, 0.3208291530609131, 0.3223459720611572, 0.37188076972961426, 0.5479755401611328]",Me encontré inesperadamente a Paula en el tren de las siete.,12,1,1,0
0,no,0,0,0,29,96,no,no,0,"[1.0708236694335938, 0.4159524440765381, 0.3217761516571045, 0.3125448226928711, 2.510162115097046, 0.42362284660339355, 0.33052849769592285, 0.43958234786987305, 0.45302820205688477, 0.4832744598388672, 4.39135479927063]",Alfonso miró a la estrella en la colina durante dos horas.,12,2,1,0
0,no,SI,A,1,100,97,no,no,El gato está sobre la manta cerca del sofá.,"[0.4783210754394531, 0.4866371154785156, 0.4561629295349121, 0.3978085517883301, 1.3071191310882568, 0.3791995048522949, 1.86080002784729, 0.35619187355041504, 0.3459174633026123, 0.626835823059082]",El gato duerme tranquilo sobre la manta cerca del sofá.,12,2,1,0
0,no,0,0,0,100,98,no,no,0,"[0.47615599632263184, 0.36350107192993164, 0.3461141586303711, 0.3618967533111572, 0.3911302089691162, 0.3294539451599121, 0.36193227767944336, 1.974409818649292, 0.4262373447418213, 0.9281737804412842]",Julia pasó la sal a su madre durante la cena.,12,0,1,0
0,no,0,0,0,100,99,no,no,0,"[0.44368767738342285, 0.40557360649108887, 0.3777730464935303, 0.3370180130004883, 0.32196831703186035, 0.30933308601379395, 0.3581666946411133, 0.44011712074279785, 0.7429206371307373]",Carlos estornudó fuerte en medio de la reunión ayer.,12,2,1,0
0,no,0,0,0,43,100,no,no,0,"[0.8017017841339111, 0.4633667469024658, 0.38939929008483887, 0.33072543144226074, 0.43884968757629395, 0.41840410232543945, 0.49068164825439453, 0.7677536010742188, 0.4115924835205078, 0.6071176528930664, 0.9979457855224609]",Sofía conoció a la chica en el colegio en dos días.,12,0,1,0
0,no,0,0,0,13,101,no,no,0,"[0.656893253326416, 0.6458520889282227, 0.5752952098846436, 0.4641425609588623, 0.48957014083862305, 0.4229881763458252, 1.2427291870117188, 2.018862247467041, 0.3575170040130615, 0.5133826732635498]",Martina atropelló una anciana en el aparcamiento en pocos minutos.,12,4,1,0
0,no,NO,E,1,101,102,no,no,El profesor y los alumnos estaban fuera del aula.,"[0.5515327453613281, 0.46642327308654785, 0.4268665313720703, 0.42640018463134766, 0.47072458267211914, 1.1113073825836182, 0.4664318561553955, 0.4738941192626953, 2.5482494831085205]",El profesor explicó la lección los alumnos en clase.,12,0,1,0
0,no,0,0,0,100,103,no,no,0,"[0.5520787239074707, 0.4212615489959717, 0.4649224281311035, 0.44829797744750977, 0.49836182594299316, 0.6292686462402344, 0.41460537910461426, 0.3686103820800781, 0.3494999408721924, 0.852226734161377]",El niño duerme tranquilo en su cama todas las noches.,12,2,1,0
0,no,SI,A,1,100,104,no,no,Ana escribió la carta desde la playa.,"[0.48641085624694824, 0.40648388862609863, 0.3750932216644287, 0.3980066776275635, 0.4146156311035156, 0.37123966217041016, 0.7016429901123047, 0.3869161605834961, 0.3565232753753662, 0.571251392364502]",Ana escribió una carta a su abuela desde la playa.,12,0,1,0
0,no,0,0,0,100,105,no,no,0,"[0.8766438961029053, 0.8680312633514404, 0.6213347911834717, 0.3997666835784912, 0.6093807220458984, 0.4273560047149658, 0.4576854705810547, 0.4961516857147217, 1.333204746246338, 0.8962359428405762]",El avión aterrizó sin problemas en el aeropuerto de Madrid.,12,2,1,0
4,no,NO,0,1,100,0,yes,yes,Llegaron a la universidad cuando ya estaba cerrada.,0,Los estudiantes llegaron a la universidad antes de que cerrara.,12,1,1,0
4,no,0,0,0,100,1,yes,yes,0,0,El ladrón escapó a toda prisa por la puerta trasera.,12,1,1,0
3,no,0,0,0,100,2,yes,yes,0,0,La conferencia empezará con puntualidad a las diez y media.,12,1,1,0
1,no,0,0,0,100,3,yes,yes,0,0,Los niños corrieron a la plaza con sus amigos.,12,1,1,0
0,no,SI,0,1,3,0,yes,no,Lo que Pedro hizo fue un secuestro.,0,Pablo secuestró a la camioneta en el aeropuerto durante una hora.,12,2,1,0
1,no,NO,0,1,1,1,yes,no,Carlos tardó mucho en hacer el asalto.,0,Carlos asaltó a la camioneta en el barrio en pocos instantes.,12,2,1,0
4,no,0,0,0,44,2,yes,no,0,0,Martín detectó la intrusa en el hospital en dos minutos.,12,3,1,0
0,no,NO,0,1,16,3,yes,no,La guerra duró más de dos años.,0,Valentina venció a la resistencia en la guerra en dos años.,12,2,1,0
3,no,0,0,0,17,4,yes,no,0,0,Luis zarandeó a una mujer en la casa durante algunos minutos.,12,1,1,0
1,no,0,0,0,33,5,yes,no,0,0,Marco imaginó a la fiesta en la playa durante dos minutos.,12,2,1,0
4,no,NO,0,1,46,6,yes,no,Alejandro estaba en el centro comercial.,0,Alejandro identificó la amenaza en el aeropuerto en dos horas.,12,5,1,0
2,no,SI,0,1,22,7,yes,no,Hubo un asedio en la región.,0,Carla asedió a una contrincante en la región durante bastante tiempo.,12,1,1,0
0,no,0,0,0,40,8,yes,no,0,0,Adrián percibió a la sombra detrás de él durante algunos minutos.,12,2,1,0
0,no,0,0,0,10,9,yes,no,0,0,Mateo eliminó a la carpeta en el banco en pocos segundos.,12,2,1,0
4,no,NO,0,1,25,10,yes,no,Pedro observó durante unos minutos.,0,Pedro observó una secretaria en la oficina durante una hora.,12,4,1,0
0,no,0,0,0,23,11,yes,no,0,0,Daniel remolcó a la enferma en la calle durante algunos minutos.,12,0,1,0
3,no,NO,0,1,34,12,yes,no,Carmen vio una representación teatral.,0,Carmen odió una vendedora en el cine durante la película.,12,4,1,0
1,no,NO,0,1,6,13,yes,no,El beso tuvo lugar en un museo.,0,Francisco besó una novia en la iglesia durante unos segundos.,12,4,1,0
0,no,0,0,0,38,14,yes,no,0,0,Unai amó a la jovencita en su pueblo durante varios años.,12,0,1,0
2,no,SI,0,1,39,15,yes,no,Valeria fue a un concierto.,0,Valeria admiró a una cantante en el teatro durante el concierto.,12,1,1,0
4,no,0,0,0,29,16,yes,no,0,0,Alfonso miró la granjera en la colina durante dos horas.,12,3,1,0
2,no,0,0,0,13,17,yes,no,0,0,Martina atropelló a una anciana en el aparcamiento en pocos minutos.,12,1,1,0
1,no,0,0,0,24,18,yes,no,0,0,Coral guió la decisión en el palacio en una hora.,12,5,1,0
4,no,0,0,0,48,19,yes,no,0,0,Samuel descubrió una infiltrada en el museo en pocas horas.,12,4,1,0
1,no,0,0,0,43,20,yes,no,0,0,Sofía conoció a la chica en el colegio en dos días.,12,0,1,0
4,no,0,0,0,35,21,yes,no,0,0,Carlos vigiló la operación en la habitación durante unas horas.,12,5,1,0
1,no,0,0,0,42,22,yes,no,0,0,Ismael encontró la dificultad en la carretera en pocas horas.,12,5,1,0
2,no,0,0,0,20,23,yes,no,0,0,Claudia maltrató a la compañera en la casa durante varios años.,12,0,1,0
4,no,SI,0,1,41,24,yes,no,Emma pasó semanas investigando.,0,Emma investigó una empresaria en la ciudad durante varias semanas.,12,4,1,0
1,no,SI,0,1,15,25,yes,no,Lucia estaba en un bar.,0,Lucía destrozó la mesa en el bar en diez minutos.,12,5,1,0
2,no,0,0,0,30,26,yes,no,0,0,Carlos esperó la furgoneta en la esquina durante una hora.,12,5,1,0
1,no,SI,0,1,8,27,yes,no,Helena estaba en el patio.,0,Helena colgó a la criminal en el patio en cinco minutos.,12,0,1,0
2,no,NO,0,1,18,28,yes,no,María iba en bicicleta.,0,María transportó a una mochilera en la furgoneta durante un día.,12,1,1,0
4,no,0,0,0,49,29,yes,no,0,0,Alba mencionó una actriz en el teatro tras varios minutos.,12,4,1,0
4,no,SI,0,1,37,30,yes,no,Isabel miraba por la ventana.,0,Isabel vió la estudiante desde su ventana durante una mañana.,12,3,1,0
2,no,0,0,0,36,31,yes,no,0,0,Irene oyó a la niña en la sala durante una noche.,12,0,1,0
0,no,0,0,0,7,32,yes,no,0,0,Tomás empujó la vieja a la puerta en pocos segundos.,12,3,1,0
0,no,0,0,0,47,33,yes,no,0,0,Marta descartó una aspirante en la selección en un día.,12,4,1,0
4,no,0,0,0,21,34,yes,no,0,0,Hugo apaleó a la muñeca en la calle durante varios minutos.,12,2,1,0
3,no,0,0,0,19,35,yes,no,0,0,Lucas arrastró la carreta en la calle por un tiempo.,12,5,1,0
4,no,0,0,0,5,36,yes,no,0,0,Manuel abrazó a la planta en el parque en pocos instantes.,12,2,1,0
2,no,0,0,0,26,37,yes,no,0,0,Juan escuchó una vecina en el balcón durante una noche.,12,4,1,0
1,no,NO,0,1,2,38,yes,no,La acción tuvo lugar en el parque.,0,Simón pateó la jugadora en la cancha en un instante.,12,3,1,0
1,no,SI,0,1,14,39,yes,no,Helena estaba jugando un partido de fútbol.,0,Helena derribó a la futbolista en el campo durante el partido.,12,0,1,0
1,no,SI,0,1,28,40,yes,no,Anna estaba en la escuela.,0,Anna comprendió la maestra en la escuela en dos minutos.,12,3,1,0
0,no,NO,0,1,31,41,yes,no,Miguel tuvo que esperar una semana.,0,Miguel recibió a la invitada en la casa en un día.,12,0,1,0
4,no,NO,0,1,12,42,yes,no,El combate duró varias horas.,0,Paula abatió a una contrincante en el ring en pocos minutos.,12,1,1,0
4,no,0,0,0,4,43,yes,no,0,0,Jorge arrolló la ciclista en la calle en un segundo.,12,3,1,0
1,no,0,0,0,45,44,yes,no,0,0,Gabriela localizó la bodega en la ciudad en dos minutos.,12,5,1,0
3,no,SI,0,1,32,45,yes,no,Martin estaba en el hospital.,0,Martín buscó a una médica en el hospital durante dos horas.,12,1,1,0
4,no,SI,0,1,0,46,yes,no,La acción tuvo lugar en la calle.,0,Juan golpeó a una actriz en la calle en diez segundos.,12,1,1,0
0,no,SI,0,1,27,47,yes,no,Felipe es presentador de teatro.,0,Felipe anunció la actuación en el escenario en cinco minutos.,12,5,1,0
1,no,SI,0,1,9,48,yes,no,Había fuego en la plaza.,0,Carlos quemó a la bruja en la plaza en pocos minutos.,12,0,1,0
1,no,0,0,0,11,49,yes,no,0,0,Valeria neutralizó la criminal en la frontera en cinco minutos.,12,3,1,0
0,yes,0,0,0,11,0,yes,no,0,0,Lo que Marco hizo a la amiga fue imaginarla.,12,6,1,0
0,yes,0,0,0,11,1,yes,no,0,0,Lo que Valeria hizo a la cantante fue admirarla.,12,6,1,0
2,yes,0,0,0,11,2,yes,no,0,0,Lo que Jorge hizo a la ciclista fue arrollarla.,12,6,1,0
2,yes,0,0,0,11,3,yes,no,0,0,Lo que Pablo hizo a la turista fue secuestrarla.,12,6,1,0
1,yes,0,0,0,11,4,yes,no,0,0,Lo que Juan hizo a la vecina fue escucharla.,12,6,1,0
1,yes,0,0,0,11,5,yes,no,0,0,Lo que Felipe hizo a la cantante fue anunciarla.,12,6,1,0
1,yes,0,0,0,11,6,yes,no,0,0,Lo que Lucas hizo a la víctima fue arrastrarla.,12,6,1,0
0,yes,0,0,0,11,7,yes,no,0,0,Lo que Irene hizo a la niña fue oírla.,12,6,1,0
1,yes,0,0,0,11,8,yes,no,0,0,Lo que Helena hizo a la criminal fue colgarla.,12,6,1,0
2,yes,0,0,0,11,9,yes,no,0,0,Lo que Martina hizo a la anciana fue atropellarla.,12,6,1,0
1,yes,0,0,0,11,10,yes,no,0,0,Lo que Pedro hizo a la secretaria fue observarla.,12,6,1,0
1,yes,0,0,0,11,11,yes,no,0,0,Lo que Maria hizo a la mochilera fue transportarla.,12,6,1,0
1,yes,0,0,0,11,12,yes,no,0,0,Lo que Carla hizo a la contrincante fue asediarla.,12,6,1,0
1,yes,0,0,0,11,13,yes,no,0,0,Lo que Emma hizo a la empresaria fue investigarla.,12,6,1,0
0,yes,0,0,0,11,14,yes,no,0,0,Lo que Isabel hizo a la estudiante fue verla.,12,6,1,0
1,yes,0,0,0,11,15,yes,no,0,0,Lo que Sofía hizo a la chica fue conocerla.,12,6,1,0
2,yes,0,0,0,11,16,yes,no,0,0,Lo que Tomás hizo a la vieja fue empujarla.,12,6,1,0
1,yes,0,0,0,11,17,yes,no,0,0,Lo que Claudia hizo a la compañera fue maltratarla.,12,6,1,0
0,yes,0,0,0,11,18,yes,no,0,0,Lo que Daniel hizo a la enferma fue remolcarla.,12,6,1,0
0,yes,0,0,0,11,19,yes,no,0,0,Lo que Martín hizo a la intrusa fue detectarla.,12,6,1,0
0,no,0,0,0,100,0,no,yes,0,"[1.6810040473937988, 1.24888277053833, 1.0624449253082275, 0.9442977905273438, 0.8856279850006104, 0.8404762744903564, 0.882378339767456, 0.7624139785766602, 0.8683855533599854]",Los niños corrieron a la plaza con sus amigos.,13,1,1,0
0,no,NO,E,1,100,1,no,yes,Llegaron a la universidad cuando ya estaba cerrada.,"[1.0925981998443604, 1.461848497390747, 1.045008659362793, 0.959435224533081, 1.0203311443328857, 1.1226966381072998, 0.9316818714141846, 0.8428802490234375, 0.8530254364013672, 1.4269907474517822]",Los estudiantes llegaron a la universidad antes de que cerrara.,13,1,1,0
0,no,0,0,0,100,2,no,yes,0,"[1.3943862915039062, 1.2298836708068848, 1.0555412769317627, 1.1466944217681885, 1.007234811782837, 0.9612531661987305, 0.9638538360595703, 0.9533805847167969, 0.8933815956115723, 0.9291403293609619]",El ladrón escapó a toda prisa por la puerta trasera.,13,1,1,0
0,no,0,0,0,100,3,no,yes,0,"[1.023367166519165, 1.088259220123291, 0.9855716228485107, 1.0031077861785889, 0.9821341037750244, 1.020078420639038, 0.9597432613372803, 0.8970253467559814, 1.0521721839904785, 1.0180692672729492]",La conferencia empezará con puntualidad a las diez y media.,13,1,1,0
0,no,NO,E,1,31,0,no,no,Miguel tuvo que esperar una semana.,"[1.528977394104004, 1.4025256633758545, 1.251462459564209, 1.2660434246063232, 1.259598970413208, 1.155670166015625, 1.1130986213684082, 0.8860094547271729, 0.800818920135498, 1.3976047039031982]",Miguel recibió la caja en la casa en un día.,13,5,1,0
0,no,0,0,0,101,1,no,no,0,"[1.2293200492858887, 1.0487730503082275, 1.0969009399414062, 1.3755075931549072, 1.1130011081695557, 2.8959624767303467, 0.6716344356536865, 1.0102295875549316, 0.6518387794494629, 0.9091434478759766]",María se despertó sobresaltado a los gritos de su hermano.,13,1,1,0
0,no,SI,A,1,101,2,no,no,El bebé sonrió a su madre.,"[1.471099615097046, 1.3672327995300293, 1.1680519580841064, 1.2006709575653076, 1.0501973628997803, 0.8957984447479248, 0.8645427227020264, 1.0105366706848145, 0.711590051651001, 0.7082138061523438]",El bebé sonreí dulcemente a su madre desde la cuna.,13,1,1,0
0,no,NO,E,1,101,3,no,no,El profesor y los alumnos estaban fuera del aula.,"[1.2057430744171143, 1.2082433700561523, 1.0632543563842773, 0.9220459461212158, 0.793738842010498, 0.8248438835144043, 0.729630708694458, 0.5862085819244385, 1.2288002967834473]",El profesor explicó la lección los alumnos en clase.,13,0,1,0
0,no,0,0,0,4,4,no,no,0,"[1.088799238204956, 0.8439085483551025, 0.8635232448577881, 0.95619797706604, 0.8951730728149414, 0.8221645355224609, 0.83522629737854, 0.9279477596282959, 0.7710909843444824, 0.6831521987915039]",Jorge arrolló una ciclista en la calle en un segundo.,13,4,1,0
0,no,0,0,0,5,5,no,no,0,"[1.281653881072998, 1.8487684726715088, 1.044877052307129, 0.8984246253967285, 1.1426937580108643, 0.8670811653137207, 1.0093591213226318, 1.2433898448944092, 0.9395186901092529, 0.897580623626709, 0.9257245063781738]",Manuel abrazó a la señora en el parque en pocos instantes.,13,0,1,0
0,no,NO,E,1,34,6,no,no,Carmen vio una representación teatral.,"[1.2676780223846436, 0.998525857925415, 0.9273824691772461, 0.8610503673553467, 1.0038948059082031, 0.8572430610656738, 0.8347668647766113, 0.9255146980285645, 0.7409119606018066, 0.6258974075317383, 0.8109512329101562]",Carmen odió a la vendedora en el cine durante la película.,13,0,1,0
0,no,SI,E,1,3,7,no,no,Lo que Pedro hizo fue un secuestro.,"[0.9373753070831299, 1.127882957458496, 1.0411694049835205, 0.8455948829650879, 0.8691425323486328, 0.8286750316619873, 0.7280521392822266, 0.7856383323669434, 0.6554532051086426, 0.6869347095489502]",Pablo secuestró la turista en el aeropuerto durante una hora.,13,3,1,0
0,no,NO,E,1,101,8,no,no,LLegaron a casa después del aconecher.,"[0.9562370777130127, 1.7969458103179932, 1.4439020156860352, 0.8920273780822754, 0.8585672378540039, 0.7533087730407715, 0.8836846351623535, 1.082444429397583, 0.8656339645385742, 1.3540112972259521]",Los campesinos llegaron cansado a casa justo antes del anochecer.,13,1,1,0
0,no,0,0,0,48,9,no,no,0,"[0.9962155818939209, 0.9755630493164062, 0.8907904624938965, 0.8807096481323242, 0.9048805236816406, 0.8420982360839844, 0.7896938323974609, 0.7220847606658936, 0.7487356662750244, 0.7061593532562256, 0.9666135311126709]",Samuel descubrió a la tabla en el museo en pocas horas.,13,2,1,0
0,no,NO,E,1,18,10,no,no,María iba en bicicleta.,"[1.3294117450714111, 0.9458882808685303, 1.1815342903137207, 0.9000732898712158, 0.856041431427002, 0.7305245399475098, 0.8759918212890625, 0.9411158561706543, 0.797827959060669, 0.9617884159088135]",María transportó una mochilera en la furgoneta durante un día.,13,4,1,0
0,no,SI,A,1,37,11,no,no,Isabel miraba por la ventana.,"[0.9073643684387207, 0.8282403945922852, 0.7776033878326416, 0.9129092693328857, 0.8227138519287109, 0.6645493507385254, 0.6817977428436279, 0.6039986610412598, 0.518953800201416, 0.5666711330413818]",Isabel vió la estudiante desde su ventana durante una mañana.,13,3,1,0
0,no,NO,E,1,100,12,no,no,Lucía y su compañero estaban en el salón.,"[1.0327060222625732, 0.8023025989532471, 0.9454250335693359, 0.7550523281097412, 0.6983716487884521, 0.8728735446929932, 1.5443360805511475, 0.4203317165374756, 0.4267082214355469, 1.792145013809204]",Lucía ofreció un café a su compañero en la cocina.,13,0,1,0
0,no,NO,E,1,46,13,no,no,Alejandro estaba en el centro comercial.,"[0.9429385662078857, 1.2238609790802002, 0.9777672290802002, 1.4894545078277588, 0.5535802841186523, 0.5651869773864746, 0.8314564228057861, 0.4110879898071289, 0.4472157955169678, 0.500103235244751]",Alejandro identificó una agresora en el aeropuerto en dos horas.,13,4,1,0
0,no,0,0,0,100,14,no,no,0,"[1.1752452850341797, 0.848358154296875, 0.8171727657318115, 0.6417710781097412, 0.8066596984863281, 0.6026978492736816, 0.5089578628540039, 0.6155965328216553, 0.5959036350250244, 0.5119853019714355, 0.5566411018371582]",Me encontré inesperadamente a Paula en el tren de las siete.,13,1,1,0
0,no,0,0,0,35,15,no,no,0,"[1.43975830078125, 0.9351367950439453, 0.7216274738311768, 0.5722885131835938, 1.2108697891235352, 0.48504066467285156, 0.49599409103393555, 1.5484182834625244, 0.5072042942047119, 0.794933557510376, 2.287966728210449]",Carlos vigiló a la niña en la habitación durante unas horas.,13,0,1,0
0,no,NO,E,1,100,16,no,no,El coche era azul.,"[0.7285990715026855, 0.6926357746124268, 0.9018278121948242, 0.9670674800872803, 0.8639295101165771, 0.4616105556488037, 0.46536684036254883, 0.5520966053009033, 0.41575098037719727, 1.5173218250274658]",El coche rojo aparcó frente a la casa de Marta.,13,2,1,0
0,no,SI,A,1,27,17,no,no,Felipe es presentador de teatro.,"[0.8021347522735596, 0.6016981601715088, 0.5196449756622314, 0.5333766937255859, 0.6864778995513916, 0.5486512184143066, 0.7305316925048828, 0.6119170188903809, 0.46372389793395996, 0.5374581813812256, 2.1587486267089844]",Felipe anunció a la actuación en el escenario en cinco minutos.,13,2,1,0
0,no,NO,E,1,101,18,no,no,El avión despegó con retraso.,"[0.5779392719268799, 0.6849727630615234, 4.450870037078857, 0.5393321514129639, 0.7661774158477783, 0.5508847236633301, 0.805382251739502, 0.45554280281066895, 0.8860440254211426, 0.5579648017883301]",El avión despegó puntualmente a la siete de la mañana.,13,1,1,0
0,no,0,0,0,101,19,no,no,0,"[0.5531234741210938, 0.5834441184997559, 0.802893877029419, 0.6656410694122314, 0.43393802642822266, 0.4302182197570801, 0.41915321350097656, 0.5322861671447754, 0.6731762886047363]",La película empiezan exactamente a las ocho en punto.,13,1,1,0
0,no,0,0,0,100,20,no,no,0,"[0.6859209537506104, 0.5886566638946533, 0.6215670108795166, 0.45325636863708496, 0.48662805557250977, 0.4352128505706787, 0.5474085807800293, 0.4891819953918457, 0.3654015064239502, 1.8269505500793457]",El anciano hablaba a solas consigo mismo en el jardín.,13,1,1,0
0,no,0,0,0,100,21,no,no,0,"[0.789487361907959, 0.7230441570281982, 0.6111359596252441, 0.5028467178344727, 0.538923978805542, 0.5549914836883545, 0.5014011859893799, 0.44292259216308594, 0.36420440673828125, 0.46053171157836914]",El gato saltó a la mesa para robar la comida.,13,1,1,0
0,no,NO,E,1,100,22,no,no,Andrés contó una historia,"[0.6967949867248535, 0.597212553024292, 0.6234226226806641, 0.840583086013794, 0.4035811424255371, 0.38762354850769043, 0.43189191818237305, 0.40622973442077637, 0.39542222023010254, 0.7055337429046631]",Andrés cantó una canción a su hija antes de acostarla.,13,0,1,0
0,no,SI,A,1,100,23,no,no,La cena se preparó en casa.,"[0.42606186866760254, 2.3232316970825195, 0.5939137935638428, 0.6299805641174316, 0.4825282096862793, 0.37583398818969727, 0.44913434982299805, 0.4324772357940674, 0.4718022346496582, 0.4252502918243408, 0.6595590114593506]",Mi madre preparó la cena a toda la familia en casa.,13,0,1,0
0,no,0,0,0,47,24,no,no,0,"[0.45357275009155273, 0.47169041633605957, 0.3961331844329834, 0.36663317680358887, 0.891108512878418, 0.4422578811645508, 0.42629432678222656, 0.9406147003173828, 0.40114641189575195, 0.4865996837615967, 0.7488658428192139]",Marta descartó a la aspirante en la selección en un día.,13,0,1,0
0,no,0,0,0,19,25,no,no,0,"[0.6099836826324463, 0.5806453227996826, 0.6651155948638916, 0.8338637351989746, 0.8360753059387207, 0.5204136371612549, 0.6450991630554199, 0.675567626953125, 0.6171972751617432, 0.5935325622558594]",Lucas arrastró la carreta en la calle por un tiempo.,13,5,1,0
0,no,0,0,0,23,26,no,no,0,"[0.6932373046875, 0.7441725730895996, 0.6571228504180908, 0.62272047996521, 0.7465012073516846, 0.6982748508453369, 0.7284600734710693, 0.6417205333709717, 0.5719037055969238, 0.4438910484313965, 1.3450798988342285]",Daniel remolcó a una enferma en la calle durante algunos minutos.,13,1,1,0
0,no,0,0,0,17,27,no,no,0,"[0.659003496170044, 0.7347812652587891, 0.6755070686340332, 0.6402842998504639, 0.6763486862182617, 0.13792181015014648, 1.0869464874267578, 0.680152177810669, 0.5289409160614014, 0.5101521015167236]",Luis zarandeó una mujer en la casa durante algunos minutos.,13,4,1,0
0,no,NO,E,1,12,28,no,no,El combate duró varias horas.,"[0.6049377918243408, 0.6983485221862793, 0.6231873035430908, 1.024432897567749, 0.6094608306884766, 0.6063065528869629, 0.5474898815155029, 0.6546525955200195, 0.5945677757263184, 0.5888528823852539]",Paula abatió la resistencia en el ring en pocos minutos.,13,5,1,0
0,no,SI,A,1,9,29,no,no,Había fuego en la plaza.,"[0.5663449764251709, 0.552323579788208, 0.5922203063964844, 0.5545656681060791, 0.5982179641723633, 0.5041470527648926, 0.5424938201904297, 0.49567270278930664, 0.4410407543182373, 0.5029294490814209, 1.683354377746582]",Carlos quemó a la página en la plaza en pocos minutos.,13,2,1,0
0,no,0,0,0,100,30,no,no,0,"[0.6026136875152588, 0.5824036598205566, 0.6659672260284424, 0.7065601348876953, 0.6691410541534424, 0.520716667175293, 0.50211501121521, 0.5132169723510742, 0.645806074142456, 0.4958977699279785, 0.5632147789001465]",La lluvia cayó fuerte sobre el techo durante toda la noche.,13,2,1,0
0,no,0,0,0,100,31,no,no,0,"[0.5032980442047119, 0.5565164089202881, 0.5507087707519531, 0.5408940315246582, 0.5278971195220947, 0.546349048614502, 0.5590310096740723, 0.5758044719696045, 0.6003036499023438, 0.5099236965179443, 0.7398643493652344]",Mi hermano vendió su coche a un amigo de la universidad.,13,0,1,0
0,no,0,0,0,100,32,no,no,0,"[0.5952019691467285, 0.5323934555053711, 0.6082117557525635, 0.5197186470031738, 0.6678242683410645, 0.5939271450042725, 1.0910944938659668, 0.39899182319641113, 0.4802212715148926]",El viento soplaba fuerte durante la tormenta de anoche.,13,2,1,0
0,no,0,0,0,44,33,no,no,0,"[0.5474531650543213, 0.6561617851257324, 0.5009851455688477, 0.4856710433959961, 0.5527112483978271, 0.516594648361206, 0.4533364772796631, 0.5215280055999756, 0.4893004894256592, 0.45834898948669434, 0.5310378074645996]",Martín detectó a una intrusa en el hospital en dos minutos.,13,1,1,0
0,no,0,0,0,101,34,no,no,0,"[0.5070071220397949, 0.5799424648284912, 0.5775399208068848, 0.5726091861724854, 0.5432970523834229, 0.6133401393890381, 0.5949649810791016, 1.2294001579284668]",Salimos temprano para evitar el tráfico la carretera.,13,2,1,0
0,no,NO,E,1,101,35,no,no,El dueño fue reconocido por su gato.,"[0.5475966930389404, 0.6628522872924805, 0.6008291244506836, 0.5983350276947021, 0.575941801071167, 0.5184755325317383, 0.5550436973571777, 0.4917721748352051, 0.4376184940338135, 0.6260323524475098]",El perro corrió felizmente a su dueño cuando le reconoció.,13,1,1,0
0,no,0,0,0,101,36,no,no,0,"[0.5575082302093506, 0.5437285900115967, 0.5582931041717529, 0.587775468826294, 0.5944845676422119, 0.5006692409515381, 0.4969770908355713, 0.5319488048553467, 0.46645307540893555, 0.6043927669525146]",El perro ladran fuerte cada vez que pasa un coche.,13,2,1,0
0,no,0,0,0,26,37,no,no,0,"[0.5747599601745605, 0.5391335487365723, 0.5654420852661133, 0.5842266082763672, 0.5558216571807861, 0.5399813652038574, 0.564579963684082, 0.519934892654419, 0.5316634178161621, 0.7684483528137207]",Juan escuchó una vecina en el balcón durante una noche.,13,4,1,0
0,no,0,0,0,45,38,no,no,0,"[0.6795485019683838, 0.620171308517456, 0.5306475162506104, 0.7444088459014893, 0.6312756538391113, 0.6160905361175537, 1.6123299598693848, 0.6033761501312256, 0.619769811630249, 0.8364853858947754]",Gabriela localizó la amiga en la ciudad en dos minutos.,13,3,1,0
0,no,SI,A,1,100,39,no,no,Laura se fue a Inglaterra.,"[0.7671477794647217, 0.5883102416992188, 0.6388020515441895, 0.5451931953430176, 0.630380392074585, 0.6229121685028076, 0.6845202445983887, 0.6051449775695801, 0.7678370475769043, 0.7031950950622559]",Laura se fue de vacaciones a Londres la semana pasada.,13,1,1,0
0,no,NO,E,1,1,40,no,no,Carlos tardó mucho en hacer el asalto.,"[0.5250663757324219, 0.603703498840332, 0.4223823547363281, 0.48695969581604004, 0.5778608322143555, 0.46816563606262207, 0.5046284198760986, 0.5188753604888916, 0.4835631847381592, 0.504885196685791, 1.3493890762329102]",Carlos asaltó a la conductora en el barrio en pocos instantes.,13,0,1,0
0,no,0,0,0,20,41,no,no,0,"[0.4584624767303467, 0.5076637268066406, 0.4636197090148926, 0.39896202087402344, 0.753014087677002, 0.5278580188751221, 0.46466612815856934, 0.6942381858825684, 0.5587975978851318, 0.5786662101745605, 0.8077316284179688]",Claudia maltrató a la camiseta en la casa durante varios años.,13,2,1,0
0,no,0,0,0,101,42,no,no,0,"[0.5592639446258545, 0.47050023078918457, 0.47598862648010254, 0.49996185302734375, 0.5094256401062012, 0.406219482421875, 0.4208183288574219, 0.38196420669555664, 0.39374399185180664, 0.8950152397155762]",Laura mostró las fotos a sus amigas en la parque.,13,0,1,0
0,no,NO,E,1,6,43,no,no,El beso tuvo lugar en un museo.,"[0.507230281829834, 0.7423040866851807, 0.5723161697387695, 0.4483206272125244, 0.5782599449157715, 0.4911506175994873, 0.5125644207000732, 0.8950791358947754, 0.8686769008636475, 1.8323049545288086]",Francisco besó la novia en la iglesia durante unos segundos.,13,3,1,0
0,no,0,0,0,100,44,no,no,0,"[0.5163688659667969, 0.4841442108154297, 0.4206364154815674, 0.6971194744110107, 0.5219874382019043, 0.38025903701782227, 0.4204423427581787, 0.40688586235046387, 0.365828275680542, 0.4404594898223877]",Julia pasó la sal a su madre durante la cena.,13,0,1,0
0,no,SI,A,1,28,45,no,no,Anna estaba en la escuela.,"[0.6475181579589844, 0.6519134044647217, 0.5168850421905518, 0.5846168994903564, 0.6011476516723633, 0.6649537086486816, 0.6376781463623047, 0.683967113494873, 0.5450725555419922, 0.6864736080169678]",Anna comprendió una maestra en la escuela en dos minutos.,13,4,1,0
0,no,0,0,0,21,46,no,no,0,"[0.5434274673461914, 0.5210247039794922, 0.4613618850708008, 0.4884777069091797, 0.4862809181213379, 0.49973154067993164, 1.3724493980407715, 0.396625280380249, 0.49272990226745605, 1.137885570526123]",Hugo apaleó la muñeca en la calle durante varios minutos.,13,5,1,0
0,no,SI,A,1,14,47,no,no,Helena estaba jugando un partido de fútbol.,"[0.4837796688079834, 0.42168498039245605, 0.40633130073547363, 0.5584378242492676, 0.3913271427154541, 0.6309833526611328, 0.8724682331085205, 0.41976284980773926, 0.45849037170410156, 0.6245934963226318]",Helena derribó una futbolista en el campo durante el partido.,13,4,1,0
0,no,0,0,0,101,48,no,no,0,"[0.6228160858154297, 0.5735630989074707, 0.5755157470703125, 0.441969633102417, 0.4817819595336914, 0.46045780181884766, 0.4474468231201172, 0.421353816986084, 0.3797140121459961, 0.4433910846710205]",Jorge compró un regalo su novia en el centro comercial.,13,0,1,0
0,no,SI,A,1,101,49,no,no,Ayer estudiaron matemáticas.,"[0.5172147750854492, 0.5796868801116943, 0.4715747833251953, 0.5843493938446045, 0.45165061950683594, 1.2095980644226074, 0.4044203758239746, 0.4589271545410156, 0.37805771827697754, 1.6399428844451904]",Nos sentamos juntos para estudiando matemáticas toda la tarde ayer.,13,2,1,0
0,no,0,0,0,101,50,no,no,0,"[0.5293676853179932, 0.4462916851043701, 0.7225065231323242, 0.47150373458862305, 0.5164260864257812, 0.42633628845214844, 0.4700911045074463, 0.4390249252319336, 1.2238547801971436]",Marta baila salsa con entusiasmo en las fiesta grandes.,13,2,1,0
0,no,0,0,0,33,51,no,no,0,"[0.7413389682769775, 0.4874427318572998, 0.5692527294158936, 0.6885120868682861, 0.49028468132019043, 0.44576597213745117, 0.47842884063720703, 0.46326231956481934, 0.4353961944580078, 0.5614652633666992]",Marco imaginó la fiesta en la playa durante dos minutos.,13,5,1,0
0,no,NO,E,1,100,52,no,no,Viajan a Argentina cada invierno.,"[0.6560995578765869, 0.5269784927368164, 0.49347782135009766, 0.49485039710998535, 0.4427978992462158, 0.446014404296875, 0.5602755546569824, 0.506619930267334, 0.951632022857666]",Mis padres viajan en avión a Argentina cada verano.,13,1,1,0
0,no,0,0,0,100,53,no,no,0,"[0.4538893699645996, 0.45052528381347656, 0.46673083305358887, 0.4909660816192627, 0.5027849674224854, 0.446148157119751, 0.5216081142425537, 0.4480431079864502, 0.3911244869232178, 0.4129455089569092, 1.068406105041504]",El técnico reparó el ordenador a un cliente en la tienda.,13,0,1,0
0,no,0,0,0,100,54,no,no,0,"[0.5851852893829346, 0.5987093448638916, 0.6197357177734375, 0.67897629737854, 0.6410255432128906, 0.5048084259033203, 0.4658043384552002, 0.41973376274108887, 0.39363932609558105, 0.5385773181915283]",El mensajero entregó el paquete a Marta en su casa.,13,0,1,0
0,no,0,0,0,30,55,no,no,0,"[1.2492969036102295, 0.6340939998626709, 0.4774148464202881, 0.5281083583831787, 0.5607402324676514, 0.6224148273468018, 0.5351166725158691, 0.69455885887146, 0.5211148262023926, 0.5748071670532227]",Carlos esperó la furgoneta en la esquina durante una hora.,13,5,1,0
0,no,SI,E,1,101,56,no,no,Clara fue a la farmacia con su hermana.,"[0.6823585033416748, 0.6530184745788574, 0.5451650619506836, 0.4982790946960449, 0.7059991359710693, 0.6065292358398438, 0.4768664836883545, 0.5114903450012207, 0.533571720123291, 0.5194137096405029, 1.0765676498413086]",Clara fue con su hermanas a la farmacia después del desayuno.,13,1,1,0
0,no,SI,A,1,100,57,no,no,El gato está sobre la manta cerca del sofá.,"[0.5834715366363525, 0.6671209335327148, 0.6096625328063965, 0.691176176071167, 0.7126917839050293, 0.4810054302215576, 0.5117616653442383, 0.499312162399292, 0.45612049102783203, 0.8374538421630859]",El gato duerme tranquilo sobre la manta cerca del sofá.,13,2,1,0
0,no,SI,A,1,22,58,no,no,Hubo un asedio en la región.,"[0.5366804599761963, 0.8894748687744141, 0.4442157745361328, 0.40438318252563477, 0.7854104042053223, 0.4700336456298828, 0.44228100776672363, 0.9500408172607422, 0.44776058197021484, 0.44757533073425293, 1.4394309520721436]",Carla asedió a la contrincante en la región durante bastante tiempo.,13,0,1,0
0,no,NO,E,1,100,59,no,no,El autobus llegó puntual.,"[0.5449585914611816, 0.4360525608062744, 0.40474796295166016, 0.4269440174102783, 0.6551167964935303, 0.4103379249572754, 0.46343016624450684, 0.7786829471588135, 0.6055009365081787, 0.4811747074127197, 1.1541340351104736]",El autobús llegó con retraso a la parada equivocada del centro.,13,1,1,0
0,no,0,0,0,36,60,no,no,0,"[0.41255855560302734, 0.3884730339050293, 0.42736005783081055, 0.3870127201080322, 0.4974057674407959, 0.5725719928741455, 0.40480494499206543, 0.4895148277282715, 0.4705007076263428, 0.414947509765625, 0.8158063888549805]",Irene oyó a la discusión en la sala durante una noche.,13,2,1,0
0,no,SI,A,1,32,61,no,no,Martin estaba en el hospital.,"[0.7967731952667236, 0.45232343673706055, 0.44487476348876953, 0.44800734519958496, 0.6515307426452637, 0.43263983726501465, 0.4094843864440918, 0.716494083404541, 0.46985578536987305, 0.432445764541626, 0.69378662109375]",Martín buscó a una médica en el hospital durante dos horas.,13,1,1,0
0,no,SI,A,1,41,62,no,no,Emma pasó semanas investigando.,"[0.5119404792785645, 0.4129917621612549, 0.412813663482666, 0.8935673236846924, 0.4918346405029297, 0.40523600578308105, 1.0669968128204346, 0.33991193771362305, 0.4230387210845947, 1.2535784244537354]",Emma investigó una empresaria en la ciudad durante varias semanas.,13,4,1,0
0,no,0,0,0,101,63,no,no,0,"[0.3582475185394287, 0.39174938201904297, 0.415844202041626, 0.483140230178833, 0.45184993743896484, 0.8837504386901855, 0.4717848300933838, 0.45391249656677246, 0.3895108699798584, 0.9202637672424316]",El jefe convocó urgentemente a reunión a todos el empleados.,13,1,1,0
0,no,NO,E,1,101,64,no,no,Luis envió un paquete a su hermano.,"[0.5535080432891846, 0.37960243225097656, 0.4416666030883789, 0.7669148445129395, 0.36301207542419434, 0.4192378520965576, 0.4104292392730713, 0.3619706630706787, 0.714385986328125]",Luis envíe un paquete a su primo en Alemania.,13,0,1,0
0,no,SI,A,1,100,65,no,no,Ellos corren en el centro.,"[0.4119892120361328, 0.3923788070678711, 0.40673232078552246, 0.3662288188934326, 0.40395474433898926, 0.443828821182251, 0.3906705379486084, 0.4441666603088379, 0.4319179058074951, 1.0882978439331055]",Ellos corren todas las mañanas por el parque del centro.,13,2,1,0
0,no,0,0,0,101,66,no,no,0,"[0.46390223503112793, 0.4320662021636963, 0.8437612056732178, 0.3908534049987793, 0.3957700729370117, 0.3927268981933594, 0.3972647190093994, 0.3766598701477051, 0.4557607173919678]",Me gusta caminar la ciudad cuando hace buen tiempo.,13,2,1,0
0,no,0,0,0,43,67,no,no,0,"[0.4498727321624756, 0.39809584617614746, 0.38794970512390137, 0.3957035541534424, 0.4182875156402588, 0.4752211570739746, 0.47268033027648926, 0.6090924739837646, 0.4006462097167969, 0.3599095344543457, 0.7835984230041504]",Sofía conoció a la verdad en el colegio en dos días.,13,2,1,0
0,no,0,0,0,101,68,no,no,0,"[0.661834716796875, 0.46892690658569336, 0.4492838382720947, 0.43291401863098145, 0.47692179679870605, 0.41740870475769043, 0.40546751022338867, 0.4502072334289551, 0.4128108024597168, 0.7211782932281494]",Sara contó la historia a sus hijo antes de dormir.,13,0,1,0
0,no,NO,E,1,2,69,no,no,La acción tuvo lugar en el parque.,"[0.739976167678833, 0.48542141914367676, 0.39806246757507324, 0.4137568473815918, 0.401381254196167, 0.3779768943786621, 0.6371090412139893, 0.3460533618927002, 0.3799731731414795, 0.7029833793640137]",Simón pateó la jugadora en la cancha en un instante.,13,3,1,0
0,no,0,0,0,40,70,no,no,0,"[0.4752042293548584, 0.4623708724975586, 0.6090693473815918, 0.3782351016998291, 0.7108266353607178, 0.39915895462036133, 0.4062347412109375, 0.5450465679168701, 0.5270330905914307, 0.3970496654510498, 0.9828720092773438]",Adrián percibió a la sombra detrás de él durante algunos minutos.,13,2,1,0
0,no,NO,E,1,100,71,no,no,El tren llegó con retraso.,"[0.435957670211792, 0.4015369415283203, 0.44899559020996094, 0.41376566886901855, 0.38070201873779297, 0.42139315605163574, 0.4499013423919678, 0.41113781929016113, 0.12962102890014648, 2.0060248374938965]",El tren llegó puntual a la estación bajo la lluvia.,13,2,1,0
0,no,0,0,0,100,72,no,no,0,"[0.4391348361968994, 0.430269718170166, 0.4787290096282959, 0.37814855575561523, 0.3828237056732178, 0.43409204483032227, 0.3820638656616211, 0.3958282470703125, 1.0381200313568115]",Carlos estornudó fuerte en medio de la reunión ayer.,13,2,1,0
0,no,0,0,0,101,73,no,no,0,"[0.4091339111328125, 0.40166759490966797, 0.9492347240447998, 0.35298991203308105, 0.7087020874023438, 0.4914553165435791, 0.4846787452697754, 0.36246442794799805, 0.4219982624053955, 0.4567906856536865]",Mi primo viaja sola por Europa durante el verano próximo.,13,2,1,0
0,no,0,0,0,100,74,no,no,0,"[0.4371304512023926, 0.45805978775024414, 0.44230198860168457, 0.45638036727905273, 0.462540864944458, 0.44736504554748535, 0.5009725093841553, 0.44199442863464355, 0.4115450382232666, 0.6930897235870361, 0.5989727973937988]",El jefe asignó una tarea a cada empleado en la reunión.,13,0,1,0
0,no,0,0,0,100,75,no,no,0,"[0.5484106540679932, 0.47821569442749023, 0.5081157684326172, 0.3985731601715088, 0.4808964729309082, 0.4666426181793213, 0.4141964912414551, 0.42607712745666504, 0.48296570777893066, 0.6738317012786865]",Vamos caminando todos los días a pie hasta el colegio.,13,1,1,0
0,no,No,E,1,100,76,no,no,El bebé dormía plácidamente.,"[0.5013775825500488, 0.5096921920776367, 0.47731614112854004, 0.49313902854919434, 0.5617530345916748, 0.4361088275909424, 0.589529275894165, 0.4033389091491699, 0.43007779121398926, 0.573373556137085]",El bebé lloraba constantemente durante la noche sin razón aparente.,13,2,1,0
0,no,0,0,0,29,77,no,no,0,"[0.47545409202575684, 0.4245333671569824, 0.4046974182128906, 0.4031834602355957, 0.5433924198150635, 0.44060230255126953, 0.6285567283630371, 0.5480422973632812, 0.4976048469543457, 0.5015902519226074, 1.482574224472046]",Alfonso miró a la granjera en la colina durante dos horas.,13,0,1,0
0,no,0,0,0,49,78,no,no,0,"[0.5095503330230713, 0.49408411979675293, 0.511425256729126, 0.4762723445892334, 0.5208234786987305, 0.48534178733825684, 0.3866567611694336, 0.48560261726379395, 0.36802172660827637, 0.39853429794311523, 0.6049506664276123]",Alba mencionó a la actriz en el teatro tras varios minutos.,13,0,1,0
0,no,SI,A,1,100,79,no,no,Ana estaba en la biblioteca.,"[0.5696439743041992, 0.4219682216644287, 0.3996548652648926, 0.3622751235961914, 0.4090237617492676, 0.39287233352661133, 0.4246647357940674, 0.4004936218261719, 0.37410664558410645, 0.6011142730712891]",Nos encontramos con Ana después de clase en la biblioteca.,13,2,1,0
0,no,0,0,0,100,80,no,no,0,"[0.472745418548584, 0.3909742832183838, 0.4066743850708008, 1.0481438636779785, 0.3946802616119385, 0.3426933288574219, 0.3938605785369873, 0.39457178115844727, 0.3985750675201416, 0.6761095523834229]",Miguel alquiló una bicicleta a un turista en la estación.,13,0,1,0
0,no,SI,A,1,101,81,no,no,Maria y su hermana estaban en la biblioteca.,"[0.4764139652252197, 0.383655309677124, 0.351747989654541, 0.3981056213378906, 0.36702632904052734, 0.589310884475708, 0.42298221588134766, 0.33596277236938477, 0.9122090339660645]",María dio el libro su hermana en la biblioteca.,13,0,1,0
0,no,SI,A,1,15,82,no,no,Lucia estaba en un bar.,"[0.617431640625, 0.42270493507385254, 0.3518943786621094, 0.37640976905822754, 0.38030219078063965, 0.3733394145965576, 0.4451894760131836, 1.2166407108306885, 0.3877382278442383, 0.4299163818359375, 0.3771190643310547]",Lucía destrozó a la mesa en el bar en diez minutos.,13,2,1,0
0,no,0,0,0,100,83,no,no,0,"[0.383800745010376, 0.45236659049987793, 0.3786494731903076, 0.38159942626953125, 0.47899317741394043, 0.4696218967437744, 0.5243632793426514, 0.4475362300872803, 0.37505054473876953, 1.7011470794677734]",Rosa recomendó un libro a su colega durante el almuerzo.,13,0,1,0
0,no,SI,A,1,101,84,no,no,El camarero sonrió.,"[0.5437836647033691, 0.4690117835998535, 0.3821444511413574, 0.44270992279052734, 0.3936445713043213, 0.41352081298828125, 0.4206056594848633, 0.41199421882629395, 0.3926575183868408, 0.37035703659057617, 0.8025197982788086]",El camarero trajo el cuenta a los clientes con una sonrisa.,13,0,1,0
0,no,0,0,0,42,85,no,no,0,"[0.4368901252746582, 0.4097745418548584, 0.3871612548828125, 0.37379956245422363, 0.40099215507507324, 0.39009976387023926, 0.4331841468811035, 0.4922950267791748, 0.3896503448486328, 0.5322902202606201]",Ismael encontró la dificultad en la carretera en pocas horas.,13,5,1,0
0,no,NO,E,1,100,86,no,no,El niño juega solo en el parque.,"[0.4770209789276123, 0.47139954566955566, 0.45084071159362793, 0.45304226875305176, 0.40267252922058105, 0.4762289524078369, 0.431903600692749, 0.41161108016967773, 0.4448676109313965, 1.2468287944793701]",El niño juega en el parque con su mejor amigo.,13,2,1,0
0,no,NO,E,1,16,87,no,no,La guerra duró más de dos años.,"[0.44325971603393555, 0.40090060234069824, 0.3585529327392578, 0.4038088321685791, 0.49126505851745605, 0.40083885192871094, 0.40959954261779785, 0.42704105377197266, 0.41877174377441406, 0.3772885799407959, 0.587700366973877]",Valentina venció a una adversaria en la guerra en dos años.,13,1,1,0
0,no,0,0,0,100,88,no,no,0,"[0.4393148422241211, 0.7675421237945557, 0.5438141822814941, 0.5347318649291992, 0.6369755268096924, 0.45011162757873535, 0.4167165756225586, 0.3456540107727051, 0.3306248188018799, 0.11583638191223145]",Isabel enseñó la receta a su prima en la cocina.,13,0,1,0
0,no,SI,A,1,100,89,no,no,Ana escribió la carta desde la playa.,"[1.5260870456695557, 0.47692012786865234, 0.4960517883300781, 0.6047916412353516, 0.453629732131958, 0.42353057861328125, 0.47803187370300293, 0.5439012050628662, 0.4926290512084961, 0.8284721374511719]",Ana escribió una carta a su abuela desde la playa.,13,0,1,0
0,no,0,0,0,38,90,no,no,0,"[0.47977423667907715, 0.51580810546875, 0.48483896255493164, 0.8913207054138184, 0.5756936073303223, 0.3708529472351074, 0.4795100688934326, 0.41080784797668457, 0.40685534477233887, 0.37671375274658203, 0.5826797485351562]",Unai amó a una jovencita en su pueblo durante varios años.,13,1,1,0
0,no,0,0,0,100,91,no,no,0,"[0.5217573642730713, 0.4024491310119629, 0.41307830810546875, 0.3649299144744873, 0.42754077911376953, 0.40279555320739746, 0.39681315422058105, 0.3970315456390381, 0.44971632957458496, 0.7372138500213623]",Estuvieron caminando a la orilla del mar toda la tarde.,13,1,1,0
0,no,0,0,0,13,92,no,no,0,"[0.7764818668365479, 0.44931459426879883, 0.38630223274230957, 0.3941836357116699, 0.3822348117828369, 0.4015669822692871, 0.43691325187683105, 0.406444787979126, 0.3221158981323242, 0.5140364170074463]",Martina atropelló la anciana en el aparcamiento en pocos minutos.,13,3,1,0
0,no,NO,E,1,25,93,no,no,Pedro observó durante unos minutos.,"[0.5347452163696289, 0.4809138774871826, 0.4325399398803711, 0.4838542938232422, 0.5260131359100342, 0.5032076835632324, 0.5816464424133301, 0.5633172988891602, 0.6686792373657227, 0.7067656517028809]",Pedro observó la secretaria en la oficina durante una hora.,13,3,1,0
0,no,0,0,0,100,94,no,no,0,"[0.4287574291229248, 0.4653754234313965, 0.4317047595977783, 0.40113043785095215, 0.5022320747375488, 0.42017126083374023, 0.4258086681365967, 0.4849424362182617, 0.47367191314697266, 0.4867830276489258]",Los pájaros vuelan alto sobre los árboles en primavera alegre.,13,2,1,0
0,no,SI,A,1,0,95,no,no,La acción tuvo lugar en la calle.,"[0.5205488204956055, 0.4060087203979492, 0.42156410217285156, 0.42192888259887695, 0.4155910015106201, 0.4373643398284912, 0.37535595893859863, 0.4560544490814209, 0.47126007080078125, 0.45354318618774414, 0.7167816162109375]",Juan golpeó a una actriz en la calle en diez segundos.,13,1,1,0
0,no,0,0,0,101,96,no,no,0,"[0.48137664794921875, 0.40085721015930176, 0.5217938423156738, 0.6793463230133057, 0.5152373313903809, 0.5898280143737793, 0.5642445087432861, 0.4189140796661377, 0.4289124011993408]",Pedro devolvió el libro la biblioteca el lunes pasado.,13,0,1,0
0,no,0,0,0,100,97,no,no,0,"[0.5145530700683594, 0.42190003395080566, 0.45044493675231934, 0.4188830852508545, 0.4367196559906006, 0.40192556381225586, 0.5640726089477539, 0.3680384159088135, 0.4135854244232178, 0.767777681350708]",El niño duerme tranquilo en su cama todas las noches.,13,2,1,0
0,no,0,0,0,11,98,no,no,0,"[1.7756319046020508, 0.6035914421081543, 0.583000659942627, 0.4371206760406494, 0.536060094833374, 0.4177703857421875, 0.5127732753753662, 0.7447071075439453, 0.5132796764373779, 0.5976262092590332, 0.8420870304107666]",Valeria neutralizó a la criminal en la frontera en cinco minutos.,13,0,1,0
0,no,SI,A,1,39,99,no,no,Valeria fue a un concierto.,"[0.6405532360076904, 0.487210750579834, 0.455702543258667, 0.7616770267486572, 0.5059216022491455, 0.5384635925292969, 1.0441017150878906, 0.365339994430542, 0.42023301124572754, 0.5060164928436279]",Valeria admiró la escenografía en el teatro durante el concierto.,13,5,1,0
0,no,0,0,0,24,100,no,no,0,"[0.5028815269470215, 0.5632805824279785, 0.4098391532897949, 0.36657166481018066, 0.40194201469421387, 0.378767728805542, 0.38956189155578613, 0.7175354957580566, 0.4100465774536133, 0.4263005256652832, 0.6778342723846436]",Coral guió a una turista en el palacio en una hora.,13,1,1,0
0,no,SI,A,1,8,101,no,no,Helena estaba en el patio.,"[0.39281773567199707, 0.38164258003234863, 0.3549971580505371, 0.9839839935302734, 0.45145130157470703, 0.5186452865600586, 0.6482884883880615, 0.34569668769836426, 0.42218732833862305, 0.4154829978942871]",Helena colgó la criminal en el patio en cinco minutos.,13,3,1,0
0,no,0,0,0,10,102,no,no,0,"[0.4984893798828125, 4.368178844451904, 2.7464752197265625, 0.4566042423248291, 0.436692476272583, 0.4458916187286377, 0.48180580139160156, 0.42707014083862305, 0.4326944351196289, 0.3886291980743408, 0.4227938652038574]",Mateo eliminó a una rehén en el banco en pocos segundos.,13,1,1,0
0,no,0,0,0,7,103,no,no,0,"[0.6596558094024658, 0.4606165885925293, 0.46509528160095215, 0.47505664825439453, 0.4686460494995117, 0.47052454948425293, 0.5518226623535156, 0.4488258361816406, 0.4362914562225342, 1.2060883045196533]",Tomás empujó la silla a la puerta en pocos segundos.,13,5,1,0
0,no,0,0,0,100,104,no,no,0,"[0.5642633438110352, 0.4336416721343994, 0.43576931953430176, 0.4635446071624756, 0.4389798641204834, 0.4039041996002197, 0.3617706298828125, 0.45335817337036133, 0.39786267280578613, 0.7760136127471924]",El avión aterrizó sin problemas en el aeropuerto de Madrid.,13,2,1,0
0,no,NO,E,1,100,105,no,no,Ayer fueron al teatro.,"[0.43994665145874023, 0.4242575168609619, 0.41363024711608887, 0.4312171936035156, 0.48201704025268555, 0.4468977451324463, 0.4511282444000244, 0.4989655017852783, 0.509390115737915]",Ayer fueron al cine a ver una película divertida.,13,2,1,0
4,no,0,0,0,100,0,yes,yes,0,0,El ladrón escapó a toda prisa por la puerta trasera.,13,1,1,0
4,no,0,0,0,100,1,yes,yes,0,0,La conferencia empezará con puntualidad a las diez y media.,13,1,1,0
4,no,NO,0,1,100,2,yes,yes,Llegaron a la universidad cuando ya estaba cerrada.,0,Los estudiantes llegaron a la universidad antes de que cerrara.,13,1,1,0
4,no,0,0,0,100,3,yes,yes,0,0,Los niños corrieron a la plaza con sus amigos.,13,1,1,0
3,no,0,0,0,23,0,yes,no,0,0,Daniel remolcó una enferma en la calle durante algunos minutos.,13,4,1,0
4,no,0,0,0,38,1,yes,no,0,0,Unai amó a una jovencita en su pueblo durante varios años.,13,1,1,0
3,no,0,0,0,10,2,yes,no,0,0,Mateo eliminó la rehén en el banco en pocos segundos.,13,3,1,0
4,no,NO,0,1,46,3,yes,no,Alejandro estaba en el centro comercial.,0,Alejandro identificó a una agresora en el aeropuerto en dos horas.,13,1,1,0
4,no,SI,0,1,0,4,yes,no,La acción tuvo lugar en la calle.,0,Juan golpeó una actriz en la calle en diez segundos.,13,4,1,0
3,no,SI,0,1,27,5,yes,no,Felipe es presentador de teatro.,0,Felipe anunció la cantante en el escenario en cinco minutos.,13,3,1,0
4,no,0,0,0,40,6,yes,no,0,0,Adrián percibió a una mujer detrás de él durante algunos minutos.,13,1,1,0
3,no,0,0,0,29,7,yes,no,0,0,Alfonso miró una granjera en la colina durante dos horas.,13,4,1,0
4,no,0,0,0,21,8,yes,no,0,0,Hugo apaleó a la muñeca en la calle durante varios minutos.,13,2,1,0
3,no,0,0,0,35,9,yes,no,0,0,Carlos vigiló la operación en la habitación durante unas horas.,13,5,1,0
3,no,0,0,0,33,10,yes,no,0,0,Marco imaginó una amiga en la playa durante dos minutos.,13,4,1,0
3,no,0,0,0,26,11,yes,no,0,0,Juan escuchó la alarma en el balcón durante una noche.,13,5,1,0
4,no,NO,0,1,25,12,yes,no,Pedro observó durante unos minutos.,0,Pedro observó a la planta en la oficina durante una hora.,13,2,1,0
3,no,NO,0,1,12,13,yes,no,El combate duró varias horas.,0,Paula abatió una contrincante en el ring en pocos minutos.,13,4,1,0
3,no,0,0,0,20,14,yes,no,0,0,Claudia maltrató a la camiseta en la casa durante varios años.,13,2,1,0
4,no,0,0,0,24,15,yes,no,0,0,Coral guió a una turista en el palacio en una hora.,13,1,1,0
1,no,SI,0,1,8,16,yes,no,Helena estaba en el patio.,0,Helena colgó a la fotografía en el patio en cinco minutos.,13,2,1,0
3,no,0,0,0,45,17,yes,no,0,0,Gabriela localizó una amiga en la ciudad en dos minutos.,13,4,1,0
1,no,0,0,0,4,18,yes,no,0,0,Jorge arrolló a la valla en la calle en un segundo.,13,2,1,0
4,no,0,0,0,44,19,yes,no,0,0,Martín detectó a una intrusa en el hospital en dos minutos.,13,1,1,0
3,no,SI,0,1,9,20,yes,no,Había fuego en la plaza.,0,Carlos quemó la bruja en la plaza en pocos minutos.,13,3,1,0
3,no,0,0,0,36,21,yes,no,0,0,Irene oyó la discusión en la sala durante una noche.,13,5,1,0
3,no,0,0,0,5,22,yes,no,0,0,Manuel abrazó a la planta en el parque en pocos instantes.,13,2,1,0
4,no,SI,0,1,39,23,yes,no,Valeria fue a un concierto.,0,Valeria admiró la escenografía en el teatro durante el concierto.,13,5,1,0
3,no,0,0,0,19,24,yes,no,0,0,Lucas arrastró la víctima en la calle por un tiempo.,13,3,1,0
3,no,SI,0,1,37,25,yes,no,Isabel miraba por la ventana.,0,Isabel vió a la estudiante desde su ventana durante una mañana.,13,0,1,0
4,no,0,0,0,42,26,yes,no,0,0,Ismael encontró a la conocida en la carretera en pocas horas.,13,0,1,0
1,no,NO,0,1,16,27,yes,no,La guerra duró más de dos años.,0,Valentina venció la adversaria en la guerra en dos años.,13,3,1,0
1,no,0,0,0,13,28,yes,no,0,0,Martina atropelló la anciana en el aparcamiento en pocos minutos.,13,3,1,0
1,no,NO,0,1,1,29,yes,no,Carlos tardó mucho en hacer el asalto.,0,Carlos asaltó la camioneta en el barrio en pocos instantes.,13,5,1,0
4,no,0,0,0,43,30,yes,no,0,0,Sofía conoció a la chica en el colegio en dos días.,13,0,1,0
4,no,0,0,0,48,31,yes,no,0,0,Samuel descubrió la tabla en el museo en pocas horas.,13,5,1,0
3,no,SI,0,1,41,32,yes,no,Emma pasó semanas investigando.,0,Emma investigó a la epidemia en la ciudad durante varias semanas.,13,2,1,0
3,no,NO,0,1,6,33,yes,no,El beso tuvo lugar en un museo.,0,Francisco besó la novia en la iglesia durante unos segundos.,13,3,1,0
4,no,NO,0,1,18,34,yes,no,María iba en bicicleta.,0,María transportó la guitarra en la furgoneta durante un día.,13,5,1,0
4,no,0,0,0,17,35,yes,no,0,0,Luis zarandeó a la muñeca en la casa durante algunos minutos.,13,2,1,0
4,no,NO,0,1,2,36,yes,no,La acción tuvo lugar en el parque.,0,Simón pateó a la jugadora en la cancha en un instante.,13,0,1,0
4,no,SI,0,1,32,37,yes,no,Martin estaba en el hospital.,0,Martín buscó a una médica en el hospital durante dos horas.,13,1,1,0
1,no,SI,0,1,22,38,yes,no,Hubo un asedio en la región.,0,Carla asedió a la contrincante en la región durante bastante tiempo.,13,0,1,0
3,no,SI,0,1,15,39,yes,no,Lucia estuvo en una pelea de bar.,0,Lucía destrozó una oponente en el bar en diez minutos.,13,4,1,0
4,no,0,0,0,30,40,yes,no,0,0,Carlos esperó a la profesora en la esquina durante una hora.,13,0,1,0
4,no,SI,0,1,14,41,yes,no,Helena estaba jugando un partido de fútbol.,0,Helena derribó a la futbolista en el campo durante el partido.,13,0,1,0
4,no,0,0,0,7,42,yes,no,0,0,Tomás empujó a la vieja a la puerta en pocos segundos.,13,0,1,0
2,no,NO,0,1,34,43,yes,no,Carmen vio una representación teatral.,0,Carmen odió a una vendedora en el cine durante la película.,13,1,1,0
4,no,0,0,0,49,44,yes,no,0,0,Alba mencionó a la actriz en el teatro tras varios minutos.,13,0,1,0
4,no,0,0,0,11,45,yes,no,0,0,Valeria neutralizó la bomba en la frontera en cinco minutos.,13,5,1,0
3,no,NO,0,1,31,46,yes,no,Miguel tuvo que esperar una semana.,0,Miguel recibió la invitada en la casa en un día.,13,3,1,0
3,no,0,0,0,47,47,yes,no,0,0,Marta descartó una aspirante en la selección en un día.,13,4,1,0
4,no,SI,0,1,3,48,yes,no,Lo que Pedro hizo fue un secuestro.,0,Pablo secuestró la camioneta en el aeropuerto durante una hora.,13,5,1,0
4,no,SI,0,1,28,49,yes,no,Anna estaba en la escuela.,0,Anna comprendió a una maestra en la escuela en dos minutos.,13,1,1,0
4,yes,SI,0,1,28,0,yes,no,Anna estaba en la escuela.,0,Lo que Maria hizo a la mochilera fue transportarla.,13,6,1,0
4,yes,SI,0,1,28,1,yes,no,Anna estaba en la escuela.,0,Lo que Marta hizo a la aspirante fue descartarla.,13,6,1,0
4,yes,SI,0,1,28,2,yes,no,Anna estaba en la escuela.,0,Lo que Anna hizo a la maestra fue comprenderla.,13,6,1,0
4,yes,SI,0,1,28,3,yes,no,Anna estaba en la escuela.,0,Lo que Manuel hizo a la señora fue abrazarla.,13,6,1,0
4,yes,SI,0,1,28,4,yes,no,Anna estaba en la escuela.,0,Lo que Hugo hizo a la rebelde fue apalearla.,13,6,1,0
4,yes,SI,0,1,28,5,yes,no,Anna estaba en la escuela.,0,Lo que Tomás hizo a la vieja fue empujarla.,13,6,1,0
4,yes,SI,0,1,28,6,yes,no,Anna estaba en la escuela.,0,Lo que Paula hizo a la contrincante fue abatirla.,13,6,1,0
3,yes,SI,0,1,28,7,yes,no,Anna estaba en la escuela.,0,Lo que Martín hizo a la intrusa fue detectarla.,13,6,1,0
4,yes,SI,0,1,28,8,yes,no,Anna estaba en la escuela.,0,Lo que Carlos hizo a la profesora fue esperarla.,13,6,1,0
4,yes,SI,0,1,28,9,yes,no,Anna estaba en la escuela.,0,Lo que Alejandro hizo a la agresora fue identificarla.,13,6,1,0
4,yes,SI,0,1,28,10,yes,no,Anna estaba en la escuela.,0,Lo que Coral hizo a la turista fue guiarla.,13,6,1,0
4,yes,SI,0,1,28,11,yes,no,Anna estaba en la escuela.,0,Lo que Miguel hizo a la invitada fue recibirla.,13,6,1,0
4,yes,SI,0,1,28,12,yes,no,Anna estaba en la escuela.,0,Lo que Luis hizo a la mujer fue zarandearla.,13,6,1,0
3,yes,SI,0,1,28,13,yes,no,Anna estaba en la escuela.,0,Lo que Daniel hizo a la enferma fue remolcarla.,13,6,1,0
3,yes,SI,0,1,28,14,yes,no,Anna estaba en la escuela.,0,Lo que Ismael hizo a la conocida fue encontrarla.,13,6,1,0
4,yes,SI,0,1,28,15,yes,no,Anna estaba en la escuela.,0,Lo que Samuel hizo a la infiltrada fue descubrirla.,13,6,1,0
4,yes,SI,0,1,28,16,yes,no,Anna estaba en la escuela.,0,Lo que Martín hizo a la médica fue buscarla.,13,6,1,0
4,yes,SI,0,1,28,17,yes,no,Anna estaba en la escuela.,0,Lo que Jorge hizo a la ciclista fue arrollarla.,13,6,1,0
4,yes,SI,0,1,28,18,yes,no,Anna estaba en la escuela.,0,Lo que Unai hizo a la jovencita fue amarla.,13,6,1,0
3,yes,SI,0,1,28,19,yes,no,Anna estaba en la escuela.,0,Lo que Carla hizo a la contrincante fue asediarla.,13,6,1,0
0,no,0,0,0,100,0,no,yes,0,"[1.0042638778686523, 0.5077664852142334, 0.4839179515838623, 0.60101318359375, 0.7018692493438721, 0.410830020904541, 0.4118802547454834, 0.536003828048706, 0.5146572589874268]",Los niños corrieron a la plaza con sus amigos.,14,1,1,0
0,no,NO,E,1,100,1,no,yes,Llegaron a la universidad cuando ya estaba cerrada.,"[0.6222877502441406, 0.47785162925720215, 0.45995640754699707, 0.44818544387817383, 0.41440510749816895, 0.47399115562438965, 0.42946481704711914, 0.4253678321838379, 0.49666619300842285, 0.8532958030700684]",Los estudiantes llegaron a la universidad antes de que cerrara.,14,1,1,0
0,no,0,0,0,100,2,no,yes,0,"[0.8143506050109863, 0.8374135494232178, 0.593116044998169, 0.45723772048950195, 0.6774017810821533, 0.4078054428100586, 0.18199896812438965, 0.6026661396026611, 0.4526181221008301, 0.4165332317352295]",La conferencia empezará con puntualidad a las diez y media.,14,1,1,0
0,no,0,0,0,100,3,no,yes,0,"[0.6252589225769043, 0.13548564910888672, 0.7280924320220947, 0.4900341033935547, 0.12488293647766113, 0.6085600852966309, 0.6850912570953369, 0.6906242370605469, 0.36075854301452637, 0.48787498474121094]",El ladrón escapó a toda prisa por la puerta trasera.,14,1,1,0
0,no,0,0,0,101,0,no,no,0,"[0.9349064826965332, 0.7310011386871338, 0.48612356185913086, 0.6260590553283691, 0.7409231662750244, 0.6016898155212402, 0.40253782272338867, 0.5001161098480225, 0.3848254680633545]",Marta baila salsa con entusiasmo en las fiesta grandes.,14,2,1,0
0,no,NO,E,1,1,1,no,no,Carlos tardó mucho en hacer el asalto.,"[1.0581941604614258, 1.0604040622711182, 0.4093434810638428, 0.4311251640319824, 0.7045161724090576, 0.14973020553588867, 0.00780177116394043, 1.2510814666748047, 0.7286546230316162, 0.512195348739624, 0.6879239082336426]",Carlos asaltó a la camioneta en el barrio en pocos instantes.,14,2,1,0
0,no,NO,E,1,46,2,no,no,Alejandro estaba en el centro comercial.,"[0.997887134552002, 0.9489116668701172, 0.6335127353668213, 0.7053871154785156, 0.5348589420318604, 0.6189885139465332, 0.6556260585784912, 1.1441218852996826, 0.3985781669616699, 0.45458459854125977]",Alejandro identificó la amenaza en el aeropuerto en dos horas.,14,5,1,0
0,no,0,0,0,100,3,no,no,0,"[1.050825834274292, 0.5028753280639648, 0.5146214962005615, 0.47567009925842285, 0.6063230037689209, 0.5246438980102539, 0.4267702102661133, 0.4826946258544922, 0.4282534122467041, 0.5192949771881104]",El gato saltó a la mesa para robar la comida.,14,1,1,0
0,no,0,0,0,100,4,no,no,0,"[0.8317644596099854, 0.42803287506103516, 0.12926578521728516, 0.022101402282714844, 0.9192781448364258, 0.42037129402160645, 0.549910306930542, 0.5215332508087158, 0.15842866897583008, 0.5145726203918457, 0.5595149993896484]",Mi hermano vendió su coche a un amigo de la universidad.,14,0,1,0
0,no,SI,A,1,101,5,no,no,El bebé sonrió a su madre.,"[0.6549615859985352, 0.45881175994873047, 0.41663336753845215, 1.0310180187225342, 0.5788753032684326, 0.4583861827850342, 0.5832936763763428, 0.642585039138794, 0.1715245246887207, 0.6782338619232178]",El bebé sonreí dulcemente a su madre desde la cuna.,14,1,1,0
0,no,0,0,0,100,6,no,no,0,"[1.429992914199829, 0.7497272491455078, 0.5690069198608398, 0.44353199005126953, 0.4610404968261719, 0.48343849182128906, 0.3876457214355469, 0.44595956802368164, 0.1463170051574707, 0.751197338104248, 0.544605016708374]",El técnico reparó el ordenador a un cliente en la tienda.,14,0,1,0
0,no,0,0,0,100,7,no,no,0,"[0.6690239906311035, 0.4807460308074951, 0.16725873947143555, 1.4943163394927979, 0.17017817497253418, 0.6457457542419434, 0.13768839836120605, 1.0681796073913574, 0.6126613616943359, 0.42530083656311035]",Estuvieron caminando a la orilla del mar toda la tarde.,14,1,1,0
0,no,NO,E,1,100,8,no,no,El coche era azul.,"[0.5740141868591309, 0.41002964973449707, 0.5343620777130127, 0.3903205394744873, 0.42428016662597656, 0.4634532928466797, 0.39615774154663086, 0.36905956268310547, 0.1626753807067871, 0.3958923816680908]",El coche rojo aparcó frente a la casa de Marta.,14,2,1,0
0,no,SI,A,1,101,9,no,no,Maria y su hermana estaban en la biblioteca.,"[0.5549211502075195, 0.39496493339538574, 0.4130275249481201, 0.39977097511291504, 0.3952209949493408, 0.36312198638916016, 0.4170346260070801, 0.3476543426513672, 0.39428043365478516]",María dio el libro su hermana en la biblioteca.,14,0,1,0
0,no,0,0,0,101,10,no,no,0,"[0.15155410766601562, 1.4932501316070557, 0.7949361801147461, 0.4445760250091553, 0.5815775394439697, 0.4517855644226074, 0.39582061767578125, 0.16540956497192383, 0.5567624568939209]",Me gusta caminar la ciudad cuando hace buen tiempo.,14,2,1,0
0,no,SI,E,1,27,11,no,no,Felipe es presentador de teatro.,"[0.13791275024414062, 1.2918531894683838, 0.4329252243041992, 0.45777082443237305, 0.13034915924072266, 0.5820503234863281, 0.6907315254211426, 0.6349277496337891, 0.5390996932983398, 0.17828631401062012, 0.21697521209716797]",Felipe anunció a una cantante en el escenario en cinco minutos.,14,1,1,0
0,no,NO,E,1,101,12,no,no,El profesor y los alumnos estaban fuera del aula.,"[0.5942370891571045, 0.42829370498657227, 0.48462557792663574, 0.4974794387817383, 0.6455764770507812, 0.5035152435302734, 0.4340200424194336, 0.43268799781799316, 0.44286680221557617]",El profesor explicó la lección los alumnos en clase.,14,0,1,0
0,no,NO,E,1,100,13,no,no,Viajan a Argentina cada invierno.,"[1.0023231506347656, 0.3640589714050293, 0.5813260078430176, 0.1665334701538086, 0.736835241317749, 0.3864021301269531, 0.5957050323486328, 0.37451839447021484, 0.5101263523101807]",Mis padres viajan en avión a Argentina cada verano.,14,1,1,0
0,no,NO,E,1,31,14,no,no,Miguel tuvo que esperar una semana.,"[0.5065882205963135, 0.6186623573303223, 0.49082422256469727, 0.3938751220703125, 0.438570499420166, 0.4750487804412842, 0.3899822235107422, 0.4736475944519043, 0.5184638500213623, 0.371354341506958, 0.49491167068481445]",Miguel recibió a una invitada en la casa en un día.,14,1,1,0
0,no,NO,E,1,100,15,no,no,Ayer fueron al teatro.,"[0.8554112911224365, 0.18375301361083984, 1.2157907485961914, 0.47945308685302734, 0.427396297454834, 0.43939757347106934, 0.43468689918518066, 0.41150999069213867, 0.46268749237060547]",Ayer fueron al cine a ver una película divertida.,14,2,1,0
0,no,0,0,0,29,16,no,no,0,"[0.7572851181030273, 0.671623706817627, 0.6429662704467773, 0.48631906509399414, 0.6363840103149414, 0.4530065059661865, 0.4249081611633301, 0.5166990756988525, 1.1817975044250488, 0.4006214141845703, 0.4093616008758545]",Alfonso miró a la granjera en la colina durante dos horas.,14,0,1,0
0,no,0,0,0,101,17,no,no,0,"[0.8752002716064453, 0.39574098587036133, 0.4882071018218994, 0.4530172348022461, 0.3901548385620117, 0.4638814926147461, 0.37427282333374023, 0.8088979721069336]",Salimos temprano para evitar el tráfico la carretera.,14,2,1,0
0,no,SI,A,1,0,18,no,no,La acción tuvo lugar en la calle.,"[0.6106231212615967, 0.6218717098236084, 0.5107319355010986, 0.46822404861450195, 0.6253221035003662, 0.5597314834594727, 0.48505234718322754, 0.45058560371398926, 0.5183141231536865, 0.44420766830444336, 0.6341052055358887]",Juan golpeó a la piedra en la calle en diez segundos.,14,2,1,0
0,no,SI,A,1,8,19,no,no,Helena estaba en el patio.,"[0.9797608852386475, 0.9160745143890381, 0.5738921165466309, 2.559396743774414, 0.11218762397766113, 0.6682901382446289, 0.15253281593322754, 0.5739049911499023, 0.17630600929260254, 0.5362882614135742]",Helena colgó la criminal en el patio en cinco minutos.,14,3,1,0
0,no,0,0,0,42,20,no,no,0,"[0.5314712524414062, 0.5389668941497803, 0.15677809715270996, 0.47457003593444824, 0.4225747585296631, 0.5923805236816406, 0.22085928916931152, 0.4925882816314697, 0.18896079063415527, 0.4349942207336426, 0.18513751029968262]",Ismael encontró a la dificultad en la carretera en pocas horas.,14,2,1,0
0,no,SI,A,1,101,21,no,no,Clara fue a la farmacia con su hermana.,"[0.15032219886779785, 0.9907054901123047, 0.5253422260284424, 0.46945810317993164, 0.44617486000061035, 0.45997190475463867, 0.668818473815918, 0.5192687511444092, 0.6011459827423096, 0.3547329902648926, 0.3885056972503662]",Clara fue con su hermanas a la farmacia después del desayuno.,14,1,1,0
0,no,NO,E,1,16,22,no,no,La guerra duró más de dos años.,"[0.7765512466430664, 0.4522688388824463, 0.5206394195556641, 0.4853706359863281, 0.6930098533630371, 0.37520456314086914, 0.5318746566772461, 0.5776963233947754, 0.40764284133911133, 0.374722957611084, 0.18680453300476074]",Valentina venció a una adversaria en la guerra en dos años.,14,1,1,0
0,no,NO,E,1,12,23,no,no,El combate duró varias horas.,"[0.44638991355895996, 0.44319915771484375, 0.5631976127624512, 0.4009883403778076, 0.5537352561950684, 0.45011472702026367, 0.48200416564941406, 0.5622007846832275, 0.47011876106262207, 0.38773560523986816, 0.44786596298217773]",Paula abatió a la resistencia en el ring en pocos minutos.,14,2,1,0
0,no,SI,A,1,41,24,no,no,Emma pasó semanas investigando.,"[0.575340986251831, 0.41598939895629883, 0.4296228885650635, 0.37572813034057617, 0.45574283599853516, 0.3884744644165039, 0.4191246032714844, 0.3912370204925537, 0.4253380298614502, 0.37736964225769043, 0.35700440406799316]",Emma investigó a una empresaria en la ciudad durante varias semanas.,14,1,1,0
0,no,NO,E,1,100,25,no,no,Lucía y su compañero estaban en el salón.,"[0.5662744045257568, 0.44662904739379883, 0.39015674591064453, 0.45475268363952637, 0.3181881904602051, 0.3465158939361572, 0.3769876956939697, 0.3724358081817627, 0.35434937477111816, 0.1927475929260254]",Lucía ofreció un café a su compañero en la cocina.,14,0,1,0
0,no,NO,E,1,100,26,no,no,Andrés contó una historia,"[1.1076059341430664, 0.5721254348754883, 0.528512716293335, 0.36115288734436035, 0.4237246513366699, 0.5223081111907959, 0.3457205295562744, 0.57871413230896, 0.4097423553466797, 0.8150184154510498]",Andrés cantó una canción a su hija antes de acostarla.,14,0,1,0
0,no,SI,A,1,32,27,no,no,Martin estaba en el hospital.,"[0.8260908126831055, 0.43683815002441406, 0.43486785888671875, 0.5721714496612549, 0.4221384525299072, 0.424297571182251, 0.4160630702972412, 0.3771820068359375, 0.37243175506591797, 0.4110090732574463]",Martín buscó la médica en el hospital durante dos horas.,14,3,1,0
0,no,0,0,0,101,28,no,no,0,"[0.7426297664642334, 0.39506959915161133, 0.3594522476196289, 0.5016064643859863, 0.470012903213501, 0.46384668350219727, 0.5310673713684082, 0.8042929172515869, 0.360262393951416, 0.42298054695129395]",El jefe convocó urgentemente a reunión a todos el empleados.,14,1,1,0
0,no,0,0,0,4,29,no,no,0,"[0.5731592178344727, 0.4367249011993408, 0.4718589782714844, 0.3567776679992676, 0.44597959518432617, 0.3375363349914551, 0.41953134536743164, 0.3372049331665039, 0.398479700088501, 0.5511517524719238]",Jorge arrolló la valla en la calle en un segundo.,14,5,1,0
0,no,0,0,0,47,30,no,no,0,"[0.6283681392669678, 0.494384765625, 0.9693548679351807, 0.3370020389556885, 0.4146604537963867, 0.4765303134918213, 0.39352893829345703, 0.4671144485473633, 0.348156213760376, 0.41903138160705566, 0.47015857696533203]",Marta descartó a la sospecha en la selección en un día.,14,2,1,0
0,no,0,0,0,24,31,no,no,0,"[0.6903014183044434, 0.46012282371520996, 0.5050764083862305, 0.43262720108032227, 0.38044023513793945, 0.4164762496948242, 0.40024352073669434, 0.3766028881072998, 0.43909239768981934, 0.3367116451263428, 0.4112064838409424]",Coral guió a la turista en el palacio en una hora.,14,0,1,0
0,no,0,0,0,101,32,no,no,0,"[0.6841042041778564, 0.49898743629455566, 0.4281148910522461, 0.451723575592041, 0.4595935344696045, 0.38533878326416016, 0.42730712890625, 0.39056396484375, 0.4038517475128174, 0.4723513126373291]",Sara contó la historia a sus hijo antes de dormir.,14,0,1,0
0,no,0,0,0,101,33,no,no,0,"[0.596205472946167, 0.15730500221252441, 0.5693011283874512, 0.5403745174407959, 0.4552328586578369, 0.4205741882324219, 0.4368412494659424, 0.4353656768798828, 0.49341392517089844, 0.6514542102813721]",Laura mostró las fotos a sus amigas en la parque.,14,0,1,0
0,no,0,0,0,11,34,no,no,0,"[0.659855842590332, 1.7400774955749512, 0.4333345890045166, 0.4737570285797119, 0.4118363857269287, 0.7502171993255615, 0.5731940269470215, 0.4053952693939209, 0.4168696403503418, 0.44343042373657227]",Valeria neutralizó una criminal en la frontera en cinco minutos.,14,4,1,0
0,no,SI,A,1,100,35,no,no,Ana estaba en la biblioteca.,"[0.5283913612365723, 0.4441344738006592, 0.47598838806152344, 0.3783259391784668, 0.4683365821838379, 0.37901759147644043, 0.3760344982147217, 0.36778736114501953, 0.36344361305236816, 0.40752410888671875]",Nos encontramos con Ana después de clase en la biblioteca.,14,2,1,0
0,no,SI,E,1,100,36,no,no,El gato está sobre la manta cerca del sofá.,"[0.45714616775512695, 0.4137396812438965, 0.3792293071746826, 0.4221150875091553, 0.3945481777191162, 0.3414039611816406, 0.4532172679901123, 0.39470672607421875, 0.36891984939575195, 0.4352388381958008]",El gato duerme tranquilo sobre la manta cerca del sofá.,14,2,1,0
0,no,SI,A,1,28,37,no,no,Anna estaba en la escuela.,"[0.541853666305542, 0.47628140449523926, 0.4422283172607422, 0.496807336807251, 0.42059922218322754, 0.37459301948547363, 0.35872721672058105, 0.3884720802307129, 0.3523540496826172, 0.505028486251831]",Anna comprendió la tarea en la escuela en dos minutos.,14,5,1,0
0,no,0,0,0,7,38,no,no,0,"[0.18320202827453613, 0.8979649543762207, 0.4027066230773926, 0.37529826164245605, 0.40236830711364746, 0.30669617652893066, 0.3594803810119629, 0.3658924102783203, 0.35013484954833984, 0.44418954849243164, 0.4451413154602051]",Tomás empujó a una vieja a la puerta en pocos segundos.,14,1,1,0
0,no,0,0,0,101,39,no,no,0,"[0.6147384643554688, 0.31505298614501953, 0.4040379524230957, 0.2993457317352295, 0.4890270233154297, 0.9521327018737793, 0.42349839210510254, 0.41611433029174805, 0.31174254417419434, 0.6656346321105957]",María se despertó sobresaltado a los gritos de su hermano.,14,1,1,0
0,no,0,0,0,49,40,no,no,0,"[0.6003384590148926, 0.3452329635620117, 0.4632296562194824, 0.3916192054748535, 0.4043900966644287, 0.3057839870452881, 0.4139137268066406, 0.3926546573638916, 0.40097904205322266, 0.38651061058044434]",Alba mencionó una actriz en el teatro tras varios minutos.,14,4,1,0
0,no,0,0,0,100,41,no,no,0,"[0.5390572547912598, 0.14819955825805664, 0.2032015323638916, 0.5902993679046631, 0.4308817386627197, 0.3907923698425293, 0.3442678451538086, 0.4144556522369385, 0.3851346969604492, 0.45158815383911133, 0.12937164306640625]",El jefe asignó una tarea a cada empleado en la reunión.,14,0,1,0
0,no,No,E,1,100,42,no,no,El bebé dormía plácidamente.,"[0.4847731590270996, 0.4270772933959961, 0.44046688079833984, 0.39145994186401367, 0.43770718574523926, 0.42745423316955566, 1.0318377017974854, 0.35123348236083984, 0.37810778617858887, 0.5808830261230469]",El bebé lloraba constantemente durante la noche sin razón aparente.,14,2,1,0
0,no,SI,A,1,22,43,no,no,Hubo un asedio en la región.,"[0.5753676891326904, 1.4431841373443604, 0.1251084804534912, 0.2566967010498047, 1.2232234477996826, 0.11937093734741211, 0.4544849395751953, 1.4869980812072754, 0.18361735343933105, 0.48642945289611816, 0.40374016761779785]",Carla asedió a la contrincante en la región durante bastante tiempo.,14,0,1,0
0,no,0,0,0,100,44,no,no,0,"[0.46655797958374023, 0.43883538246154785, 0.3717634677886963, 0.39174509048461914, 0.3946549892425537, 0.38683080673217773, 0.3867011070251465, 0.3470022678375244, 0.41550421714782715, 0.4433574676513672]",El avión aterrizó sin problemas en el aeropuerto de Madrid.,14,2,1,0
0,no,0,0,0,35,45,no,no,0,"[0.4525115489959717, 0.147627592086792, 0.8975975513458252, 0.4051074981689453, 0.13717961311340332, 0.22848892211914062, 0.5557727813720703, 0.3715188503265381, 0.35848283767700195, 0.4660799503326416]",Carlos vigiló la niña en la habitación durante unas horas.,14,3,1,0
0,no,0,0,0,100,46,no,no,0,"[0.599113941192627, 0.4876575469970703, 0.6524367332458496, 0.6234035491943359, 0.43639063835144043, 0.43882226943969727, 0.3600008487701416, 0.40746545791625977, 0.359799861907959, 0.36423826217651367]",Vamos caminando todos los días a pie hasta el colegio.,14,1,1,0
0,no,NO,E,1,101,47,no,no,LLegaron a casa después del aconecher.,"[0.5439822673797607, 0.36498308181762695, 0.12710976600646973, 0.827890157699585, 0.4789721965789795, 0.12377810478210449, 0.40891170501708984, 0.1666097640991211, 0.49770545959472656, 0.4286952018737793]",Los campesinos llegaron cansado a casa justo antes del anochecer.,14,1,1,0
0,no,0,0,0,100,48,no,no,0,"[0.4995744228363037, 0.42310190200805664, 0.3806619644165039, 0.42941737174987793, 0.3933589458465576, 0.4805929660797119, 0.3619565963745117, 0.401348352432251, 0.13285017013549805, 0.19823884963989258]",Miguel alquiló una bicicleta a un turista en la estación.,14,0,1,0
0,no,SI,E,1,100,49,no,no,Ellos corren en el centro.,"[0.5125095844268799, 0.41869497299194336, 0.14346623420715332, 0.4817953109741211, 0.38948583602905273, 0.4013814926147461, 1.0786547660827637, 0.1567995548248291, 0.6097354888916016, 0.13319849967956543]",Ellos corren todas las mañanas por el parque del centro.,14,2,1,0
0,no,SI,A,1,15,50,no,no,Lucia estuvo en una pelea de bar.,"[0.4095582962036133, 0.421785831451416, 0.5836930274963379, 0.42957448959350586, 0.5207183361053467, 0.3788466453552246, 0.15140414237976074, 0.20102834701538086, 0.44001197814941406, 0.40789031982421875, 0.4060964584350586]",Lucía destrozó a la oponente en el bar en diez minutos.,14,0,1,0
0,no,SI,A,1,100,51,no,no,Ana escribió la carta desde la playa.,"[0.5436050891876221, 0.5664634704589844, 0.34730029106140137, 0.409076452255249, 0.3827974796295166, 0.35871219635009766, 0.35662007331848145, 0.39592862129211426, 0.3386530876159668, 0.46076536178588867]",Ana escribió una carta a su abuela desde la playa.,14,0,1,0
0,no,0,0,0,44,52,no,no,0,"[0.6791536808013916, 0.38610291481018066, 0.1534104347229004, 2.4865427017211914, 0.33213090896606445, 0.404217004776001, 0.3865633010864258, 0.40563178062438965, 0.4112386703491211, 0.4288339614868164]",Martín detectó la intrusa en el hospital en dos minutos.,14,3,1,0
0,no,0,0,0,26,53,no,no,0,"[0.5713140964508057, 0.3944540023803711, 0.4383053779602051, 0.34234094619750977, 0.3759784698486328, 0.4246549606323242, 0.41927194595336914, 0.39086008071899414, 0.1222069263458252, 0.38931941986083984, 0.6193299293518066]",Juan escuchó a una vecina en el balcón durante una noche.,14,1,1,0
0,no,0,0,0,100,54,no,no,0,"[0.5367016792297363, 0.45034217834472656, 0.41528987884521484, 0.40494823455810547, 0.323871374130249, 0.47814369201660156, 0.1504073143005371, 0.6166906356811523, 0.5646848678588867, 0.13661599159240723]",El mensajero entregó el paquete a Marta en su casa.,14,0,1,0
0,no,NO,E,1,18,55,no,no,María iba en bicicleta.,"[0.7247028350830078, 0.14322137832641602, 1.3393752574920654, 0.42526912689208984, 1.302797794342041, 0.41510653495788574, 0.17789268493652344, 0.5525462627410889, 0.36516737937927246, 0.44989967346191406]",María transportó una mochilera en la furgoneta durante un día.,14,4,1,0
0,no,0,0,0,43,56,no,no,0,"[0.6421201229095459, 0.6307675838470459, 0.4023449420928955, 0.4341769218444824, 0.41468334197998047, 0.4032440185546875, 0.3723104000091553, 0.3954329490661621, 0.34114527702331543, 0.4558703899383545]",Sofía conoció la chica en el colegio en dos días.,14,3,1,0
0,no,NO,E,1,100,57,no,no,El autobus llegó puntual.,"[0.48105573654174805, 0.4202547073364258, 0.42937564849853516, 0.4558374881744385, 0.3896481990814209, 0.49332666397094727, 1.7537267208099365, 0.34183788299560547, 0.435208797454834, 0.1465437412261963, 0.22287487983703613]",El autobús llegó con retraso a la parada equivocada del centro.,14,1,1,0
0,no,SI,A,1,100,58,no,no,La cena se preparó en casa.,"[0.1790180206298828, 0.31822872161865234, 0.13683152198791504, 1.3527798652648926, 0.3430328369140625, 0.16391921043395996, 0.48091697692871094, 0.6049551963806152, 0.4611530303955078, 0.3954963684082031, 0.13282418251037598]",Mi madre preparó la cena a toda la familia en casa.,14,0,1,0
0,no,0,0,0,20,59,no,no,0,"[0.6962571144104004, 0.5177042484283447, 0.7616612911224365, 0.3341083526611328, 0.405808687210083, 0.3797478675842285, 0.369610071182251, 0.44922399520874023, 0.39322948455810547, 0.3566911220550537, 0.45523667335510254]",Claudia maltrató a una compañera en la casa durante varios años.,14,1,1,0
0,no,NO,E,1,101,60,no,no,El dueño fue reconocido por su gato.,"[0.5219175815582275, 0.1514132022857666, 0.2333083152770996, 0.1453542709350586, 1.1935529708862305, 0.40015673637390137, 0.42430758476257324, 0.3820638656616211, 0.48981285095214844, 0.5165688991546631]",El perro corrió felizmente a su dueño cuando le reconoció.,14,1,1,0
0,no,0,0,0,100,61,no,no,0,"[0.6246826648712158, 0.16440320014953613, 0.78348708152771, 0.35741496086120605, 0.5140891075134277, 0.4099154472351074, 0.3351774215698242, 0.3934469223022461, 0.3667788505554199]",Carlos estornudó fuerte en medio de la reunión ayer.,14,2,1,0
0,no,0,0,0,21,62,no,no,0,"[0.817359209060669, 0.5311973094940186, 1.1545381546020508, 0.4290311336517334, 0.49675965309143066, 0.43816304206848145, 0.6110789775848389, 0.13309502601623535, 0.5297384262084961, 0.3686254024505615]",Hugo apaleó la rebelde en la calle durante varios minutos.,14,3,1,0
0,no,NO,E,1,25,63,no,no,Pedro observó durante unos minutos.,"[0.5747544765472412, 0.4898867607116699, 0.41446900367736816, 0.3785529136657715, 0.39771366119384766, 0.43555569648742676, 0.3797440528869629, 0.4289240837097168, 0.40014028549194336, 0.40276312828063965, 0.5141537189483643]",Pedro observó a la secretaria en la oficina durante una hora.,14,0,1,0
0,no,0,0,0,40,64,no,no,0,"[0.6998629570007324, 0.44785141944885254, 0.13017773628234863, 0.5654895305633545, 0.38703179359436035, 0.44476771354675293, 0.39821648597717285, 0.36655211448669434, 0.3708486557006836, 0.4079728126525879]",Adrián percibió una mujer detrás de él durante algunos minutos.,14,4,1,0
0,no,0,0,0,101,65,no,no,0,"[0.5079066753387451, 0.38115620613098145, 0.45632386207580566, 0.4453775882720947, 0.4424128532409668, 0.4017658233642578, 0.4315459728240967, 0.3373079299926758, 0.37476539611816406, 0.37351322174072266]",Mi primo viaja sola por Europa durante el verano próximo.,14,2,1,0
0,no,0,0,0,30,66,no,no,0,"[0.48230504989624023, 0.5707786083221436, 0.4869043827056885, 0.45677661895751953, 0.3800673484802246, 0.45940089225769043, 0.4270510673522949, 0.390286922454834, 0.38167548179626465, 0.42191028594970703]",Carlos esperó la furgoneta en la esquina durante una hora.,14,5,1,0
0,no,0,0,0,100,67,no,no,0,"[0.5969390869140625, 0.5190181732177734, 0.48622751235961914, 0.4933786392211914, 0.41293811798095703, 0.359025239944458, 0.4134349822998047, 0.3810701370239258, 0.39310503005981445, 0.49396777153015137]",Isabel enseñó la receta a su prima en la cocina.,14,0,1,0
0,no,NO,E,1,6,68,no,no,El beso tuvo lugar en un museo.,"[0.6145420074462891, 0.5124170780181885, 0.4072704315185547, 0.4084186553955078, 0.5117285251617432, 0.5853779315948486, 0.43924736976623535, 0.38761377334594727, 0.45003175735473633, 0.5620090961456299]",Francisco besó una novia en la iglesia durante unos segundos.,14,4,1,0
0,no,0,0,0,100,69,no,no,0,"[0.4283750057220459, 0.45653700828552246, 0.427523136138916, 0.504448652267456, 0.43009495735168457, 0.44449305534362793, 0.3605930805206299, 0.3741919994354248, 0.37523746490478516, 0.38529014587402344]",Julia pasó la sal a su madre durante la cena.,14,0,1,0
0,no,SI,A,1,37,70,no,no,Isabel miraba por la ventana.,"[0.3949246406555176, 0.4109957218170166, 0.33783674240112305, 0.16518688201904297, 0.45331859588623047, 0.46384739875793457, 0.40843677520751953, 0.4441394805908203, 0.41956448554992676, 0.1718127727508545]",Isabel vió una estudiante desde su ventana durante una mañana.,14,4,1,0
0,no,0,0,0,5,71,no,no,0,"[0.7793943881988525, 0.5221986770629883, 0.38120126724243164, 0.12653160095214844, 0.48303914070129395, 0.6163539886474609, 0.42158079147338867, 0.3574237823486328, 0.41840624809265137, 0.389021635055542]",Manuel abrazó la señora en el parque en pocos instantes.,14,3,1,0
0,no,NO,E,1,100,72,no,no,El niño juega solo en el parque.,"[0.4727816581726074, 0.4193572998046875, 0.38915395736694336, 0.3929264545440674, 0.3860604763031006, 0.15662455558776855, 0.1943366527557373, 0.5692687034606934, 0.38671278953552246, 0.41696739196777344]",El niño juega en el parque con su mejor amigo.,14,2,1,0
0,no,0,0,0,36,73,no,no,0,"[0.6080334186553955, 0.49013781547546387, 0.4415712356567383, 0.4050304889678955, 0.38042736053466797, 0.3598005771636963, 0.39542555809020996, 0.38813066482543945, 0.3861205577850342, 0.3602762222290039, 0.49240827560424805]",Irene oyó a la niña en la sala durante una noche.,14,0,1,0
0,no,0,0,0,100,74,no,no,0,"[0.551851749420166, 0.5372064113616943, 0.42746472358703613, 0.41957807540893555, 0.3702881336212158, 0.42501091957092285, 0.454728364944458, 0.3999764919281006, 0.40842270851135254, 0.49981188774108887]",Rosa recomendó un libro a su colega durante el almuerzo.,14,0,1,0
0,no,0,0,0,100,75,no,no,0,"[0.43157148361206055, 0.13977766036987305, 0.2739884853363037, 0.6218111515045166, 0.4549539089202881, 0.43184399604797363, 0.51487135887146, 0.44390201568603516, 0.3732774257659912]",El viento soplaba fuerte durante la tormenta de anoche.,14,2,1,0
0,no,0,0,0,13,76,no,no,0,"[1.2170069217681885, 0.6906635761260986, 0.40409064292907715, 0.39485955238342285, 0.45124030113220215, 0.40236830711364746, 0.4502689838409424, 0.3868434429168701, 0.4165525436401367, 0.5022954940795898]",Martina atropelló una anciana en el aparcamiento en pocos minutos.,14,4,1,0
0,no,0,0,0,10,77,no,no,0,"[0.4392554759979248, 0.496105432510376, 0.4931015968322754, 0.398618221282959, 0.483959436416626, 0.14722681045532227, 0.7384698390960693, 0.42781853675842285, 0.42853474617004395, 0.4826822280883789]",Mateo eliminó la carpeta en el banco en pocos segundos.,14,5,1,0
0,no,0,0,0,101,78,no,no,0,"[0.8332920074462891, 1.0351622104644775, 0.4402039051055908, 0.4978325366973877, 0.46141815185546875, 0.4406313896179199, 0.5327427387237549, 0.5890309810638428, 0.4029197692871094]",Pedro devolvió el libro la biblioteca el lunes pasado.,14,0,1,0
0,no,0,0,0,100,79,no,no,0,"[0.6206352710723877, 0.4576990604400635, 0.3814821243286133, 0.46332812309265137, 0.4598517417907715, 0.4499030113220215, 0.4252941608428955, 0.3935055732727051, 0.5688354969024658, 0.4897737503051758]",Los pájaros vuelan alto sobre los árboles en primavera alegre.,14,2,1,0
0,no,0,0,0,100,80,no,no,0,"[0.5100154876708984, 0.43384671211242676, 0.43935251235961914, 0.5255312919616699, 0.40635061264038086, 0.3862946033477783, 0.4825303554534912, 0.43239521980285645, 0.4427371025085449, 0.4493110179901123]",El anciano hablaba a solas consigo mismo en el jardín.,14,1,1,0
0,no,NO,E,1,101,81,no,no,Luis envió un paquete a su hermano.,"[0.45322489738464355, 0.16533184051513672, 0.566413402557373, 1.8821141719818115, 0.46848082542419434, 0.6398336887359619, 0.39870214462280273, 0.34238457679748535, 0.5591132640838623]",Luis envíe un paquete a su primo en Alemania.,14,0,1,0
0,no,NO,E,1,34,82,no,no,Carmen vio una representación teatral.,"[0.554908275604248, 0.4735374450683594, 0.3838996887207031, 0.3688044548034668, 0.401231050491333, 0.47469639778137207, 0.404926061630249, 0.39325904846191406, 0.3889439105987549, 0.4182441234588623, 0.13980650901794434]",Carmen odió a la vendedora en el cine durante la película.,14,0,1,0
0,no,0,0,0,17,83,no,no,0,"[0.5335137844085693, 0.3800315856933594, 0.7136952877044678, 0.4413630962371826, 0.17865467071533203, 0.24283552169799805, 0.9318609237670898, 0.3835945129394531, 0.35921335220336914, 0.36594581604003906, 0.4127616882324219]",Luis zarandeó a la muñeca en la casa durante algunos minutos.,14,2,1,0
0,no,SI,A,1,100,84,no,no,Laura se fue a Inglaterra.,"[0.666839599609375, 0.3935279846191406, 0.3905520439147949, 0.3714008331298828, 0.522303581237793, 0.3744645118713379, 0.40956783294677734, 0.409848690032959, 0.3904299736022949, 0.3584747314453125]",Laura se fue de vacaciones a Londres la semana pasada.,14,1,1,0
0,no,SI,A,1,101,85,no,no,El camarero sonrió.,"[0.49014854431152344, 0.4541184902191162, 0.39726734161376953, 0.47760534286499023, 0.4222908020019531, 0.688774824142456, 0.3920257091522217, 0.3967289924621582, 0.35483884811401367, 0.4340837001800537, 0.430234432220459]",El camarero trajo el cuenta a los clientes con una sonrisa.,14,0,1,0
0,no,0,0,0,48,86,no,no,0,"[0.5216028690338135, 0.39673662185668945, 0.3965034484863281, 0.38799476623535156, 0.5053808689117432, 0.4013080596923828, 0.3668532371520996, 0.37310290336608887, 0.4246561527252197, 0.37691569328308105]",Samuel descubrió una infiltrada en el museo en pocas horas.,14,4,1,0
0,no,0,0,0,19,87,no,no,0,"[0.4008643627166748, 0.5010020732879639, 1.53074049949646, 0.32697033882141113, 0.4322700500488281, 0.5821826457977295, 0.37300682067871094, 0.349210262298584, 0.35120224952697754, 0.5012316703796387]",Lucas arrastró la carreta en la calle por un tiempo.,14,5,1,0
0,no,0,0,0,33,88,no,no,0,"[0.4213829040527344, 0.45854687690734863, 0.5633194446563721, 0.4348740577697754, 0.45420336723327637, 0.4532601833343506, 0.4736003875732422, 0.3301529884338379, 0.3884007930755615, 0.43642520904541016]",Marco imaginó la fiesta en la playa durante dos minutos.,14,5,1,0
0,no,0,0,0,100,89,no,no,0,"[0.1533679962158203, 0.6626341342926025, 0.463115930557251, 0.4527132511138916, 0.9636809825897217, 0.43041181564331055, 0.4262363910675049, 0.42717695236206055, 0.43047285079956055, 0.4388997554779053, 0.39200258255004883]",La lluvia cayó fuerte sobre el techo durante toda la noche.,14,2,1,0
0,no,SI,A,1,9,90,no,no,Había fuego en la plaza.,"[0.771512508392334, 0.4980447292327881, 0.4411191940307617, 1.0217149257659912, 0.37264037132263184, 0.40849947929382324, 0.41179823875427246, 0.4296000003814697, 0.33502626419067383, 0.4496743679046631, 0.5017149448394775]",Carlos quemó a una bruja en la plaza en pocos minutos.,14,1,1,0
0,no,SI,A,1,14,91,no,no,Helena estaba jugando un partido de fútbol.,"[0.6567821502685547, 1.0183019638061523, 0.37662529945373535, 0.3559703826904297, 0.4224834442138672, 0.40360474586486816, 0.4081089496612549, 0.36008167266845703, 0.36509156227111816, 0.4436655044555664, 0.3981750011444092]",Helena derribó a la futbolista en el campo durante el partido.,14,0,1,0
0,no,0,0,0,101,92,no,no,0,"[0.413865327835083, 0.4166123867034912, 0.45023679733276367, 0.5187816619873047, 0.3985292911529541, 0.40508031845092773, 0.4115126132965088, 0.3961143493652344, 0.39094018936157227, 0.46161484718322754]",El perro ladran fuerte cada vez que pasa un coche.,14,2,1,0
0,no,NO,E,1,101,93,no,no,El avión despegó con retraso.,"[0.5507566928863525, 0.4082179069519043, 0.14790916442871094, 0.011160612106323242, 1.7014944553375244, 0.7133347988128662, 0.5152590274810791, 0.5000426769256592, 0.37532591819763184, 0.45493340492248535]",El avión despegó puntualmente a la siete de la mañana.,14,1,1,0
0,no,0,0,0,100,94,no,no,0,"[0.46157264709472656, 0.38130784034729004, 0.41355347633361816, 0.4298834800720215, 0.37515878677368164, 0.3956489562988281, 0.4240412712097168, 0.3694906234741211, 0.40293002128601074, 0.4786076545715332]",El niño duerme tranquilo en su cama todas las noches.,14,2,1,0
0,no,SI,A,1,39,95,no,no,Valeria fue a un concierto.,"[0.4128270149230957, 0.47633910179138184, 0.48650050163269043, 0.35143542289733887, 1.1420674324035645, 0.3576934337615967, 0.41524815559387207, 0.3438262939453125, 0.3823666572570801, 0.3949763774871826, 0.3832566738128662]",Valeria admiró a la escenografía en el teatro durante el concierto.,14,2,1,0
0,no,NO,E,1,2,96,no,no,La acción tuvo lugar en el parque.,"[1.0572881698608398, 1.3659820556640625, 0.38961315155029297, 0.4291839599609375, 0.40779948234558105, 0.4365856647491455, 0.40200376510620117, 0.38198399543762207, 0.3641993999481201, 0.4664437770843506]",Simón pateó la pelota en la cancha en un instante.,14,5,1,0
0,no,0,0,0,38,97,no,no,0,"[0.7491393089294434, 0.3782975673675537, 0.3817002773284912, 0.38924336433410645, 0.3571186065673828, 0.14925479888916016, 0.18553733825683594, 0.46470141410827637, 0.37626099586486816, 0.39800548553466797]",Unai amó la vida en su pueblo durante varios años.,14,5,1,0
0,no,NO,E,1,100,98,no,no,El tren llegó con retraso.,"[0.4540548324584961, 0.13322091102600098, 0.23366928100585938, 0.44943928718566895, 0.3601064682006836, 0.35574793815612793, 0.3617825508117676, 0.40386390686035156, 0.35994791984558105, 0.41147732734680176]",El tren llegó puntual a la estación bajo la lluvia.,14,2,1,0
0,no,0,0,0,45,99,no,no,0,"[0.5710024833679199, 0.4313051700592041, 0.42293429374694824, 0.3824961185455322, 0.3336961269378662, 0.35794520378112793, 0.39136338233947754, 0.37233400344848633, 0.13841867446899414, 0.20194196701049805]",Gabriela localizó la amiga en la ciudad en dos minutos.,14,3,1,0
0,no,0,0,0,23,100,no,no,0,"[0.46488046646118164, 0.44022345542907715, 0.4161496162414551, 0.32331204414367676, 0.41860079765319824, 0.4425210952758789, 0.4179189205169678, 0.4119858741760254, 0.3672506809234619, 0.37094783782958984, 0.4022972583770752]",Daniel remolcó a la enferma en la calle durante algunos minutos.,14,0,1,0
0,no,0,0,0,100,101,no,no,0,"[0.6708583831787109, 0.4896678924560547, 0.5132431983947754, 0.4411735534667969, 0.19099736213684082, 0.4801180362701416, 0.42353153228759766, 0.437835693359375, 0.37478089332580566, 0.16464757919311523, 0.2303147315979004]",Me encontré inesperadamente a Paula en el tren de las siete.,14,1,1,0
0,no,0,0,0,101,102,no,no,0,"[0.43773674964904785, 0.4948117733001709, 0.36563634872436523, 0.41533946990966797, 0.41286277770996094, 0.4091835021972656, 0.37868213653564453, 0.4624786376953125, 0.3608405590057373, 0.4221992492675781]",Jorge compró un regalo su novia en el centro comercial.,14,0,1,0
0,no,SI,A,1,101,103,no,no,Ayer estudiaron matemáticas.,"[0.4941372871398926, 0.4814934730529785, 0.3638885021209717, 0.4494175910949707, 0.47243738174438477, 0.5587694644927979, 0.44341540336608887, 0.9521100521087646, 0.38707661628723145, 0.5295794010162354]",Nos sentamos juntos para estudiando matemáticas toda la tarde ayer.,14,2,1,0
0,no,0,0,0,101,104,no,no,0,"[0.432025671005249, 0.43509435653686523, 0.4279942512512207, 1.3395648002624512, 1.4807708263397217, 0.35030221939086914, 0.3630683422088623, 0.29378485679626465, 0.4103989601135254]",La película empiezan exactamente a las ocho en punto.,14,1,1,0
0,no,SI,A,1,3,105,no,no,Lo que Pedro hizo fue un secuestro.,"[0.6272604465484619, 0.7956516742706299, 0.4174766540527344, 0.35350608825683594, 0.37412285804748535, 0.3714175224304199, 0.408602237701416, 0.37256574630737305, 0.3733255863189697, 0.3553941249847412, 0.3962714672088623]",Pablo secuestró a la camioneta en el aeropuerto durante una hora.,14,2,1,0
4,no,0,0,0,100,0,yes,yes,0,0,El ladrón escapó a toda prisa por la puerta trasera.,14,1,1,0
4,no,0,0,0,100,1,yes,yes,0,0,Los niños corrieron a la plaza con sus amigos.,14,1,1,0
3,no,0,0,0,100,2,yes,yes,0,0,La conferencia empezará con puntualidad a las diez y media.,14,1,1,0
4,no,NO,0,1,100,3,yes,yes,Llegaron a la universidad cuando ya estaba cerrada.,0,Los estudiantes llegaron a la universidad antes de que cerrara.,14,1,1,0
3,no,0,0,0,17,0,yes,no,0,0,Luis zarandeó a una mujer en la casa durante algunos minutos.,14,1,1,0
4,no,SI,0,1,32,1,yes,no,Martin estaba en el hospital.,0,Martín buscó la médica en el hospital durante dos horas.,14,3,1,0
1,no,0,0,0,48,2,yes,no,0,0,Samuel descubrió a la tabla en el museo en pocas horas.,14,2,1,0
4,no,SI,0,1,39,3,yes,no,Valeria fue a un concierto.,0,Valeria admiró a la escenografía en el teatro durante el concierto.,14,2,1,0
2,no,SI,0,1,27,4,yes,no,Felipe es presentador de teatro.,0,Felipe anunció la actuación en el escenario en cinco minutos.,14,5,1,0
3,no,SI,0,1,28,5,yes,no,Anna estaba en la escuela.,0,Anna comprendió a la tarea en la escuela en dos minutos.,14,2,1,0
4,no,0,0,0,30,6,yes,no,0,0,Carlos esperó a una profesora en la esquina durante una hora.,14,1,1,0
3,no,0,0,0,49,7,yes,no,0,0,Alba mencionó a la actriz en el teatro tras varios minutos.,14,0,1,0
4,no,0,0,0,20,8,yes,no,0,0,Claudia maltrató a una compañera en la casa durante varios años.,14,1,1,0
3,no,SI,0,1,3,9,yes,no,Lo que Pedro hizo fue un secuestro.,0,Pablo secuestró la turista en el aeropuerto durante una hora.,14,3,1,0
4,no,0,0,0,29,10,yes,no,0,0,Alfonso miró a la granjera en la colina durante dos horas.,14,0,1,0
3,no,0,0,0,10,11,yes,no,0,0,Mateo eliminó la rehén en el banco en pocos segundos.,14,3,1,0
3,no,0,0,0,26,12,yes,no,0,0,Juan escuchó una vecina en el balcón durante una noche.,14,4,1,0
4,no,NO,0,1,12,13,yes,no,El combate duró varias horas.,0,Paula abatió a la contrincante en el ring en pocos minutos.,14,0,1,0
4,no,0,0,0,11,14,yes,no,0,0,Valeria neutralizó la bomba en la frontera en cinco minutos.,14,5,1,0
4,no,NO,0,1,2,15,yes,no,La acción tuvo lugar en el parque.,0,Simón pateó a la pelota en la cancha en un instante.,14,2,1,0
1,no,0,0,0,42,16,yes,no,0,0,Ismael encontró una conocida en la carretera en pocas horas.,14,4,1,0
0,no,0,0,0,47,17,yes,no,0,0,Marta descartó la sospecha en la selección en un día.,14,5,1,0
3,no,SI,0,1,37,18,yes,no,Isabel miraba por la ventana.,0,Isabel vió una estudiante desde su ventana durante una mañana.,14,4,1,0
2,no,0,0,0,44,19,yes,no,0,0,Martín detectó una intrusa en el hospital en dos minutos.,14,4,1,0
4,no,0,0,0,21,20,yes,no,0,0,Hugo apaleó a la muñeca en la calle durante varios minutos.,14,2,1,0
3,no,0,0,0,24,21,yes,no,0,0,Coral guió a una turista en el palacio en una hora.,14,1,1,0
4,no,NO,0,1,25,22,yes,no,Pedro observó durante unos minutos.,0,Pedro observó a la secretaria en la oficina durante una hora.,14,0,1,0
0,no,0,0,0,13,23,yes,no,0,0,Martina atropelló a la carreta en el aparcamiento en pocos minutos.,14,2,1,0
1,no,NO,0,1,34,24,yes,no,Carmen vio una representación teatral.,0,Carmen odió a la música en el cine durante la película.,14,2,1,0
4,no,NO,0,1,18,25,yes,no,María iba en bicicleta.,0,María transportó la guitarra en la furgoneta durante un día.,14,5,1,0
1,no,0,0,0,5,26,yes,no,0,0,Manuel abrazó a la señora en el parque en pocos instantes.,14,0,1,0
1,no,0,0,0,23,27,yes,no,0,0,Daniel remolcó a la enferma en la calle durante algunos minutos.,14,0,1,0
3,no,0,0,0,36,28,yes,no,0,0,Irene oyó la discusión en la sala durante una noche.,14,5,1,0
1,no,NO,0,1,31,29,yes,no,Miguel tuvo que esperar una semana.,0,Miguel recibió la caja en la casa en un día.,14,5,1,0
2,no,SI,0,1,9,30,yes,no,Había fuego en la plaza.,0,Carlos quemó la bruja en la plaza en pocos minutos.,14,3,1,0
3,no,NO,0,1,16,31,yes,no,La guerra duró más de dos años.,0,Valentina venció a una adversaria en la guerra en dos años.,14,1,1,0
4,no,0,0,0,45,32,yes,no,0,0,Gabriela localizó la bodega en la ciudad en dos minutos.,14,5,1,0
2,no,NO,0,1,1,33,yes,no,Carlos tardó mucho en hacer el asalto.,0,Carlos asaltó a una conductora en el barrio en pocos instantes.,14,1,1,0
2,no,NO,0,1,46,34,yes,no,Alejandro estaba en el centro comercial.,0,Alejandro identificó una agresora en el aeropuerto en dos horas.,14,4,1,0
2,no,0,0,0,33,35,yes,no,0,0,Marco imaginó la amiga en la playa durante dos minutos.,14,3,1,0
3,no,0,0,0,40,36,yes,no,0,0,Adrián percibió la sombra detrás de él durante algunos minutos.,14,5,1,0
1,no,SI,0,1,22,37,yes,no,Hubo un asedio en la región.,0,Carla asedió la contrincante en la región durante bastante tiempo.,14,3,1,0
1,no,SI,0,1,8,38,yes,no,Helena estaba en el patio.,0,Helena colgó una criminal en el patio en cinco minutos.,14,4,1,0
2,no,0,0,0,38,39,yes,no,0,0,Unai amó a la jovencita en su pueblo durante varios años.,14,0,1,0
3,no,0,0,0,43,40,yes,no,0,0,Sofía conoció una chica en el colegio en dos días.,14,4,1,0
2,no,0,0,0,7,41,yes,no,0,0,Tomás empujó una vieja a la puerta en pocos segundos.,14,4,1,0
4,no,SI,0,1,15,42,yes,no,Lucia estuvo en una pelea de bar.,0,Lucía destrozó la oponente en el bar en diez minutos.,14,3,1,0
1,no,NO,0,1,6,43,yes,no,El beso tuvo lugar en un museo.,0,Francisco besó la novia en la iglesia durante unos segundos.,14,3,1,0
3,no,0,0,0,4,44,yes,no,0,0,Jorge arrolló a una ciclista en la calle en un segundo.,14,1,1,0
2,no,SI,0,1,41,45,yes,no,Emma pasó semanas investigando.,0,Emma investigó la epidemia en la ciudad durante varias semanas.,14,5,1,0
4,no,0,0,0,19,46,yes,no,0,0,Lucas arrastró a una víctima en la calle por un tiempo.,14,1,1,0
4,no,SI,0,1,14,47,yes,no,Helena estaba jugando un partido de fútbol.,0,Helena derribó a la futbolista en el campo durante el partido.,14,0,1,0
3,no,0,0,0,35,48,yes,no,0,0,Carlos vigiló a la operación en la habitación durante unas horas.,14,2,1,0
2,no,SI,0,1,0,49,yes,no,La acción tuvo lugar en la calle.,0,Juan golpeó a la actriz en la calle en diez segundos.,14,0,1,0
4,yes,SI,0,1,0,0,yes,no,La acción tuvo lugar en la calle.,0,Lo que Emma hizo a la empresaria fue investigarla.,14,6,1,0
4,yes,SI,0,1,0,1,yes,no,La acción tuvo lugar en la calle.,0,Lo que Unai hizo a la jovencita fue amarla.,14,6,1,0
4,yes,SI,0,1,0,2,yes,no,La acción tuvo lugar en la calle.,0,Lo que Helena hizo a la futbolista fue derribarla.,14,6,1,0
3,yes,SI,0,1,0,3,yes,no,La acción tuvo lugar en la calle.,0,Lo que Ismael hizo a la conocida fue encontrarla.,14,6,1,0
4,yes,SI,0,1,0,4,yes,no,La acción tuvo lugar en la calle.,0,Lo que Samuel hizo a la infiltrada fue descubrirla.,14,6,1,0
4,yes,SI,0,1,0,5,yes,no,La acción tuvo lugar en la calle.,0,Lo que Pedro hizo a la secretaria fue observarla.,14,6,1,0
3,yes,SI,0,1,0,6,yes,no,La acción tuvo lugar en la calle.,0,Lo que Irene hizo a la niña fue oírla.,14,6,1,0
4,yes,SI,0,1,0,7,yes,no,La acción tuvo lugar en la calle.,0,Lo que Manuel hizo a la señora fue abrazarla.,14,6,1,0
4,yes,SI,0,1,0,8,yes,no,La acción tuvo lugar en la calle.,0,Lo que Jorge hizo a la ciclista fue arrollarla.,14,6,1,0
2,yes,SI,0,1,0,9,yes,no,La acción tuvo lugar en la calle.,0,Lo que Adrián hizo a la mujer fue percibirla.,14,6,1,0
4,yes,SI,0,1,0,10,yes,no,La acción tuvo lugar en la calle.,0,Lo que Alejandro hizo a la agresora fue identificarla.,14,6,1,0
1,yes,SI,0,1,0,11,yes,no,La acción tuvo lugar en la calle.,0,Lo que Maria hizo a la mochilera fue transportarla.,14,6,1,0
2,yes,SI,0,1,0,12,yes,no,La acción tuvo lugar en la calle.,0,Lo que Carla hizo a la contrincante fue asediarla.,14,6,1,0
4,yes,SI,0,1,0,13,yes,no,La acción tuvo lugar en la calle.,0,Lo que Alfonso hizo a la granjera fue mirarla.,14,6,1,0
4,yes,SI,0,1,0,14,yes,no,La acción tuvo lugar en la calle.,0,Lo que Mateo hizo a la rehén fue eliminarla.,14,6,1,0
3,yes,SI,0,1,0,15,yes,no,La acción tuvo lugar en la calle.,0,Lo que Gabriela hizo a la amiga fue localizarla.,14,6,1,0
4,yes,SI,0,1,0,16,yes,no,La acción tuvo lugar en la calle.,0,Lo que Helena hizo a la criminal fue colgarla.,14,6,1,0
4,yes,SI,0,1,0,17,yes,no,La acción tuvo lugar en la calle.,0,Lo que Valentina hizo a la adversaria fue vencerla.,14,6,1,0
4,yes,SI,0,1,0,18,yes,no,La acción tuvo lugar en la calle.,0,Lo que Carlos hizo a la bruja fue quemarla.,14,6,1,0
4,yes,SI,0,1,0,19,yes,no,La acción tuvo lugar en la calle.,0,Lo que Valeria hizo a la criminal fue neutralizarla.,14,6,1,0
0,no,0,0,0,100,0,no,yes,0,"[2.1559977531433105, 0.8286921977996826, 2.8344714641571045, 1.0979626178741455, 1.3591585159301758, 1.0476510524749756, 0.9662983417510986, 0.8325390815734863, 0.6869750022888184, 1.1953423023223877]",La conferencia empezará con puntualidad a las diez y media.,15,1,0,0
0,no,NO,E,1,100,1,no,yes,Llegaron a la universidad cuando ya estaba cerrada.,"[1.1823546886444092, 0.9987478256225586, 1.136221170425415, 1.0035309791564941, 0.7909495830535889, 0.8323824405670166, 0.8785338401794434, 0.7680597305297852, 0.7295963764190674, 1.353165864944458]",Los estudiantes llegaron a la universidad antes de que cerrara.,15,1,0,0
0,no,0,0,0,100,2,no,yes,0,"[0.9826853275299072, 0.7498326301574707, 1.0130269527435303, 0.7577328681945801, 0.7657692432403564, 0.8137500286102295, 0.7994334697723389, 0.6672766208648682, 1.393214464187622]",Los niños corrieron a la plaza con sus amigos.,15,1,0,0
0,no,0,0,0,100,3,no,yes,0,"[0.9366879463195801, 0.7807753086090088, 0.776585578918457, 0.7466731071472168, 0.7288062572479248, 0.7998318672180176, 0.7767908573150635, 0.6264872550964355, 0.6824162006378174, 0.7843303680419922]",El ladrón escapó a toda prisa por la puerta trasera.,15,1,0,0
0,no,0,0,0,30,0,no,no,0,"[0.7956109046936035, 0.7390637397766113, 0.6922092437744141, 1.307884693145752, 0.9001860618591309, 0.7308526039123535, 0.8807423114776611, 0.5789575576782227, 0.5153975486755371, 1.0944604873657227]",Carlos esperó una profesora en la esquina durante una hora.,15,4,0,0
0,no,SI,A,1,3,1,no,no,Lo que Pedro hizo fue un secuestro.,"[0.8346939086914062, 0.6990725994110107, 0.9024982452392578, 0.815406322479248, 0.7011101245880127, 0.616687536239624, 1.2997901439666748, 0.6565415859222412, 0.5845901966094971, 0.7905600070953369]",Pablo secuestró la camioneta en el aeropuerto durante una hora.,15,5,0,0
0,no,0,0,0,100,2,no,no,0,"[0.7099499702453613, 0.6847348213195801, 1.6436653137207031, 0.7348008155822754, 0.7131335735321045, 0.7901837825775146, 0.6219098567962646, 0.9116671085357666, 0.7457635402679443, 0.6210594177246094, 1.1529266834259033]",Me encontré inesperadamente a Paula en el tren de las siete.,15,1,0,0
0,no,0,0,0,100,3,no,no,0,"[1.0353193283081055, 0.8388478755950928, 0.7575364112854004, 0.7965826988220215, 0.6418018341064453, 0.6974866390228271, 0.7804360389709473, 0.6668579578399658, 0.4680933952331543, 0.9060654640197754]",Isabel enseñó la receta a su prima en la cocina.,15,0,0,0
0,no,0,0,0,21,4,no,no,0,"[1.2724382877349854, 1.1622097492218018, 0.6938467025756836, 0.6758463382720947, 0.9614624977111816, 0.8578836917877197, 1.0312201976776123, 0.8575155735015869, 0.8821249008178711, 0.6934733390808105, 0.9170725345611572]",Hugo apaleó a una rebelde en la calle durante varios minutos.,15,1,0,0
0,no,SI,A,1,100,5,no,no,La cena se preparó en casa.,"[1.0589816570281982, 0.9275166988372803, 0.967458963394165, 0.9441187381744385, 0.9632530212402344, 0.8408725261688232, 0.686981201171875, 0.9804298877716064, 0.8009746074676514, 0.671905517578125, 0.9364700317382812]",Mi madre preparó la cena a toda la familia en casa.,15,0,0,0
0,no,0,0,0,17,6,no,no,0,"[0.7801399230957031, 0.9789133071899414, 0.7818832397460938, 0.8086869716644287, 0.9272804260253906, 0.7228639125823975, 0.8896114826202393, 0.7429769039154053, 0.6531350612640381, 0.8343327045440674]",Luis zarandeó la muñeca en la casa durante algunos minutos.,15,5,0,0
0,no,0,0,0,33,7,no,no,0,"[0.9352269172668457, 0.8098099231719971, 0.7747700214385986, 0.7316009998321533, 1.0628044605255127, 0.9030213356018066, 0.8034360408782959, 1.1531217098236084, 0.7001347541809082, 0.8428406715393066, 1.0670180320739746]",Marco imaginó a la fiesta en la playa durante dos minutos.,15,2,0,0
0,no,NO,E,1,18,8,no,no,María iba en bicicleta.,"[0.9251494407653809, 0.8103294372558594, 0.8644475936889648, 1.3046841621398926, 0.7546641826629639, 0.9284398555755615, 1.0314691066741943, 0.7400109767913818, 0.8125839233398438, 0.8466317653656006]",María transportó la mochilera en la furgoneta durante un día.,15,3,0,0
0,no,SI,A,1,101,9,no,no,Maria y su hermana estaban en la biblioteca.,"[0.7243025302886963, 0.4961705207824707, 1.0443778038024902, 0.7411313056945801, 0.8541357517242432, 0.652416467666626, 0.5924770832061768, 0.47334718704223633, 0.8700244426727295]",María dio el libro su hermana en la biblioteca.,15,0,0,0
0,no,0,0,0,23,10,no,no,0,"[0.8099184036254883, 1.745063304901123, 0.517174243927002, 0.5350587368011475, 0.9679908752441406, 0.709019660949707, 0.4997844696044922, 0.6472880840301514, 0.7186548709869385, 0.8518176078796387, 0.7931318283081055]",Daniel remolcó a la enferma en la calle durante algunos minutos.,15,0,0,0
0,no,0,0,0,100,11,no,no,0,"[0.7683138847351074, 0.9417088031768799, 0.9720425605773926, 0.6547682285308838, 0.8872013092041016, 1.2111170291900635, 1.2223451137542725, 0.6384463310241699, 0.4755818843841553, 0.7495081424713135]",El gato saltó a la mesa para robar la comida.,15,1,0,0
0,no,0,0,0,38,12,no,no,0,"[0.9446110725402832, 0.6090781688690186, 0.578359842300415, 0.6997134685516357, 0.9065933227539062, 0.7147881984710693, 0.8277552127838135, 0.7050559520721436, 0.59340500831604, 0.8944785594940186]",Unai amó la vida en su pueblo durante varios años.,15,5,0,0
0,no,NO,E,1,25,13,no,no,Pedro observó durante unos minutos.,"[0.7005467414855957, 0.830451488494873, 0.7084574699401855, 0.825345516204834, 0.852874755859375, 1.0826153755187988, 0.7523119449615479, 0.6459417343139648, 0.513779878616333, 0.6795940399169922]",Pedro observó la planta en la oficina durante una hora.,15,5,0,0
0,no,0,0,0,100,14,no,no,0,"[0.9201505184173584, 1.259934425354004, 0.7539830207824707, 1.7259724140167236, 0.748072624206543, 1.103132963180542, 0.8527531623840332, 0.7322385311126709, 0.5431540012359619, 8.152348518371582]",Julia pasó la sal a su madre durante la cena.,15,0,0,0
0,no,NO,E,1,46,15,no,no,Alejandro estaba en el centro comercial.,"[0.9216008186340332, 0.71392822265625, 2.06221079826355, 1.2362048625946045, 0.7639472484588623, 0.6530959606170654, 0.4405961036682129, 0.5886275768280029, 0.4631814956665039, 0.3725001811981201, 1.042543649673462]",Alejandro identificó a la amenaza en el aeropuerto en dos horas.,15,2,0,0
0,no,SI,A,1,100,16,no,no,Laura se fue a Inglaterra.,"[0.7516701221466064, 0.5154805183410645, 0.5517880916595459, 0.5198183059692383, 0.6426646709442139, 0.5802137851715088, 0.6631805896759033, 0.6658554077148438, 0.6459863185882568, 2.1090660095214844]",Laura se fue de vacaciones a Londres la semana pasada.,15,1,0,0
0,no,0,0,0,100,17,no,no,0,"[0.7499661445617676, 0.6387503147125244, 0.6923556327819824, 0.8073878288269043, 0.7566773891448975, 0.579970121383667, 1.2854714393615723, 0.7907814979553223, 0.6655805110931396, 1.828017234802246]",Rosa recomendó un libro a su colega durante el almuerzo.,15,0,0,0
0,no,0,0,0,100,18,no,no,0,"[0.5518696308135986, 0.6664619445800781, 0.7465336322784424, 0.6005771160125732, 0.6933283805847168, 0.756598711013794, 1.1913690567016602, 0.7047536373138428, 0.6680810451507568, 0.40569114685058594, 0.7491469383239746]",El jefe asignó una tarea a cada empleado en la reunión.,15,0,0,0
0,no,SI,E,1,27,19,no,no,Felipe es presentador de teatro.,"[0.6527495384216309, 0.577277660369873, 0.5180072784423828, 0.8768763542175293, 0.5408551692962646, 0.5798587799072266, 0.7226266860961914, 0.5832974910736084, 0.6115150451660156, 0.7740890979766846]",Felipe anunció una cantante en el escenario en cinco minutos.,15,4,0,0
0,no,0,0,0,13,20,no,no,0,"[0.7608096599578857, 0.7433121204376221, 0.6966323852539062, 0.5583760738372803, 1.3378400802612305, 0.7406442165374756, 0.7642459869384766, 0.6174929141998291, 0.5344853401184082, 0.49806761741638184, 0.6236340999603271]",Martina atropelló a una anciana en el aparcamiento en pocos minutos.,15,1,0,0
0,no,0,0,0,42,21,no,no,0,"[1.5674748420715332, 0.5190598964691162, 0.513052225112915, 0.4554562568664551, 0.710498571395874, 0.5702199935913086, 0.5565626621246338, 0.7286281585693359, 0.6709845066070557, 0.5690300464630127, 0.6357815265655518]",Ismael encontró a la conocida en la carretera en pocas horas.,15,0,0,0
0,no,0,0,0,101,22,no,no,0,"[0.9601006507873535, 0.5641043186187744, 0.6468784809112549, 0.6461734771728516, 0.6061975955963135, 0.49219822883605957, 0.6786651611328125, 0.635178804397583, 1.0499825477600098, 0.7276661396026611]",Laura mostró las fotos a sus amigas en la parque.,15,0,0,0
0,no,0,0,0,40,23,no,no,0,"[0.7382853031158447, 0.7521910667419434, 0.6741468906402588, 0.7477548122406006, 0.6661050319671631, 0.5734055042266846, 0.7745022773742676, 0.6052491664886475, 0.5937902927398682, 0.6111240386962891]",Adrián percibió la mujer detrás de él durante algunos minutos.,15,3,0,0
0,no,SI,A,1,100,24,no,no,Ana escribió la carta desde la playa.,"[0.634742259979248, 0.8025929927825928, 0.8322949409484863, 0.7450559139251709, 0.592134952545166, 0.6760375499725342, 0.8533554077148438, 0.6725959777832031, 0.5890202522277832, 1.5481555461883545]",Ana escribió una carta a su abuela desde la playa.,15,0,0,0
0,no,0,0,0,100,25,no,no,0,"[0.569739818572998, 0.5829544067382812, 0.5770351886749268, 0.530393123626709, 0.660269021987915, 0.6844542026519775, 0.6424038410186768, 0.4414525032043457, 0.5112433433532715, 0.8334951400756836]",El anciano hablaba a solas consigo mismo en el jardín.,15,1,0,0
0,no,0,0,0,100,26,no,no,0,"[0.7225830554962158, 0.534844160079956, 0.676131010055542, 0.7081663608551025, 0.7395346164703369, 0.6233365535736084, 0.5793373584747314, 0.6029443740844727, 0.6034595966339111, 0.7193613052368164]",El niño duerme tranquilo en su cama todas las noches.,15,2,0,0
0,no,0,0,0,43,27,no,no,0,"[0.6457524299621582, 0.578883171081543, 0.5495877265930176, 0.5355193614959717, 0.7148122787475586, 0.5217783451080322, 0.48711442947387695, 0.552891731262207, 0.6224915981292725, 0.6944310665130615, 0.6659591197967529]",Sofía conoció a la chica en el colegio en dos días.,15,0,0,0
0,no,NO,E,1,101,28,no,no,El profesor y los alumnos estaban fuera del aula.,"[0.9077157974243164, 0.6603820323944092, 0.638716459274292, 0.5943830013275146, 0.5938558578491211, 0.7698686122894287, 0.5680422782897949, 0.5009920597076416, 0.7394013404846191]",El profesor explicó la lección los alumnos en clase.,15,0,0,0
0,no,0,0,0,11,29,no,no,0,"[0.565546989440918, 0.6875143051147461, 0.5742654800415039, 0.7344241142272949, 1.06093168258667, 0.706371545791626, 0.5848634243011475, 0.8400166034698486, 0.4572756290435791, 0.6627554893493652, 0.7269434928894043]",Valeria neutralizó a la bomba en la frontera en cinco minutos.,15,2,0,0
0,no,0,0,0,101,30,no,no,0,"[0.6220049858093262, 0.7006936073303223, 0.6493313312530518, 0.8124659061431885, 0.6312944889068604, 0.6096854209899902, 0.5685513019561768, 0.5451643466949463, 0.6978421211242676]",Me gusta caminar la ciudad cuando hace buen tiempo.,15,2,0,0
0,no,NO,E,1,34,31,no,no,Carmen vio una representación teatral.,"[0.8964858055114746, 0.6874432563781738, 0.5859475135803223, 1.3630316257476807, 0.6720938682556152, 0.16178107261657715, 0.8513109683990479, 0.6513571739196777, 0.5246591567993164, 0.7635819911956787]",Carmen odió una vendedora en el cine durante la película.,15,4,0,0
0,no,SI,A,1,0,32,no,no,La acción tuvo lugar en la calle.,"[0.6209597587585449, 0.894442081451416, 0.7142302989959717, 0.5409579277038574, 0.7562673091888428, 0.6347877979278564, 0.4995765686035156, 0.7084109783172607, 0.5183179378509521, 0.6955275535583496, 1.2377409934997559]",Juan golpeó a la piedra en la calle en diez segundos.,15,2,0,0
0,no,SI,A,1,100,33,no,no,Ana estaba en la biblioteca.,"[0.6003267765045166, 0.7336819171905518, 0.5595290660858154, 0.48555564880371094, 0.5894243717193604, 0.5671899318695068, 0.6268374919891357, 0.4310760498046875, 0.49814844131469727, 0.6810009479522705]",Nos encontramos con Ana después de clase en la biblioteca.,15,2,0,0
0,no,NO,E,1,100,34,no,no,El tren llegó con retraso.,"[0.5025119781494141, 0.4535839557647705, 0.4028739929199219, 0.40793657302856445, 0.4165318012237549, 0.408954381942749, 0.46693897247314453, 0.37748122215270996, 0.512338399887085, 0.6648967266082764]",El tren llegó puntual a la estación bajo la lluvia.,15,2,0,0
0,no,0,0,0,100,35,no,no,0,"[0.6126613616943359, 0.4793884754180908, 0.5710592269897461, 0.7693109512329102, 0.8112452030181885, 0.7520337104797363, 0.6062788963317871, 0.6428060531616211, 0.7218084335327148, 1.4338910579681396]",Los pájaros vuelan alto sobre los árboles en primavera alegre.,15,2,0,0
0,no,SI,A,1,41,36,no,no,Emma pasó semanas investigando.,"[0.524078369140625, 0.6190872192382812, 0.5615968704223633, 0.6467421054840088, 0.49672365188598633, 0.4485666751861572, 0.5947425365447998, 0.6675982475280762, 0.8069229125976562, 0.7739336490631104]",Emma investigó la epidemia en la ciudad durante varias semanas.,15,5,0,0
0,no,NO,E,1,12,37,no,no,El combate duró varias horas.,"[0.6439428329467773, 0.699425458908081, 0.571099042892456, 1.169945478439331, 0.4293632507324219, 0.451796293258667, 0.6274080276489258, 0.4405350685119629, 0.4316551685333252, 0.5193254947662354]",Paula abatió una contrincante en el ring en pocos minutos.,15,4,0,0
0,no,0,0,0,100,38,no,no,0,"[0.5667121410369873, 0.6086280345916748, 0.41729235649108887, 0.6407625675201416, 0.496945858001709, 0.4778478145599365, 0.722020149230957, 1.2081422805786133, 0.3943822383880615, 0.7777223587036133]",Miguel alquiló una bicicleta a un turista en la estación.,15,0,0,0
0,no,NO,E,1,100,39,no,no,Andrés contó una historia,"[0.61460280418396, 0.5536234378814697, 0.6219935417175293, 0.7345852851867676, 0.5550453662872314, 0.6585216522216797, 0.8126480579376221, 0.6076428890228271, 0.52974534034729, 0.7879467010498047]",Andrés cantó una canción a su hija antes de acostarla.,15,0,0,0
0,no,0,0,0,24,40,no,no,0,"[0.6374344825744629, 0.7434871196746826, 0.8165915012359619, 0.9461932182312012, 0.5318903923034668, 0.4927530288696289, 1.0109248161315918, 0.5473089218139648, 0.6644570827484131, 0.8596420288085938]",Coral guió una turista en el palacio en una hora.,15,4,0,0
0,no,SI,E,1,100,41,no,no,Ellos corren en el centro.,"[0.635613203048706, 0.5565426349639893, 0.5668411254882812, 0.5912539958953857, 0.8443596363067627, 0.8918542861938477, 0.5775787830352783, 1.0066850185394287, 0.6043026447296143, 0.7528209686279297]",Ellos corren todas las mañanas por el parque del centro.,15,2,0,0
0,no,SI,A,1,28,42,no,no,Anna estaba en la escuela.,"[0.6412065029144287, 0.9642095565795898, 0.4963338375091553, 0.47248172760009766, 0.7865157127380371, 0.5470788478851318, 0.6058392524719238, 0.9858620166778564, 0.4493370056152344, 0.5585997104644775, 0.6419980525970459]",Anna comprendió a la maestra en la escuela en dos minutos.,15,0,0,0
0,no,0,0,0,26,43,no,no,0,"[0.5103404521942139, 0.5484793186187744, 0.5136549472808838, 0.565497875213623, 0.7663321495056152, 0.8695712089538574, 0.5867435932159424, 0.48704981803894043, 0.5243680477142334, 0.5080990791320801, 0.9875953197479248]",Juan escuchó a una vecina en el balcón durante una noche.,15,1,0,0
0,no,0,0,0,101,44,no,no,0,"[0.5061254501342773, 0.6114835739135742, 0.46549034118652344, 0.7162325382232666, 0.5355193614959717, 0.5686638355255127, 0.519190788269043, 0.46600818634033203, 0.6292026042938232]",La película empiezan exactamente a las ocho en punto.,15,1,0,0
0,no,NO,E,1,1,45,no,no,Carlos tardó mucho en hacer el asalto.,"[0.8726086616516113, 0.6044697761535645, 0.4920926094055176, 0.5113246440887451, 0.9408676624298096, 1.1644032001495361, 0.6709606647491455, 1.2444772720336914, 0.5304863452911377, 0.9141178131103516, 0.7262446880340576]",Carlos asaltó a la conductora en el barrio en pocos instantes.,15,0,0,0
0,no,0,0,0,100,46,no,no,0,"[0.6085741519927979, 0.5580968856811523, 0.48576903343200684, 0.518120527267456, 0.6347367763519287, 0.5288574695587158, 0.6425676345825195, 0.4096856117248535, 0.34273672103881836, 0.49309325218200684]",Estuvieron caminando a la orilla del mar toda la tarde.,15,1,0,0
0,no,0,0,0,101,47,no,no,0,"[0.7608246803283691, 0.5420815944671631, 0.5654230117797852, 0.7119040489196777, 0.7739174365997314, 0.7248811721801758, 0.8191268444061279, 0.6036021709442139, 0.8055448532104492]",Pedro devolvió el libro la biblioteca el lunes pasado.,15,0,0,0
0,no,NO,E,1,31,48,no,no,Miguel tuvo que esperar una semana.,"[0.5469479560852051, 0.6699230670928955, 0.7607073783874512, 0.7209961414337158, 0.7701315879821777, 0.7443630695343018, 0.7525005340576172, 0.5702900886535645, 0.6383266448974609, 0.8058915138244629]",Miguel recibió la caja en la casa en un día.,15,5,0,0
0,no,SI,A,1,101,49,no,no,Ayer estudiaron matemáticas.,"[0.6194777488708496, 0.6805498600006104, 0.6800260543823242, 0.6639509201049805, 0.770108699798584, 0.7761242389678955, 0.706148624420166, 0.5988931655883789, 1.1568260192871094, 0.5587472915649414]",Nos sentamos juntos para estudiando matemáticas toda la tarde ayer.,15,2,0,0
0,no,0,0,0,45,50,no,no,0,"[0.6208720207214355, 0.7998454570770264, 1.5188679695129395, 0.6771659851074219, 0.5848722457885742, 0.5134680271148682, 0.643200159072876, 0.5494828224182129, 0.597313404083252, 2.543523073196411]",Gabriela localizó la bodega en la ciudad en dos minutos.,15,5,0,0
0,no,SI,A,1,101,51,no,no,El bebé sonrió a su madre.,"[0.6072432994842529, 0.6405508518218994, 0.5835819244384766, 1.6470096111297607, 0.4594991207122803, 0.49904537200927734, 0.6380476951599121, 0.5373439788818359, 0.5544872283935547, 0.6476936340332031]",El bebé sonreí dulcemente a su madre desde la cuna.,15,1,0,0
0,no,NO,E,1,2,52,no,no,La acción tuvo lugar en el parque.,"[0.5145227909088135, 0.553492546081543, 0.4372859001159668, 0.42677783966064453, 0.5104110240936279, 0.4264857769012451, 0.6486623287200928, 0.3923020362854004, 0.49387407302856445, 0.6588256359100342]",Simón pateó la jugadora en la cancha en un instante.,15,3,0,0
0,no,SI,A,1,15,53,no,no,Lucia estuvo en una pelea de bar.,"[0.5161533355712891, 0.43963122367858887, 0.3810603618621826, 0.4100775718688965, 0.41710329055786133, 0.4522871971130371, 0.38058996200561523, 0.5359783172607422, 0.4094831943511963, 0.7115354537963867, 0.6835691928863525]",Lucía destrozó a una oponente en el bar en diez minutos.,15,1,0,0
0,no,SI,A,1,14,54,no,no,Helena estaba jugando un partido de fútbol.,"[0.5670948028564453, 0.7102742195129395, 0.5735657215118408, 0.5572047233581543, 0.779280424118042, 0.5251047611236572, 0.5943574905395508, 0.6412782669067383, 0.6564915180206299, 0.8923511505126953, 0.7864491939544678]",Helena derribó a la futbolista en el campo durante el partido.,15,0,0,0
0,no,0,0,0,101,55,no,no,0,"[0.6971826553344727, 0.9858858585357666, 0.6324715614318848, 0.6640732288360596, 0.8494083881378174, 0.8377327919006348, 0.9408740997314453, 0.6061553955078125, 0.44582629203796387, 0.5842893123626709]",Sara contó la historia a sus hijo antes de dormir.,15,0,0,0
0,no,NO,E,1,100,56,no,no,Lucía y su compañero estaban en el salón.,"[0.7380616664886475, 0.6114110946655273, 0.5872485637664795, 0.8624091148376465, 0.7243256568908691, 0.621509313583374, 0.832477331161499, 0.6757922172546387, 0.6577651500701904, 1.6355555057525635]",Lucía ofreció un café a su compañero en la cocina.,15,0,0,0
0,no,0,0,0,35,57,no,no,0,"[0.7396914958953857, 0.5288751125335693, 0.5754032135009766, 0.5990447998046875, 0.7049310207366943, 0.8015687465667725, 0.6854915618896484, 1.7019989490509033, 0.5839414596557617, 0.5629854202270508, 1.0596964359283447]",Carlos vigiló a la niña en la habitación durante unas horas.,15,0,0,0
0,no,NO,E,1,100,58,no,no,El coche era azul.,"[0.5342223644256592, 0.5967502593994141, 0.610863447189331, 0.6054990291595459, 0.6621947288513184, 0.6282131671905518, 0.5757589340209961, 0.584754228591919, 0.5153863430023193, 0.8050637245178223]",El coche rojo aparcó frente a la casa de Marta.,15,2,0,0
0,no,0,0,0,100,59,no,no,0,"[0.5801324844360352, 0.4979841709136963, 0.5554745197296143, 0.5522997379302979, 0.6007211208343506, 0.5963058471679688, 0.5349125862121582, 0.6518027782440186, 0.574838399887085, 0.8254091739654541, 0.7572047710418701]",Mi hermano vendió su coche a un amigo de la universidad.,15,0,0,0
0,no,0,0,0,101,60,no,no,0,"[0.873741626739502, 0.6352832317352295, 0.6424417495727539, 0.7712929248809814, 0.8980867862701416, 0.6271686553955078, 0.5413329601287842, 0.5049524307250977, 0.4962117671966553, 0.7191863059997559]",Jorge compró un regalo su novia en el centro comercial.,15,0,0,0
0,no,0,0,0,100,61,no,no,0,"[0.5331747531890869, 0.6268408298492432, 0.8022332191467285, 0.6171636581420898, 0.5889561176300049, 0.4955601692199707, 0.6384022235870361, 0.6008760929107666, 0.5363342761993408, 0.627028226852417, 0.7961292266845703]",El técnico reparó el ordenador a un cliente en la tienda.,15,0,0,0
0,no,NO,E,1,100,62,no,no,El autobus llegó puntual.,"[0.6919746398925781, 0.9518160820007324, 0.6874797344207764, 0.7875885963439941, 0.9264798164367676, 0.5922918319702148, 0.6591315269470215, 0.644418478012085, 0.7037205696105957, 0.7822632789611816, 0.7248022556304932]",El autobús llegó con retraso a la parada equivocada del centro.,15,1,0,0
0,no,SI,A,1,101,63,no,no,Clara fue a la farmacia con su hermana.,"[0.6546692848205566, 0.4330294132232666, 0.6348376274108887, 0.4924132823944092, 1.026111364364624, 0.5687665939331055, 0.49378204345703125, 0.55208420753479, 0.5214841365814209, 0.41943883895874023, 0.9962894916534424]",Clara fue con su hermanas a la farmacia después del desayuno.,15,1,0,0
0,no,0,0,0,29,64,no,no,0,"[0.7578716278076172, 0.5887906551361084, 0.6563796997070312, 0.9959964752197266, 0.5968875885009766, 0.5348401069641113, 0.6155989170074463, 0.5222101211547852, 0.5134809017181396, 0.6565959453582764]",Alfonso miró la granjera en la colina durante dos horas.,15,3,0,0
0,no,0,0,0,36,65,no,no,0,"[0.7405073642730713, 0.48105454444885254, 0.5879385471343994, 0.4932277202606201, 0.901555061340332, 0.4794156551361084, 0.5467805862426758, 0.742286205291748, 0.6885521411895752, 0.5320611000061035, 0.7108111381530762]",Irene oyó a la discusión en la sala durante una noche.,15,2,0,0
0,no,No,E,1,100,66,no,no,El bebé dormía plácidamente.,"[1.079270601272583, 0.5797734260559082, 0.66672682762146, 0.7264013290405273, 0.6156353950500488, 0.4756290912628174, 0.5929470062255859, 0.6442921161651611, 0.576667308807373, 1.0762054920196533]",El bebé lloraba constantemente durante la noche sin razón aparente.,15,2,0,0
0,no,0,0,0,20,67,no,no,0,"[0.546196460723877, 0.7869715690612793, 0.4332575798034668, 0.5405573844909668, 0.8750960826873779, 0.7289369106292725, 0.5044140815734863, 0.49010515213012695, 0.5645718574523926, 0.6508777141571045, 0.9124300479888916]",Claudia maltrató a la camiseta en la casa durante varios años.,15,2,0,0
0,no,0,0,0,100,68,no,no,0,"[0.5970160961151123, 0.5635013580322266, 0.8891587257385254, 0.6609716415405273, 0.6358006000518799, 0.5763134956359863, 0.5491101741790771, 1.0284464359283447, 0.5339815616607666, 0.6758847236633301]",El avión aterrizó sin problemas en el aeropuerto de Madrid.,15,2,0,0
0,no,NO,E,1,16,69,no,no,La guerra duró más de dos años.,"[0.6627757549285889, 0.824559211730957, 0.5058619976043701, 0.5318930149078369, 0.7289035320281982, 0.6510381698608398, 0.5316317081451416, 0.6753857135772705, 0.5760478973388672, 0.5974931716918945, 2.4745235443115234]",Valentina venció a la adversaria en la guerra en dos años.,15,0,0,0
0,no,0,0,0,100,70,no,no,0,"[0.5696303844451904, 0.562950611114502, 0.7663431167602539, 0.6270492076873779, 0.9446523189544678, 0.8736331462860107, 0.8206024169921875, 0.5002825260162354, 0.43477749824523926, 0.48659300804138184]",El mensajero entregó el paquete a Marta en su casa.,15,0,0,0
0,no,0,0,0,100,71,no,no,0,"[0.7096309661865234, 0.6267719268798828, 0.6341359615325928, 0.7181265354156494, 0.71197509765625, 0.654956579208374, 0.8781375885009766, 0.5862700939178467, 0.6084384918212891, 0.47393012046813965, 0.6122093200683594]",La lluvia cayó fuerte sobre el techo durante toda la noche.,15,2,0,0
0,no,0,0,0,4,72,no,no,0,"[0.6843562126159668, 0.6713962554931641, 0.5965723991394043, 1.187361717224121, 0.7031662464141846, 0.6512606143951416, 0.6816480159759521, 0.5762271881103516, 0.7673218250274658, 0.640408992767334]",Jorge arrolló la valla en la calle en un segundo.,15,5,0,0
0,no,0,0,0,49,73,no,no,0,"[0.7765910625457764, 0.8948101997375488, 0.7025375366210938, 0.79530930519104, 0.7625484466552734, 0.5615823268890381, 0.6546158790588379, 1.2486393451690674, 0.602231502532959, 0.5522608757019043]",Alba mencionó la actriz en el teatro tras varios minutos.,15,3,0,0
0,no,SI,A,1,37,74,no,no,Isabel miraba por la ventana.,"[0.6000959873199463, 0.6010422706604004, 0.594595193862915, 0.947333812713623, 0.621760368347168, 0.630448579788208, 0.7877471446990967, 0.7811121940612793, 0.5940587520599365, 0.8161852359771729]",Isabel vió la tormenta desde su ventana durante una mañana.,15,5,0,0
0,no,SI,A,1,32,75,no,no,Martin estaba en el hospital.,"[0.6935911178588867, 0.6155595779418945, 0.6862037181854248, 0.6174337863922119, 0.7095596790313721, 0.6048328876495361, 0.47427821159362793, 0.9413282871246338, 0.7800905704498291, 0.827279806137085, 1.1146399974822998]",Martín buscó a una médica en el hospital durante dos horas.,15,1,0,0
0,no,NO,E,1,101,76,no,no,LLegaron a casa después del aconecher.,"[0.6200931072235107, 0.6614551544189453, 0.6436886787414551, 0.8525636196136475, 0.5144987106323242, 0.6542234420776367, 0.6716761589050293, 0.5542788505554199, 0.42986321449279785, 0.7341673374176025]",Los campesinos llegaron cansado a casa justo antes del anochecer.,15,1,0,0
0,no,NO,E,1,101,77,no,no,El dueño fue reconocido por su gato.,"[2.317072629928589, 0.6119325160980225, 0.7146484851837158, 0.7627925872802734, 0.6005747318267822, 0.5547885894775391, 0.5533607006072998, 0.5581314563751221, 0.603994607925415, 0.7400250434875488]",El perro corrió felizmente a su dueño cuando le reconoció.,15,1,0,0
0,no,0,0,0,100,78,no,no,0,"[0.5199387073516846, 0.6085796356201172, 0.6109251976013184, 0.5287201404571533, 0.5920689105987549, 0.6929078102111816, 0.7422566413879395, 0.907357931137085, 1.2904040813446045]",El viento soplaba fuerte durante la tormenta de anoche.,15,2,0,0
0,no,NO,E,1,6,79,no,no,El beso tuvo lugar en un museo.,"[0.6982834339141846, 0.6062791347503662, 0.5266284942626953, 0.5043220520019531, 0.7095692157745361, 0.7053425312042236, 0.5301365852355957, 0.8702046871185303, 0.5931377410888672, 0.49941253662109375, 0.6245079040527344]",Francisco besó a la cruz en la iglesia durante unos segundos.,15,2,0,0
0,no,0,0,0,101,80,no,no,0,"[0.6236827373504639, 0.5814199447631836, 0.7269809246063232, 1.0078341960906982, 0.5050234794616699, 0.8422701358795166, 0.4710087776184082, 0.5059802532196045, 0.5192320346832275, 0.9821882247924805]",El jefe convocó urgentemente a reunión a todos el empleados.,15,1,0,0
0,no,0,0,0,100,81,no,no,0,"[0.6602914333343506, 0.8637585639953613, 0.8344101905822754, 0.716763973236084, 0.8221874237060547, 0.6112148761749268, 0.6805391311645508, 0.5710315704345703, 0.6529693603515625]",Carlos estornudó fuerte en medio de la reunión ayer.,15,2,0,0
0,no,0,0,0,7,82,no,no,0,"[0.7127490043640137, 0.6819140911102295, 0.7271056175231934, 0.7120938301086426, 0.5375857353210449, 0.5925979614257812, 0.5253820419311523, 0.4973795413970947, 0.5351095199584961, 0.8283596038818359]",Tomás empujó una vieja a la puerta en pocos segundos.,15,4,0,0
0,no,0,0,0,10,83,no,no,0,"[1.1239559650421143, 1.2847535610198975, 0.8229804039001465, 0.7662563323974609, 1.2379913330078125, 0.6656756401062012, 0.8226821422576904, 0.9272382259368896, 0.6139729022979736, 0.6009981632232666, 0.6424293518066406]",Mateo eliminó a una rehén en el banco en pocos segundos.,15,1,0,0
0,no,0,0,0,100,84,no,no,0,"[0.781395673751831, 0.8826878070831299, 0.7112066745758057, 0.6809632778167725, 0.7858381271362305, 0.6720590591430664, 0.6400570869445801, 0.6492769718170166, 0.6399590969085693, 0.6973559856414795]",Vamos caminando todos los días a pie hasta el colegio.,15,1,0,0
0,no,SI,A,1,101,85,no,no,El camarero sonrió.,"[0.9146263599395752, 0.7605199813842773, 0.9013934135437012, 0.8619487285614014, 0.9767253398895264, 0.7593994140625, 0.5937747955322266, 0.714118480682373, 0.6619212627410889, 0.7381181716918945, 0.7532784938812256]",El camarero trajo el cuenta a los clientes con una sonrisa.,15,0,0,0
0,no,0,0,0,47,86,no,no,0,"[0.6384592056274414, 0.6681835651397705, 0.6539421081542969, 0.8241667747497559, 0.7735240459442139, 0.4802720546722412, 0.637037992477417, 0.5692427158355713, 0.7445480823516846, 0.7351939678192139]",Marta descartó la aspirante en la selección en un día.,15,3,0,0
0,no,NO,E,1,101,87,no,no,El avión despegó con retraso.,"[0.6622960567474365, 0.6529972553253174, 0.6252059936523438, 0.8871300220489502, 0.9079804420471191, 0.7066032886505127, 0.9336681365966797, 0.6354930400848389, 0.7397317886352539, 2.0564849376678467]",El avión despegó puntualmente a la siete de la mañana.,15,1,0,0
0,no,0,0,0,101,88,no,no,0,"[0.6205201148986816, 0.42528748512268066, 0.5901381969451904, 1.3237943649291992, 0.541985034942627, 0.4730989933013916, 0.6740069389343262, 0.536292314529419, 0.5653607845306396, 1.027564287185669]",María se despertó sobresaltado a los gritos de su hermano.,15,1,0,0
0,no,NO,E,1,101,89,no,no,Luis envió un paquete a su hermano.,"[0.7979187965393066, 0.8807992935180664, 0.5988602638244629, 0.7834584712982178, 1.308713436126709, 0.7235636711120605, 0.5679373741149902, 0.5214023590087891, 0.5986359119415283]",Luis envíe un paquete a su primo en Alemania.,15,0,0,0
0,no,0,0,0,5,90,no,no,0,"[0.5924270153045654, 0.5820846557617188, 0.47004175186157227, 0.49410581588745117, 0.5965311527252197, 0.596477746963501, 0.5813512802124023, 1.445528507232666, 0.48592066764831543, 1.0372445583343506, 0.5893878936767578]",Manuel abrazó a la señora en el parque en pocos instantes.,15,0,0,0
0,no,NO,E,1,100,91,no,no,El niño juega solo en el parque.,"[0.8015403747558594, 0.5613322257995605, 0.6105115413665771, 0.6493778228759766, 0.5813820362091064, 1.1098289489746094, 0.9603085517883301, 0.7486679553985596, 0.7157723903656006, 1.2328126430511475]",El niño juega en el parque con su mejor amigo.,15,2,0,0
0,no,SI,E,1,22,92,no,no,Hubo un asedio en la región.,"[0.8398110866546631, 1.0121119022369385, 0.7591853141784668, 1.1668002605438232, 0.6337318420410156, 0.605661153793335, 0.6885449886322021, 0.6160337924957275, 0.5015780925750732, 0.7621898651123047]",Carla asedió una contrincante en la región durante bastante tiempo.,15,4,0,0
0,no,0,0,0,44,93,no,no,0,"[0.8060328960418701, 0.7556488513946533, 0.7073147296905518, 0.5678369998931885, 0.693852424621582, 0.4642915725708008, 0.5776350498199463, 0.6511857509613037, 0.47392988204956055, 0.5803070068359375, 0.6350562572479248]",Martín detectó a una intrusa en el hospital en dos minutos.,15,1,0,0
0,no,NO,E,1,100,94,no,no,Viajan a Argentina cada invierno.,"[0.7008213996887207, 0.5828497409820557, 0.5401248931884766, 0.48871564865112305, 0.4980490207672119, 0.5798549652099609, 0.57912278175354, 0.5009899139404297, 0.6487843990325928]",Mis padres viajan en avión a Argentina cada verano.,15,1,0,0
0,no,SI,A,1,100,95,no,no,El gato está sobre la manta cerca del sofá.,"[0.5418009757995605, 0.509594202041626, 0.536937952041626, 0.5043785572052002, 0.5239508152008057, 0.45276427268981934, 0.6113977432250977, 0.5226647853851318, 0.7119569778442383, 0.7083563804626465]",El gato duerme tranquilo sobre la manta cerca del sofá.,15,2,0,0
0,no,0,0,0,48,96,no,no,0,"[0.8283665180206299, 0.6459255218505859, 0.6190536022186279, 0.5373382568359375, 0.6298832893371582, 0.5310750007629395, 0.4521827697753906, 0.6075308322906494, 0.4179873466491699, 0.44850921630859375, 0.5449497699737549]",Samuel descubrió a una infiltrada en el museo en pocas horas.,15,1,0,0
0,no,0,0,0,101,97,no,no,0,"[0.5897839069366455, 0.6512012481689453, 0.6854615211486816, 0.48566341400146484, 0.6963362693786621, 0.5774023532867432, 0.5214831829071045, 0.5282933712005615, 0.6422653198242188]",Marta baila salsa con entusiasmo en las fiesta grandes.,15,2,0,0
0,no,SI,A,1,39,98,no,no,Valeria fue a un concierto.,"[0.6389153003692627, 0.5652773380279541, 0.5359461307525635, 0.6917169094085693, 0.6447837352752686, 0.4637138843536377, 0.5953876972198486, 0.8759009838104248, 0.5678465366363525, 2.011951208114624]",Valeria admiró la cantante en el teatro durante el concierto.,15,3,0,0
0,no,SI,A,1,9,99,no,no,Había fuego en la plaza.,"[0.9196655750274658, 0.7056541442871094, 0.5547964572906494, 0.4655458927154541, 0.6074001789093018, 0.5431575775146484, 0.4778323173522949, 0.7196011543273926, 0.8708028793334961, 0.47006916999816895, 0.5342109203338623]",Carlos quemó a la página en la plaza en pocos minutos.,15,2,0,0
0,no,0,0,0,101,100,no,no,0,"[0.6994450092315674, 0.600313663482666, 0.7561979293823242, 0.4772486686706543, 0.4357764720916748, 0.5852720737457275, 0.5014550685882568, 0.4862837791442871, 0.3944823741912842, 0.6091272830963135]",El perro ladran fuerte cada vez que pasa un coche.,15,2,0,0
0,no,NO,E,1,100,101,no,no,Ayer fueron al teatro.,"[0.8327155113220215, 0.5792539119720459, 0.5230178833007812, 0.6283869743347168, 0.5595731735229492, 0.5036234855651855, 0.48865771293640137, 0.5471065044403076, 0.6240651607513428]",Ayer fueron al cine a ver una película divertida.,15,2,0,0
0,no,0,0,0,101,102,no,no,0,"[0.5332250595092773, 0.4987654685974121, 0.6025185585021973, 0.7210724353790283, 0.7220644950866699, 0.7761268615722656, 0.5311293601989746, 0.48276591300964355, 0.49215030670166016, 0.682274341583252]",Mi primo viaja sola por Europa durante el verano próximo.,15,2,0,0
0,no,SI,A,1,8,103,no,no,Helena estaba en el patio.,"[0.865027666091919, 0.5973143577575684, 0.4923427104949951, 0.632910966873169, 0.5765833854675293, 0.4493896961212158, 0.8066873550415039, 0.6739506721496582, 0.6240220069885254, 0.9590497016906738]",Helena colgó la criminal en el patio en cinco minutos.,15,3,0,0
0,no,0,0,0,19,104,no,no,0,"[0.6830840110778809, 1.0439903736114502, 1.0920612812042236, 2.709440231323242, 0.46914005279541016, 0.4559445381164551, 0.5784671306610107, 0.4346499443054199, 0.5642609596252441, 0.7713470458984375]",Lucas arrastró una víctima en la calle por un tiempo.,15,4,0,0
0,no,0,0,0,101,105,no,no,0,"[0.8181846141815186, 0.6556100845336914, 0.7772696018218994, 0.5907447338104248, 0.5355989933013916, 0.5238277912139893, 0.41722559928894043, 0.7936444282531738]",Salimos temprano para evitar el tráfico la carretera.,15,2,0,0
4,no,NO,0,1,100,0,yes,yes,Llegaron a la universidad cuando ya estaba cerrada.,0,Los estudiantes llegaron a la universidad antes de que cerrara.,15,1,0,0
4,no,0,0,0,100,1,yes,yes,0,0,Los niños corrieron a la plaza con sus amigos.,15,1,0,0
4,no,0,0,0,100,2,yes,yes,0,0,La conferencia empezará con puntualidad a las diez y media.,15,1,0,0
4,no,0,0,0,100,3,yes,yes,0,0,El ladrón escapó a toda prisa por la puerta trasera.,15,1,0,0
3,no,0,0,0,40,0,yes,no,0,0,Adrián percibió a la mujer detrás de él durante algunos minutos.,15,0,0,0
1,no,0,0,0,45,1,yes,no,0,0,Gabriela localizó la amiga en la ciudad en dos minutos.,15,3,0,0
3,no,0,0,0,21,2,yes,no,0,0,Hugo apaleó a la muñeca en la calle durante varios minutos.,15,2,0,0
1,no,0,0,0,43,3,yes,no,0,0,Sofía conoció a la verdad en el colegio en dos días.,15,2,0,0
2,no,0,0,0,33,4,yes,no,0,0,Marco imaginó a la amiga en la playa durante dos minutos.,15,0,0,0
3,no,NO,0,1,18,5,yes,no,María iba en bicicleta.,0,María transportó la guitarra en la furgoneta durante un día.,15,5,0,0
0,no,0,0,0,7,6,yes,no,0,0,Tomás empujó una vieja a la puerta en pocos segundos.,15,4,0,0
4,no,0,0,0,36,7,yes,no,0,0,Irene oyó a una niña en la sala durante una noche.,15,1,0,0
3,no,NO,0,1,16,8,yes,no,La guerra duró más de dos años.,0,Valentina venció a una adversaria en la guerra en dos años.,15,1,0,0
4,no,0,0,0,38,9,yes,no,0,0,Unai amó a una jovencita en su pueblo durante varios años.,15,1,0,0
1,no,0,0,0,4,10,yes,no,0,0,Jorge arrolló la ciclista en la calle en un segundo.,15,3,0,0
1,no,SI,0,1,14,11,yes,no,Helena estaba en un campo de fútbol.,0,Helena derribó a la barrera en el campo durante el partido.,15,2,0,0
2,no,0,0,0,49,12,yes,no,0,0,Alba mencionó a la actriz en el teatro tras varios minutos.,15,0,0,0
4,no,0,0,0,17,13,yes,no,0,0,Luis zarandeó a la muñeca en la casa durante algunos minutos.,15,2,0,0
3,no,NO,0,1,34,14,yes,no,Carmen vio una representación teatral.,0,Carmen odió la música en el cine durante la película.,15,5,0,0
4,no,0,0,0,10,15,yes,no,0,0,Mateo eliminó a una rehén en el banco en pocos segundos.,15,1,0,0
1,no,SI,0,1,22,16,yes,no,Hubo un asedio en la región.,0,Carla asedió a la contrincante en la región durante bastante tiempo.,15,0,0,0
4,no,SI,0,1,37,17,yes,no,Isabel miraba por la ventana.,0,Isabel vió la tormenta desde su ventana durante una mañana.,15,5,0,0
1,no,SI,0,1,27,18,yes,no,Felipe es presentador de teatro.,0,Felipe anunció la cantante en el escenario en cinco minutos.,15,3,0,0
0,no,0,0,0,44,19,yes,no,0,0,Martín detectó a la enfermedad en el hospital en dos minutos.,15,2,0,0
4,no,NO,0,1,1,20,yes,no,Carlos tardó mucho en hacer el asalto.,0,Carlos asaltó a la conductora en el barrio en pocos instantes.,15,0,0,0
4,no,SI,0,1,3,21,yes,no,Lo que Pedro hizo fue un secuestro.,0,Pablo secuestró a una turista en el aeropuerto durante una hora.,15,1,0,0
2,no,0,0,0,29,22,yes,no,0,0,Alfonso miró a la estrella en la colina durante dos horas.,15,2,0,0
1,no,SI,0,1,0,23,yes,no,La acción tuvo lugar en la calle.,0,Juan golpeó una actriz en la calle en diez segundos.,15,4,0,0
3,no,NO,0,1,25,24,yes,no,Pedro observó durante unos minutos.,0,Pedro observó la secretaria en la oficina durante una hora.,15,3,0,0
3,no,NO,0,1,6,25,yes,no,El beso tuvo lugar en un museo.,0,Francisco besó la cruz en la iglesia durante unos segundos.,15,5,0,0
1,no,0,0,0,23,26,yes,no,0,0,Daniel remolcó a la motocicleta en la calle durante algunos minutos.,15,2,0,0
2,no,NO,0,1,31,27,yes,no,Miguel tuvo que esperar una semana.,0,Miguel recibió la caja en la casa en un día.,15,5,0,0
4,no,NO,0,1,46,28,yes,no,Alejandro estaba en el centro comercial.,0,Alejandro identificó a la agresora en el aeropuerto en dos horas.,15,0,0,0
3,no,0,0,0,13,29,yes,no,0,0,Martina atropelló a una anciana en el aparcamiento en pocos minutos.,15,1,0,0
4,no,0,0,0,48,30,yes,no,0,0,Samuel descubrió a la infiltrada en el museo en pocas horas.,15,0,0,0
1,no,0,0,0,11,31,yes,no,0,0,Valeria neutralizó la criminal en la frontera en cinco minutos.,15,3,0,0
4,no,0,0,0,20,32,yes,no,0,0,Claudia maltrató a una compañera en la casa durante varios años.,15,1,0,0
1,no,0,0,0,26,33,yes,no,0,0,Juan escuchó la vecina en el balcón durante una noche.,15,3,0,0
1,no,0,0,0,42,34,yes,no,0,0,Ismael encontró una conocida en la carretera en pocas horas.,15,4,0,0
2,no,SI,0,1,32,35,yes,no,Martin estaba en el hospital.,0,Martín buscó a la médica en el hospital durante dos horas.,15,0,0,0
4,no,SI,0,1,41,36,yes,no,Emma pasó semanas investigando.,0,Emma investigó la epidemia en la ciudad durante varias semanas.,15,5,0,0
1,no,SI,0,1,28,37,yes,no,Anna estaba en la escuela.,0,Anna comprendió la maestra en la escuela en dos minutos.,15,3,0,0
0,no,0,0,0,24,38,yes,no,0,0,Coral guió a la turista en el palacio en una hora.,15,0,0,0
1,no,0,0,0,30,39,yes,no,0,0,Carlos esperó una profesora en la esquina durante una hora.,15,4,0,0
3,no,0,0,0,19,40,yes,no,0,0,Lucas arrastró a una víctima en la calle por un tiempo.,15,1,0,0
0,no,SI,0,1,39,41,yes,no,Valeria fue a un concierto.,0,Valeria admiró la escenografía en el teatro durante el concierto.,15,5,0,0
1,no,SI,0,1,15,42,yes,no,Lucia estaba en un bar.,0,Lucía destrozó a la mesa en el bar en diez minutos.,15,2,0,0
2,no,0,0,0,47,43,yes,no,0,0,Marta descartó una aspirante en la selección en un día.,15,4,0,0
3,no,NO,0,1,12,44,yes,no,El combate duró varias horas.,0,Paula abatió la contrincante en el ring en pocos minutos.,15,3,0,0
3,no,SI,0,1,8,45,yes,no,Helena estaba en el patio.,0,Helena colgó la fotografía en el patio en cinco minutos.,15,5,0,0
1,no,0,0,0,5,46,yes,no,0,0,Manuel abrazó una señora en el parque en pocos instantes.,15,4,0,0
1,no,0,0,0,35,47,yes,no,0,0,Carlos vigiló una niña en la habitación durante unas horas.,15,4,0,0
3,no,NO,0,1,2,48,yes,no,La acción tuvo lugar en el parque.,0,Simón pateó una jugadora en la cancha en un instante.,15,4,0,0
3,no,SI,0,1,9,49,yes,no,Había fuego en la plaza.,0,Carlos quemó la página en la plaza en pocos minutos.,15,5,0,0
2,yes,SI,0,1,9,0,yes,no,Había fuego en la plaza.,0,Lo que Samuel hizo a la infiltrada fue descubrirla.,15,6,0,0
2,yes,SI,0,1,9,1,yes,no,Había fuego en la plaza.,0,Lo que Emma hizo a la empresaria fue investigarla.,15,6,0,0
2,yes,SI,0,1,9,2,yes,no,Había fuego en la plaza.,0,Lo que Carlos hizo a la bruja fue quemarla.,15,6,0,0
4,yes,SI,0,1,9,3,yes,no,Había fuego en la plaza.,0,Lo que Carlos le hizo a la conductora fue asaltarla.,15,6,0,0
4,yes,SI,0,1,9,4,yes,no,Había fuego en la plaza.,0,Lo que Miguel hizo a la invitada fue recibirla.,15,6,0,0
4,yes,SI,0,1,9,5,yes,no,Había fuego en la plaza.,0,Lo que Mateo hizo a la rehén fue eliminarla.,15,6,0,0
3,yes,SI,0,1,9,6,yes,no,Había fuego en la plaza.,0,Lo que Irene hizo a la niña fue oírla.,15,6,0,0
4,yes,SI,0,1,9,7,yes,no,Había fuego en la plaza.,0,Lo que Valeria hizo a la cantante fue admirarla.,15,6,0,0
4,yes,SI,0,1,9,8,yes,no,Había fuego en la plaza.,0,Lo que Lucía hizo a la oponente fue destrozarla.,15,6,0,0
4,yes,SI,0,1,9,9,yes,no,Había fuego en la plaza.,0,Lo que Martina hizo a la anciana fue atropellarla.,15,6,0,0
3,yes,SI,0,1,9,10,yes,no,Había fuego en la plaza.,0,Lo que Gabriela hizo a la amiga fue localizarla.,15,6,0,0
3,yes,SI,0,1,9,11,yes,no,Había fuego en la plaza.,0,Lo que Adrián hizo a la mujer fue percibirla.,15,6,0,0
3,yes,SI,0,1,9,12,yes,no,Había fuego en la plaza.,0,Lo que Manuel hizo a la señora fue abrazarla.,15,6,0,0
3,yes,SI,0,1,9,13,yes,no,Había fuego en la plaza.,0,Lo que Tomás hizo a la vieja fue empujarla.,15,6,0,0
3,yes,SI,0,1,9,14,yes,no,Había fuego en la plaza.,0,Lo que Alfonso hizo a la granjera fue mirarla.,15,6,0,0
0,yes,SI,0,1,9,15,yes,no,Había fuego en la plaza.,0,Lo que Daniel hizo a la enferma fue remolcarla.,15,6,0,0
3,yes,SI,0,1,9,16,yes,no,Había fuego en la plaza.,0,Lo que Helena hizo a la criminal fue colgarla.,15,6,0,0
2,yes,SI,0,1,9,17,yes,no,Había fuego en la plaza.,0,Lo que Carlos hizo a la profesora fue esperarla.,15,6,0,0
3,yes,SI,0,1,9,18,yes,no,Había fuego en la plaza.,0,Lo que Pablo hizo a la turista fue secuestrarla.,15,6,0,0
3,yes,SI,0,1,9,19,yes,no,Había fuego en la plaza.,0,Lo que Anna hizo a la maestra fue comprenderla.,15,6,0,0
0,no,0,0,0,100,0,no,yes,0,"[2.074514627456665, 1.0682313442230225, 9.896063327789307, 0.5112617015838623, 0.5882227420806885, 0.397036075592041, 0.4207000732421875, 0.4250004291534424, 0.37139129638671875, 0.7565526962280273]",La conferencia empezará con puntualidad a las diez y media.,16,1,0,0
0,no,0,0,0,100,1,no,yes,0,"[0.5200691223144531, 0.42145442962646484, 0.44890308380126953, 0.4024350643157959, 0.37562131881713867, 0.41242051124572754, 0.4386892318725586, 0.38721418380737305, 0.40845561027526855, 0.33807897567749023]",El ladrón escapó a toda prisa por la puerta trasera.,16,1,0,0
0,no,NO,E,1,100,2,no,yes,Llegaron a la universidad cuando ya estaba cerrada.,"[0.5695188045501709, 0.4260685443878174, 0.4672276973724365, 0.4192972183227539, 0.41943955421447754, 0.4147074222564697, 0.42573070526123047, 0.39122939109802246, 0.4114363193511963, 0.47749996185302734]",Los estudiantes llegaron a la universidad antes de que cerrara.,16,1,0,0
0,no,0,0,0,100,3,no,yes,0,"[0.6802387237548828, 0.46282124519348145, 0.505033016204834, 0.39994025230407715, 0.3720684051513672, 0.38298654556274414, 0.3774526119232178, 0.35275793075561523, 0.4542415142059326]",Los niños corrieron a la plaza con sus amigos.,16,1,0,0
0,no,NO,E,1,100,0,no,no,Ayer fueron al teatro.,"[0.5554723739624023, 0.43256163597106934, 0.4120163917541504, 0.4615943431854248, 0.3959977626800537, 0.371962308883667, 0.35375237464904785, 0.42162108421325684, 0.676762580871582]",Ayer fueron al cine a ver una película divertida.,16,2,0,0
0,no,NO,E,1,6,1,no,no,El beso tuvo lugar en un museo.,"[0.6283633708953857, 0.44618892669677734, 0.4144599437713623, 0.39404869079589844, 0.41076183319091797, 0.4175913333892822, 0.414182186126709, 0.412400484085083, 0.4108724594116211, 0.44602131843566895, 0.41017699241638184]",Francisco besó a una novia en la iglesia durante unos segundos.,16,1,0,0
0,no,0,0,0,100,2,no,no,0,"[0.552365779876709, 0.4717276096343994, 0.40533924102783203, 0.44529271125793457, 0.3727552890777588, 0.41368865966796875, 0.4398658275604248, 0.3950684070587158, 0.3944251537322998, 0.46750783920288086]",Rosa recomendó un libro a su colega durante el almuerzo.,16,0,0,0
0,no,0,0,0,101,3,no,no,0,"[0.5710277557373047, 0.44217872619628906, 0.40922117233276367, 0.46736669540405273, 0.4328742027282715, 0.49222326278686523, 0.42148327827453613, 0.4204404354095459, 0.43329477310180664]",La película empiezan exactamente a las ocho en punto.,16,1,0,0
0,no,0,0,0,13,4,no,no,0,"[0.8631095886230469, 0.430711030960083, 0.4844484329223633, 0.42522335052490234, 0.3892676830291748, 0.36894726753234863, 0.4394826889038086, 0.4274022579193115, 0.5710854530334473, 0.4191129207611084]",Martina atropelló una anciana en el aparcamiento en pocos minutos.,16,4,0,0
0,no,0,0,0,100,5,no,no,0,"[0.5540645122528076, 0.41912150382995605, 0.39242982864379883, 0.4455409049987793, 0.3822457790374756, 0.1273658275604248, 0.7668712139129639, 0.40715646743774414, 0.4133291244506836, 0.4585392475128174, 0.44177699089050293]",La lluvia cayó fuerte sobre el techo durante toda la noche.,16,2,0,0
0,no,0,0,0,100,6,no,no,0,"[0.5099246501922607, 0.4168100357055664, 0.4280388355255127, 0.4503004550933838, 0.4333012104034424, 0.43305277824401855, 0.342393159866333, 0.11598825454711914, 0.6551086902618408, 0.4421060085296631, 0.4307396411895752]",El técnico reparó el ordenador a un cliente en la tienda.,16,0,0,0
0,no,0,0,0,100,7,no,no,0,"[0.48232078552246094, 0.4375629425048828, 0.3240063190460205, 0.42273449897766113, 0.36640477180480957, 0.4198760986328125, 0.3923184871673584, 0.4215562343597412, 0.34735965728759766, 0.5020554065704346]",Isabel enseñó la receta a su prima en la cocina.,16,0,0,0
0,no,SI,A,1,100,8,no,no,Laura se fue a Inglaterra.,"[0.5101468563079834, 0.4191124439239502, 0.3429906368255615, 0.4820258617401123, 0.3987414836883545, 0.4815058708190918, 0.38807225227355957, 0.3504478931427002, 0.41764020919799805, 0.3500673770904541]",Laura se fue de vacaciones a Londres la semana pasada.,16,1,0,0
0,no,0,0,0,40,9,no,no,0,"[0.4950575828552246, 0.4730050563812256, 0.39284372329711914, 0.4618873596191406, 0.6268293857574463, 0.4241042137145996, 0.3853118419647217, 0.3818809986114502, 0.11992669105529785, 0.5721538066864014]",Adrián percibió la sombra detrás de él durante algunos minutos.,16,5,0,0
0,no,No,E,1,100,10,no,no,El bebé dormía plácidamente.,"[0.13413739204406738, 0.37679576873779297, 0.6728711128234863, 0.6978726387023926, 0.38998961448669434, 0.47129249572753906, 0.4402933120727539, 0.37290143966674805, 0.4297196865081787, 0.4596595764160156]",El bebé lloraba constantemente durante la noche sin razón aparente.,16,2,0,0
0,no,0,0,0,101,11,no,no,0,"[0.5821993350982666, 0.45204710960388184, 0.49542784690856934, 0.47260141372680664, 0.6494629383087158, 0.5480902194976807, 0.5345573425292969, 0.44133782386779785, 0.4368281364440918, 0.40203285217285156]",Mi primo viaja sola por Europa durante el verano próximo.,16,2,0,0
0,no,0,0,0,100,12,no,no,0,"[0.5166807174682617, 0.44095945358276367, 0.4659891128540039, 0.454927921295166, 0.40456581115722656, 0.41823363304138184, 0.3957529067993164, 0.393845796585083, 0.37036967277526855, 0.4123656749725342]",Vamos caminando todos los días a pie hasta el colegio.,16,1,0,0
0,no,0,0,0,100,13,no,no,0,"[0.4570496082305908, 0.3912312984466553, 0.434734582901001, 0.39443302154541016, 0.41409826278686523, 0.3771228790283203, 0.41452670097351074, 0.3668093681335449, 0.3738117218017578, 0.38088536262512207]",El mensajero entregó el paquete a Marta en su casa.,16,0,0,0
0,no,0,0,0,101,14,no,no,0,"[0.4094827175140381, 0.12988686561584473, 0.6106164455413818, 0.4279756546020508, 0.14507484436035156, 0.8697531223297119, 0.46430206298828125, 0.3409082889556885, 0.3447103500366211, 0.3953378200531006]",El jefe convocó urgentemente a reunión a todos el empleados.,16,1,0,0
0,no,SI,A,1,14,15,no,no,Helena estaba jugando un partido de fútbol.,"[0.08288860321044922, 1.5469474792480469, 0.44647693634033203, 0.725482702255249, 0.5498313903808594, 0.37418603897094727, 0.4031522274017334, 0.41359496116638184, 0.417217493057251, 0.4273197650909424]",Helena derribó la futbolista en el campo durante el partido.,16,3,0,0
0,no,0,0,0,101,16,no,no,0,"[1.1480789184570312, 1.0200839042663574, 0.33395862579345703, 0.44878363609313965, 0.3827650547027588, 1.1550233364105225, 0.38278985023498535, 0.41961193084716797, 0.4357931613922119]",Pedro devolvió el libro la biblioteca el lunes pasado.,16,0,0,0
0,no,NO,E,1,100,17,no,no,Lucía y su compañero estaban en el salón.,"[0.6406204700469971, 0.5780017375946045, 0.5468480587005615, 0.3570895195007324, 0.36165714263916016, 0.3879106044769287, 0.3787827491760254, 0.4068310260772705, 0.37634992599487305, 0.3677022457122803]",Lucía ofreció un café a su compañero en la cocina.,16,0,0,0
0,no,0,0,0,35,18,no,no,0,"[0.534588098526001, 0.4089057445526123, 0.3628504276275635, 0.4760091304779053, 0.3795764446258545, 0.3496212959289551, 0.4150817394256592, 0.3701028823852539, 0.4225907325744629, 0.36563801765441895]",Carlos vigiló la operación en la habitación durante unas horas.,16,5,0,0
0,no,0,0,0,101,19,no,no,0,"[0.5209331512451172, 0.40467143058776855, 0.36310863494873047, 0.3711085319519043, 0.38936448097229004, 0.36343932151794434, 0.37575340270996094, 0.3924698829650879, 0.9636831283569336, 0.42063164710998535]",Sara contó la historia a sus hijo antes de dormir.,16,0,0,0
0,no,0,0,0,100,20,no,no,0,"[0.5171077251434326, 0.4036087989807129, 0.46616649627685547, 0.3980715274810791, 0.4486682415008545, 0.3991236686706543, 0.385357141494751, 0.3504042625427246, 0.41014862060546875, 0.403454065322876]",Los pájaros vuelan alto sobre los árboles en primavera alegre.,16,2,0,0
0,no,SI,A,1,101,21,no,no,El bebé sonrió a su madre.,"[0.6423943042755127, 0.4508545398712158, 1.4738872051239014, 0.594773530960083, 0.37341856956481934, 0.3977687358856201, 0.40972328186035156, 0.4054584503173828, 0.35231804847717285, 0.42970752716064453]",El bebé sonreí dulcemente a su madre desde la cuna.,16,1,0,0
0,no,NO,E,1,31,22,no,no,Miguel tuvo que esperar una semana.,"[0.4966855049133301, 0.38292503356933594, 0.4048755168914795, 0.3574380874633789, 0.46190595626831055, 0.3962428569793701, 0.39692211151123047, 0.41483592987060547, 0.4608650207519531, 0.4441521167755127, 0.9200291633605957]",Miguel recibió a la caja en la casa en un día.,16,2,0,0
0,no,0,0,0,100,23,no,no,0,"[0.4612746238708496, 0.4134542942047119, 0.37775349617004395, 0.4480135440826416, 0.37735915184020996, 0.38538503646850586, 0.3917884826660156, 0.47280406951904297, 0.4292442798614502, 0.8661525249481201]",El gato saltó a la mesa para robar la comida.,16,1,0,0
0,no,0,0,0,10,24,no,no,0,"[0.5304131507873535, 0.3863105773925781, 0.3790409564971924, 0.35500502586364746, 0.679091215133667, 0.40265870094299316, 0.40334296226501465, 0.3612253665924072, 0.3915376663208008, 0.38916540145874023]",Mateo eliminó la rehén en el banco en pocos segundos.,16,3,0,0
0,no,SI,E,1,27,25,no,no,Felipe es presentador de teatro.,"[0.7124838829040527, 0.5038530826568604, 0.3886716365814209, 0.42676448822021484, 0.6988437175750732, 0.39774250984191895, 0.36774659156799316, 0.45232558250427246, 0.39476442337036133, 0.4260878562927246, 0.38468241691589355]",Felipe anunció a una cantante en el escenario en cinco minutos.,16,1,0,0
0,no,0,0,0,42,26,no,no,0,"[0.5421888828277588, 0.47330546379089355, 0.48202013969421387, 0.42028021812438965, 0.5061783790588379, 0.3938291072845459, 0.43145084381103516, 0.39513397216796875, 0.3618288040161133, 0.3693356513977051, 0.37058091163635254]",Ismael encontró a la conocida en la carretera en pocas horas.,16,0,0,0
0,no,SI,A,1,101,27,no,no,Clara fue a la farmacia con su hermana.,"[0.5587558746337891, 0.1265099048614502, 0.013429403305053711, 1.260833740234375, 0.6644515991210938, 0.4380228519439697, 0.37464308738708496, 0.44863033294677734, 0.40679001808166504, 0.34883785247802734, 0.3685750961303711]",Clara fue con su hermanas a la farmacia después del desayuno.,16,1,0,0
0,no,NO,E,1,18,28,no,no,María iba en bicicleta.,"[0.5917713642120361, 0.5504765510559082, 0.35809826850891113, 0.33089637756347656, 0.4417150020599365, 0.40833234786987305, 0.47566866874694824, 0.9014768600463867, 0.6125767230987549, 0.7904348373413086, 0.39447999000549316]",María transportó a la guitarra en la furgoneta durante un día.,16,2,0,0
0,no,0,0,0,101,29,no,no,0,"[0.5184454917907715, 0.5464582443237305, 0.34432554244995117, 0.39578890800476074, 0.37392425537109375, 0.39954280853271484, 0.3302903175354004, 0.8902685642242432]",Salimos temprano para evitar el tráfico la carretera.,16,2,0,0
0,no,SI,A,1,0,30,no,no,La acción tuvo lugar en la calle.,"[0.4828805923461914, 0.39217209815979004, 0.4419240951538086, 0.33022141456604004, 0.3902425765991211, 0.35857200622558594, 0.37453413009643555, 0.47783684730529785, 0.3611795902252197, 0.40015625953674316, 0.3419318199157715]",Juan golpeó a la piedra en la calle en diez segundos.,16,2,0,0
0,no,0,0,0,100,31,no,no,0,"[0.501532793045044, 0.3570365905761719, 0.39882683753967285, 0.41530609130859375, 0.4186267852783203, 0.3668515682220459, 0.3806905746459961, 0.3755462169647217, 0.36920666694641113, 0.3751950263977051, 0.3933525085449219]",Mi hermano vendió su coche a un amigo de la universidad.,16,0,0,0
0,no,0,0,0,100,32,no,no,0,"[0.5139813423156738, 0.39376163482666016, 0.3782033920288086, 0.3538975715637207, 0.37668347358703613, 0.37934279441833496, 0.37549304962158203, 0.359325647354126, 0.3628249168395996, 0.36142492294311523]",Estuvieron caminando a la orilla del mar toda la tarde.,16,1,0,0
0,no,NO,E,1,100,33,no,no,Andrés contó una historia,"[1.4067542552947998, 0.41954898834228516, 0.3739635944366455, 0.38861918449401855, 0.4717259407043457, 0.36147236824035645, 0.38119959831237793, 0.35347747802734375, 0.3479325771331787, 0.4005441665649414]",Andrés cantó una canción a su hija antes de acostarla.,16,0,0,0
0,no,0,0,0,33,34,no,no,0,"[0.5373361110687256, 0.3600010871887207, 0.39580321311950684, 0.38542723655700684, 0.39716029167175293, 0.4018523693084717, 0.3495151996612549, 0.36578893661499023, 0.41166234016418457, 0.34044718742370605]",Marco imaginó la fiesta en la playa durante dos minutos.,16,5,0,0
0,no,SI,A,1,22,35,no,no,Hubo un asedio en la región.,"[0.5647835731506348, 0.7819664478302002, 0.3902456760406494, 0.3618307113647461, 0.6986558437347412, 0.3654754161834717, 0.3817598819732666, 0.13152766227722168, 1.1003217697143555, 0.3788590431213379, 0.424086332321167]",Carla asedió a la contrincante en la región durante bastante tiempo.,16,0,0,0
0,no,0,0,0,5,36,no,no,0,"[0.574704647064209, 0.35968875885009766, 0.38941478729248047, 0.412825345993042, 0.4614560604095459, 0.357332706451416, 0.38208794593811035, 0.3947422504425049, 0.3715386390686035, 0.36926698684692383, 0.3847470283508301]",Manuel abrazó a una señora en el parque en pocos instantes.,16,1,0,0
0,no,NO,E,1,101,37,no,no,El avión despegó con retraso.,"[0.4223368167877197, 0.36021995544433594, 0.3631556034088135, 0.3530895709991455, 0.37744808197021484, 0.3568155765533447, 0.4083378314971924, 0.35402393341064453, 0.4066791534423828, 0.4445676803588867]",El avión despegó puntualmente a la siete de la mañana.,16,1,0,0
0,no,0,0,0,17,38,no,no,0,"[0.41695690155029297, 0.3798985481262207, 0.493344783782959, 0.35379981994628906, 0.38893795013427734, 0.35656094551086426, 0.374051570892334, 0.38221263885498047, 0.35338592529296875, 0.381274938583374, 0.434185266494751]",Luis zarandeó a la muñeca en la casa durante algunos minutos.,16,2,0,0
0,no,NO,E,1,46,39,no,no,Alejandro estaba en el centro comercial.,"[0.6494600772857666, 1.072472095489502, 0.3748509883880615, 0.37485313415527344, 0.6515176296234131, 0.33175110816955566, 0.3381481170654297, 0.4099907875061035, 0.3047618865966797, 0.30864691734313965, 0.4204981327056885]",Alejandro identificó a la agresora en el aeropuerto en dos horas.,16,0,0,0
0,no,0,0,0,23,40,no,no,0,"[0.46569395065307617, 0.36624741554260254, 0.4097862243652344, 0.4340076446533203, 0.6230454444885254, 0.39513540267944336, 0.4902677536010742, 0.4138298034667969, 0.3493814468383789, 0.35189247131347656]",Daniel remolcó una enferma en la calle durante algunos minutos.,16,4,0,0
0,no,0,0,0,19,41,no,no,0,"[0.410297155380249, 0.4106934070587158, 0.3987152576446533, 0.4297468662261963, 0.4020202159881592, 0.3547070026397705, 0.3509366512298584, 0.34113144874572754, 0.34847474098205566, 0.4213833808898926]",Lucas arrastró una víctima en la calle por un tiempo.,16,4,0,0
0,no,0,0,0,101,42,no,no,0,"[0.39600682258605957, 0.3589804172515869, 0.3589324951171875, 0.36004042625427246, 0.3835628032684326, 0.38527679443359375, 0.3775496482849121, 0.348752498626709, 0.3932030200958252, 0.3787376880645752]",Laura mostró las fotos a sus amigas en la parque.,16,0,0,0
0,no,0,0,0,38,43,no,no,0,"[0.5171236991882324, 0.4074742794036865, 0.38286471366882324, 0.14907264709472656, 0.678400993347168, 0.37864112854003906, 0.4018564224243164, 0.3640463352203369, 0.47060537338256836, 0.3587796688079834]",Unai amó la vida en su pueblo durante varios años.,16,5,0,0
0,no,NO,E,1,16,44,no,no,La guerra duró más de dos años.,"[0.13001585006713867, 0.9528498649597168, 0.38387537002563477, 0.39185190200805664, 0.41611552238464355, 0.4303278923034668, 0.3874988555908203, 0.36129069328308105, 0.12463545799255371, 0.6821160316467285]",Valentina venció la adversaria en la guerra en dos años.,16,3,0,0
0,no,NO,E,1,12,45,no,no,El combate duró varias horas.,"[0.5146138668060303, 0.42716288566589355, 0.40958094596862793, 0.3261301517486572, 0.4492464065551758, 0.3800547122955322, 0.39959025382995605, 0.3527491092681885, 0.32067418098449707, 0.3322415351867676, 0.4063451290130615]",Paula abatió a la contrincante en el ring en pocos minutos.,16,0,0,0
0,no,0,0,0,100,46,no,no,0,"[0.5612521171569824, 0.3850529193878174, 0.39619946479797363, 0.49503469467163086, 0.4370875358581543, 0.3641550540924072, 0.3425416946411133, 0.4971346855163574, 0.3673570156097412, 0.3911871910095215, 0.37638020515441895]",El jefe asignó una tarea a cada empleado en la reunión.,16,0,0,0
0,no,0,0,0,4,47,no,no,0,"[0.5354900360107422, 0.3821549415588379, 0.3918001651763916, 0.38340115547180176, 0.383648157119751, 0.3829689025878906, 0.37648701667785645, 0.3635587692260742, 0.3396286964416504, 0.35374021530151367, 0.41202282905578613]",Jorge arrolló a una ciclista en la calle en un segundo.,16,1,0,0
0,no,0,0,0,21,48,no,no,0,"[0.4373281002044678, 0.38012242317199707, 0.38065147399902344, 0.41589951515197754, 0.3584017753601074, 0.43694424629211426, 0.3724942207336426, 0.33213114738464355, 0.3356485366821289, 0.3870110511779785]",Hugo apaleó una rebelde en la calle durante varios minutos.,16,4,0,0
0,no,0,0,0,26,49,no,no,0,"[0.4065983295440674, 0.33652758598327637, 0.3503227233886719, 0.3426532745361328, 0.3454170227050781, 0.7272281646728516, 0.39835333824157715, 0.43893861770629883, 0.3779168128967285, 0.39377403259277344]",Juan escuchó la vecina en el balcón durante una noche.,16,3,0,0
0,no,NO,E,1,100,50,no,no,El autobus llegó puntual.,"[0.4071223735809326, 0.32140135765075684, 0.32676148414611816, 0.37539148330688477, 0.3710923194885254, 0.38425588607788086, 0.3401052951812744, 0.38882923126220703, 0.34238624572753906, 0.37659430503845215, 0.3790888786315918]",El autobús llegó con retraso a la parada equivocada del centro.,16,1,0,0
0,no,0,0,0,101,51,no,no,0,"[0.4433715343475342, 0.3890821933746338, 0.2957499027252197, 0.3603689670562744, 0.3184359073638916, 0.5600340366363525, 0.34362101554870605, 0.545994758605957, 0.45229530334472656, 0.43524861335754395]",Jorge compró un regalo su novia en el centro comercial.,16,0,0,0
0,no,NO,E,1,34,52,no,no,Carmen vio una representación teatral.,"[0.39678096771240234, 0.3578455448150635, 0.3808174133300781, 0.40810108184814453, 0.3881192207336426, 0.38961076736450195, 0.33045434951782227, 0.362964391708374, 0.38332533836364746, 0.3662419319152832]",Carmen odió la vendedora en el cine durante la película.,16,3,0,0
0,no,0,0,0,30,53,no,no,0,"[0.4342069625854492, 0.3623378276824951, 0.3517169952392578, 0.3752591609954834, 0.3331756591796875, 0.37792396545410156, 0.39962267875671387, 0.38304924964904785, 0.33960866928100586, 0.37790513038635254]",Carlos esperó la profesora en la esquina durante una hora.,16,3,0,0
0,no,SI,A,1,100,54,no,no,Ana escribió la carta desde la playa.,"[0.4699075222015381, 0.3691532611846924, 0.4208521842956543, 0.40723323822021484, 0.3460044860839844, 0.4233112335205078, 0.2952454090118408, 0.39467549324035645, 0.36870503425598145, 0.39742016792297363]",Ana escribió una carta a su abuela desde la playa.,16,0,0,0
0,no,0,0,0,100,55,no,no,0,"[0.5505895614624023, 0.317230224609375, 0.521540641784668, 0.41534924507141113, 0.3554818630218506, 0.3889493942260742, 0.3498404026031494, 0.3878757953643799, 0.3455679416656494, 0.32477712631225586, 0.370650053024292]",Me encontré inesperadamente a Paula en el tren de las siete.,16,1,0,0
0,no,SI,A,1,101,56,no,no,El camarero sonrió.,"[0.37122249603271484, 0.35798192024230957, 0.31454920768737793, 0.3719182014465332, 0.4613165855407715, 0.6556363105773926, 0.3788151741027832, 0.45761990547180176, 0.3551640510559082, 0.3690946102142334, 0.3600430488586426]",El camarero trajo el cuenta a los clientes con una sonrisa.,16,0,0,0
0,no,0,0,0,100,57,no,no,0,"[0.4238748550415039, 0.35939669609069824, 0.3572530746459961, 0.35359907150268555, 0.3816208839416504, 0.3365325927734375, 0.37245702743530273, 0.3683938980102539, 0.3542156219482422, 0.3374919891357422]",El anciano hablaba a solas consigo mismo en el jardín.,16,1,0,0
0,no,0,0,0,100,58,no,no,0,"[0.39099860191345215, 0.34750962257385254, 0.4153110980987549, 0.4027719497680664, 0.39072680473327637, 0.3953092098236084, 0.42353105545043945, 0.3576047420501709, 0.3527379035949707, 0.42429018020629883]",Miguel alquiló una bicicleta a un turista en la estación.,16,0,0,0
0,no,SI,A,1,41,59,no,no,Emma pasó semanas investigando.,"[0.44138193130493164, 0.3958902359008789, 0.3579568862915039, 0.3532071113586426, 0.35570240020751953, 0.4772658348083496, 0.5406906604766846, 0.39107537269592285, 0.40260767936706543, 0.3634302616119385]",Emma investigó una empresaria en la ciudad durante varias semanas.,16,4,0,0
0,no,0,0,0,45,60,no,no,0,"[0.8271334171295166, 0.3979182243347168, 0.3651089668273926, 0.38914060592651367, 0.335843563079834, 0.3440568447113037, 0.43180298805236816, 0.36316370964050293, 0.37586021423339844, 0.444990873336792]",Gabriela localizó la bodega en la ciudad en dos minutos.,16,5,0,0
0,no,0,0,0,100,61,no,no,0,"[0.43830442428588867, 0.39429521560668945, 0.36743998527526855, 0.4049859046936035, 0.43342065811157227, 0.4044978618621826, 0.32807064056396484, 0.37051916122436523, 0.39077067375183105]",Carlos estornudó fuerte en medio de la reunión ayer.,16,2,0,0
0,no,NO,E,1,101,62,no,no,El dueño fue reconocido por su gato.,"[0.4233715534210205, 0.3606081008911133, 0.34973716735839844, 0.3607640266418457, 0.34993863105773926, 0.37210893630981445, 0.37666893005371094, 0.3791356086730957, 0.3545875549316406, 0.4250619411468506]",El perro corrió felizmente a su dueño cuando le reconoció.,16,1,0,0
0,no,NO,E,1,100,63,no,no,Viajan a Argentina cada invierno.,"[0.45906805992126465, 0.3818047046661377, 0.453624963760376, 0.3431386947631836, 0.3690774440765381, 0.3466835021972656, 0.3775925636291504, 0.3681483268737793, 0.37906885147094727]",Mis padres viajan en avión a Argentina cada verano.,16,1,0,0
0,no,0,0,0,101,64,no,no,0,"[0.46956300735473633, 0.35245800018310547, 0.3617832660675049, 0.45346856117248535, 0.38765621185302734, 0.3338658809661865, 0.35252904891967773, 0.3098142147064209, 0.36194872856140137, 0.4276566505432129]",María se despertó sobresaltado a los gritos de su hermano.,16,1,0,0
0,no,SI,E,1,3,65,no,no,Lo que Pedro hizo fue un secuestro.,"[0.4096190929412842, 0.36479830741882324, 0.3593418598175049, 0.34870338439941406, 0.32976365089416504, 0.36996030807495117, 0.3271958827972412, 0.3968510627746582, 0.36533570289611816, 0.31310009956359863, 0.3532114028930664]",Pablo secuestró a una turista en el aeropuerto durante una hora.,16,1,0,0
0,no,0,0,0,43,66,no,no,0,"[0.482100248336792, 0.49045515060424805, 0.445265531539917, 0.33809351921081543, 0.3444702625274658, 0.32853102684020996, 0.33870840072631836, 0.3610687255859375, 0.321183443069458, 0.32561659812927246, 0.3812999725341797]",Sofía conoció a la chica en el colegio en dos días.,16,0,0,0
0,no,0,0,0,100,67,no,no,0,"[0.3923513889312744, 0.303267240524292, 0.3737800121307373, 0.32220983505249023, 0.3356308937072754, 0.41374969482421875, 0.3125135898590088, 0.3461902141571045, 0.4039902687072754]",El viento soplaba fuerte durante la tormenta de anoche.,16,2,0,0
0,no,NO,E,1,100,68,no,no,El coche era azul.,"[0.3944408893585205, 0.3349795341491699, 0.35875916481018066, 0.3660457134246826, 0.376171350479126, 0.43627071380615234, 0.3570883274078369, 0.3510282039642334, 0.32927417755126953, 0.5102009773254395]",El coche rojo aparcó frente a la casa de Marta.,16,2,0,0
0,no,NO,E,1,100,69,no,no,El niño juega solo en el parque.,"[0.3647043704986572, 0.34024882316589355, 0.3196547031402588, 0.3386199474334717, 0.34951257705688477, 0.3573174476623535, 0.3331160545349121, 0.33084702491760254, 0.3304882049560547, 0.3866128921508789]",El niño juega en el parque con su mejor amigo.,16,2,0,0
0,no,SI,A,1,9,70,no,no,Había fuego en la plaza.,"[0.43379974365234375, 0.38246822357177734, 0.524134635925293, 0.3335251808166504, 0.33867812156677246, 0.27551913261413574, 0.31981515884399414, 0.3327603340148926, 0.3411903381347656, 0.366565465927124]",Carlos quemó la página en la plaza en pocos minutos.,16,5,0,0
0,no,0,0,0,101,71,no,no,0,"[0.5305557250976562, 0.36141014099121094, 0.31656551361083984, 0.3924839496612549, 0.38242244720458984, 0.37824535369873047, 0.34211254119873047, 0.36226654052734375, 0.3849489688873291]",Marta baila salsa con entusiasmo en las fiesta grandes.,16,2,0,0
0,no,SI,A,1,28,72,no,no,Anna estaba en la escuela.,"[0.4379396438598633, 0.8101787567138672, 0.3313405513763428, 0.3079535961151123, 0.35053420066833496, 0.3663480281829834, 0.34958815574645996, 0.378589391708374, 0.30519962310791016, 0.3147776126861572, 0.3611147403717041]",Anna comprendió a la maestra en la escuela en dos minutos.,16,0,0,0
0,no,0,0,0,7,73,no,no,0,"[0.49072694778442383, 0.3612525463104248, 0.3979763984680176, 0.35514330863952637, 0.3689725399017334, 0.40323662757873535, 0.315418004989624, 0.40343666076660156, 0.3364839553833008, 0.3428516387939453, 0.3257622718811035]",Tomás empujó a la vieja a la puerta en pocos segundos.,16,0,0,0
0,no,0,0,0,20,74,no,no,0,"[0.7674293518066406, 0.3556864261627197, 0.3838796615600586, 0.3099377155303955, 0.3768332004547119, 0.3444178104400635, 0.36913609504699707, 0.36666250228881836, 0.39669299125671387, 0.3522181510925293, 0.380648136138916]",Claudia maltrató a la camiseta en la casa durante varios años.,16,2,0,0
0,no,SI,A,1,8,75,no,no,Helena estaba en el patio.,"[0.8551180362701416, 0.39695239067077637, 0.4182426929473877, 0.3207697868347168, 0.4481232166290283, 0.34691691398620605, 0.3192770481109619, 0.3534882068634033, 0.44008588790893555, 0.3633871078491211, 0.3515191078186035]",Helena colgó a una criminal en el patio en cinco minutos.,16,1,0,0
0,no,0,0,0,44,76,no,no,0,"[0.386821985244751, 0.4495658874511719, 0.3972773551940918, 0.3430192470550537, 0.3306701183319092, 0.33833837509155273, 0.43793344497680664, 0.40932416915893555, 0.32782697677612305, 0.35868406295776367]",Martín detectó la intrusa en el hospital en dos minutos.,16,3,0,0
0,no,SI,A,1,101,77,no,no,Maria y su hermana estaban en la biblioteca.,"[0.4535963535308838, 0.3006093502044678, 0.33658432960510254, 0.3543837070465088, 0.3215034008026123, 0.3757932186126709, 0.35143065452575684, 0.3531050682067871, 0.4010636806488037]",María dio el libro su hermana en la biblioteca.,16,0,0,0
0,no,0,0,0,11,78,no,no,0,"[0.5370323657989502, 0.48645877838134766, 0.34540295600891113, 0.35283970832824707, 0.33625125885009766, 0.3611729145050049, 0.3370361328125, 0.3887648582458496, 0.4274160861968994, 0.3666574954986572, 0.3381004333496094]",Valeria neutralizó a la criminal en la frontera en cinco minutos.,16,0,0,0
0,no,NO,E,1,101,79,no,no,LLegaron a casa después del aconecher.,"[0.4020237922668457, 0.35135483741760254, 0.3954741954803467, 0.3942093849182129, 0.37481188774108887, 0.38881492614746094, 0.34003257751464844, 0.36205148696899414, 0.3677515983581543, 0.4366476535797119]",Los campesinos llegaron cansado a casa justo antes del anochecer.,16,1,0,0
0,no,NO,E,1,1,80,no,no,Carlos tardó mucho en hacer el asalto.,"[0.41332268714904785, 0.38767337799072266, 0.4224374294281006, 0.3715076446533203, 0.34490966796875, 0.33690619468688965, 0.3486294746398926, 0.36098456382751465, 0.31326937675476074, 0.338531494140625, 0.390946626663208]",Carlos asaltó a una conductora en el barrio en pocos instantes.,16,1,0,0
0,no,SI,A,1,37,81,no,no,Isabel miraba por la ventana.,"[0.4106771945953369, 0.3256571292877197, 0.33678340911865234, 0.3547170162200928, 0.3961505889892578, 0.34940528869628906, 0.3550870418548584, 0.34921813011169434, 0.3436164855957031, 0.4010658264160156]",Isabel vió la estudiante desde su ventana durante una mañana.,16,3,0,0
0,no,SI,A,1,101,82,no,no,Ayer estudiaron matemáticas.,"[0.43003129959106445, 0.34817028045654297, 0.3402869701385498, 0.36865687370300293, 0.3257913589477539, 0.767139196395874, 0.3341960906982422, 0.33371424674987793, 0.4061319828033447, 0.37606048583984375]",Nos sentamos juntos para estudiando matemáticas toda la tarde ayer.,16,2,0,0
0,no,SI,A,1,39,83,no,no,Valeria fue a un concierto.,"[0.4466969966888428, 0.4394538402557373, 0.34452128410339355, 0.3764622211456299, 0.37793922424316406, 0.38470888137817383, 0.37564754486083984, 0.3282487392425537, 0.332028865814209, 0.43709850311279297]",Valeria admiró una cantante en el teatro durante el concierto.,16,4,0,0
0,no,NO,E,1,101,84,no,no,Luis envió un paquete a su hermano.,"[0.395296573638916, 0.44031834602355957, 0.35366344451904297, 0.6119496822357178, 0.3699948787689209, 0.35894107818603516, 0.33948540687561035, 0.381091833114624, 0.4728269577026367]",Luis envíe un paquete a su primo en Alemania.,16,0,0,0
0,no,0,0,0,101,85,no,no,0,"[0.3338003158569336, 0.33541250228881836, 0.30964064598083496, 0.3377685546875, 0.3594794273376465, 0.494642972946167, 0.3732318878173828, 0.33849072456359863, 0.3689084053039551]",Me gusta caminar la ciudad cuando hace buen tiempo.,16,2,0,0
0,no,0,0,0,100,86,no,no,0,"[0.3649709224700928, 0.3729240894317627, 0.38538217544555664, 0.32775425910949707, 0.3436312675476074, 0.3820476531982422, 0.3338356018066406, 0.3525853157043457, 0.35473203659057617, 0.645050048828125]",El niño duerme tranquilo en su cama todas las noches.,16,2,0,0
0,no,NO,E,1,101,87,no,no,El profesor y los alumnos estaban fuera del aula.,"[0.4452202320098877, 0.3448362350463867, 0.33595705032348633, 0.3403289318084717, 0.34120893478393555, 0.3531506061553955, 0.361051082611084, 0.38010525703430176, 0.39171791076660156]",El profesor explicó la lección los alumnos en clase.,16,0,0,0
0,no,NO,E,1,100,88,no,no,El tren llegó con retraso.,"[0.37354087829589844, 0.336259126663208, 0.32410478591918945, 0.33940720558166504, 0.3868527412414551, 0.3074162006378174, 0.3234710693359375, 0.2980513572692871, 0.33443760871887207, 0.36127781867980957]",El tren llegó puntual a la estación bajo la lluvia.,16,2,0,0
0,no,0,0,0,100,89,no,no,0,"[0.40608906745910645, 0.32526659965515137, 0.3193798065185547, 0.32460856437683105, 0.3582289218902588, 0.3245561122894287, 0.35240626335144043, 0.4110593795776367, 0.3145260810852051, 0.38314318656921387]",El avión aterrizó sin problemas en el aeropuerto de Madrid.,16,2,0,0
0,no,SI,A,1,100,90,no,no,La cena se preparó en casa.,"[0.3931081295013428, 0.3114433288574219, 0.31989240646362305, 0.31452083587646484, 0.38183093070983887, 0.3083457946777344, 0.3177299499511719, 0.3255898952484131, 0.3187589645385742, 0.31055760383605957, 0.4019765853881836]",Mi madre preparó la cena a toda la familia en casa.,16,0,0,0
0,no,SI,A,1,32,91,no,no,Martin estaba en el hospital.,"[0.6102867126464844, 0.3466064929962158, 0.3207099437713623, 0.33429622650146484, 0.30153369903564453, 0.3226487636566162, 0.2750847339630127, 0.32947587966918945, 0.29347777366638184, 0.3288106918334961, 0.33988285064697266]",Martín buscó a una médica en el hospital durante dos horas.,16,1,0,0
0,no,0,0,0,29,92,no,no,0,"[0.3993067741394043, 0.3527252674102783, 0.3297851085662842, 0.32944464683532715, 0.3284440040588379, 0.34491658210754395, 0.31528759002685547, 0.3279416561126709, 0.30234432220458984, 0.3195009231567383, 0.3698439598083496]",Alfonso miró a la estrella en la colina durante dos horas.,16,2,0,0
0,no,0,0,0,101,93,no,no,0,"[0.34863901138305664, 0.3242156505584717, 0.32300519943237305, 0.36076974868774414, 0.42859625816345215, 0.6804378032684326, 0.34273457527160645, 0.3707273006439209, 0.33879804611206055, 0.34649085998535156]",El perro ladran fuerte cada vez que pasa un coche.,16,2,0,0
0,no,SI,E,1,100,94,no,no,Ana estaba en la biblioteca.,"[0.37514352798461914, 0.5759193897247314, 0.42102646827697754, 0.39104199409484863, 0.3545997142791748, 0.4415309429168701, 0.3551828861236572, 0.31586313247680664, 0.31296277046203613, 0.38172054290771484]",Nos encontramos con Ana después de clase en la biblioteca.,16,2,0,0
0,no,SI,A,1,15,95,no,no,Lucia estaba en un bar.,"[0.4278991222381592, 0.37829089164733887, 0.3648700714111328, 0.3319692611694336, 0.38140416145324707, 0.3602418899536133, 0.4304215908050537, 0.3710501194000244, 0.3202998638153076, 0.3248748779296875, 0.3256981372833252]",Lucía destrozó a la mesa en el bar en diez minutos.,16,2,0,0
0,no,0,0,0,47,96,no,no,0,"[0.4862041473388672, 0.37013792991638184, 0.40165233612060547, 0.3460381031036377, 0.5992631912231445, 0.34772157669067383, 0.369901180267334, 0.4402322769165039, 0.3762168884277344, 0.31383705139160156, 0.3995492458343506]",Marta descartó a la aspirante en la selección en un día.,16,0,0,0
0,no,SI,A,1,100,97,no,no,El gato está sobre la manta cerca del sofá.,"[0.38845205307006836, 0.36510133743286133, 0.3739018440246582, 0.36583709716796875, 0.37711119651794434, 0.3660433292388916, 0.42048192024230957, 0.3885979652404785, 0.4063284397125244, 0.46413207054138184]",El gato duerme tranquilo sobre la manta cerca del sofá.,16,2,0,0
0,no,NO,E,1,25,98,no,no,Pedro observó durante unos minutos.,"[0.5239148139953613, 0.4245929718017578, 0.37435078620910645, 0.4021012783050537, 0.45624685287475586, 0.3574042320251465, 0.39392828941345215, 0.36434125900268555, 0.33452868461608887, 0.415813684463501]",Pedro observó la planta en la oficina durante una hora.,16,5,0,0
0,no,0,0,0,48,99,no,no,0,"[0.4932093620300293, 0.3610105514526367, 0.33091115951538086, 0.3541851043701172, 0.3746986389160156, 0.3804738521575928, 0.3520388603210449, 0.33856773376464844, 0.38533663749694824, 0.4154057502746582]",Samuel descubrió una infiltrada en el museo en pocas horas.,16,4,0,0
0,no,0,0,0,100,100,no,no,0,"[0.43175411224365234, 0.41453075408935547, 0.32471513748168945, 0.317141056060791, 0.3447563648223877, 0.396010160446167, 0.3922758102416992, 0.3506319522857666, 0.32916736602783203, 0.4210243225097656]",Julia pasó la sal a su madre durante la cena.,16,0,0,0
0,no,0,0,0,24,101,no,no,0,"[0.38097572326660156, 0.793389081954956, 0.3282008171081543, 0.37582850456237793, 0.32788610458374023, 0.32993006706237793, 0.32977795600891113, 0.32319211959838867, 0.3412632942199707, 0.3780405521392822]",Coral guió la decisión en el palacio en una hora.,16,5,0,0
0,no,0,0,0,49,102,no,no,0,"[0.46077585220336914, 0.35593152046203613, 0.3651459217071533, 0.2973511219024658, 0.35074543952941895, 0.3002758026123047, 0.3458068370819092, 0.3426847457885742, 0.44006872177124023, 0.36606717109680176]",Alba mencionó la ciudad en el teatro tras varios minutos.,16,5,0,0
0,no,SI,A,1,100,103,no,no,Ellos corren en el centro.,"[0.4161808490753174, 0.36673855781555176, 0.3511779308319092, 0.3233158588409424, 0.330780029296875, 0.3374783992767334, 0.33844494819641113, 0.34242677688598633, 0.3626720905303955, 0.4536890983581543]",Ellos corren todas las mañanas por el parque del centro.,16,2,0,0
0,no,NO,E,1,2,104,no,no,La acción tuvo lugar en el parque.,"[0.4978444576263428, 0.31693434715270996, 0.34928154945373535, 0.3458220958709717, 0.3739471435546875, 0.3676180839538574, 0.42232823371887207, 0.35535264015197754, 0.3266458511352539, 0.36229586601257324, 0.4138054847717285]",Simón pateó a la pelota en la cancha en un instante.,16,2,0,0
0,no,0,0,0,36,105,no,no,0,"[0.40415072441101074, 0.4322671890258789, 0.3915085792541504, 0.3509788513183594, 0.3752267360687256, 0.3475785255432129, 0.3293569087982178, 0.386732816696167, 0.34247612953186035, 0.38337278366088867]",Irene oyó una niña en la sala durante una noche.,16,4,0,0
4,no,0,0,0,100,0,yes,yes,0,0,El ladrón escapó a toda prisa por la puerta trasera.,16,1,0,0
4,no,NO,0,1,100,1,yes,yes,Llegaron a la universidad cuando ya estaba cerrada.,0,Los estudiantes llegaron a la universidad antes de que cerrara.,16,1,0,0
4,no,0,0,0,100,2,yes,yes,0,0,Los niños corrieron a la plaza con sus amigos.,16,1,0,0
4,no,0,0,0,100,3,yes,yes,0,0,La conferencia empezará con puntualidad a las diez y media.,16,1,0,0
2,no,SI,0,1,8,0,yes,no,Helena estaba en el patio.,0,Helena colgó la criminal en el patio en cinco minutos.,16,3,0,0
2,no,NO,0,1,18,1,yes,no,María iba en bicicleta.,0,María transportó la mochilera en la furgoneta durante un día.,16,3,0,0
2,no,SI,0,1,37,2,yes,no,Isabel miraba por la ventana.,0,Isabel vió la estudiante desde su ventana durante una mañana.,16,3,0,0
3,no,NO,0,1,31,3,yes,no,Miguel tuvo que esperar una semana.,0,Miguel recibió la caja en la casa en un día.,16,5,0,0
3,no,0,0,0,33,4,yes,no,0,0,Marco imaginó a la amiga en la playa durante dos minutos.,16,0,0,0
3,no,SI,0,1,27,5,yes,no,Felipe es presentador de teatro.,0,Felipe anunció a una cantante en el escenario en cinco minutos.,16,1,0,0
4,no,NO,0,1,6,6,yes,no,El beso tuvo lugar en un museo.,0,Francisco besó a la novia en la iglesia durante unos segundos.,16,0,0,0
2,no,SI,0,1,15,7,yes,no,Lucia estuvo en una pelea de bar.,0,Lucía destrozó una oponente en el bar en diez minutos.,16,4,0,0
4,no,NO,0,1,16,8,yes,no,La guerra duró más de dos años.,0,Valentina venció a la adversaria en la guerra en dos años.,16,0,0,0
2,no,0,0,0,17,9,yes,no,0,0,Luis zarandeó la mujer en la casa durante algunos minutos.,16,3,0,0
1,no,0,0,0,44,10,yes,no,0,0,Martín detectó a la enfermedad en el hospital en dos minutos.,16,2,0,0
2,no,SI,0,1,0,11,yes,no,La acción tuvo lugar en la calle.,0,Juan golpeó a la actriz en la calle en diez segundos.,16,0,0,0
2,no,0,0,0,11,12,yes,no,0,0,Valeria neutralizó la criminal en la frontera en cinco minutos.,16,3,0,0
3,no,NO,0,1,12,13,yes,no,El combate duró varias horas.,0,Paula abatió la contrincante en el ring en pocos minutos.,16,3,0,0
3,no,0,0,0,49,14,yes,no,0,0,Alba mencionó a una actriz en el teatro tras varios minutos.,16,1,0,0
2,no,NO,0,1,1,15,yes,no,Carlos tardó mucho en hacer el asalto.,0,Carlos asaltó a la camioneta en el barrio en pocos instantes.,16,2,0,0
1,no,SI,0,1,9,16,yes,no,Había fuego en la plaza.,0,Carlos quemó a la página en la plaza en pocos minutos.,16,2,0,0
4,no,SI,0,1,3,17,yes,no,Lo que Pedro hizo fue un secuestro.,0,Pablo secuestró la camioneta en el aeropuerto durante una hora.,16,5,0,0
1,no,SI,0,1,22,18,yes,no,Hubo un asedio en la región.,0,Carla asedió la ciudad en la región durante bastante tiempo.,16,5,0,0
1,no,0,0,0,10,19,yes,no,0,0,Mateo eliminó a la carpeta en el banco en pocos segundos.,16,2,0,0
2,no,0,0,0,24,20,yes,no,0,0,Coral guió a la turista en el palacio en una hora.,16,0,0,0
3,no,0,0,0,5,21,yes,no,0,0,Manuel abrazó la planta en el parque en pocos instantes.,16,5,0,0
1,no,0,0,0,47,22,yes,no,0,0,Marta descartó una aspirante en la selección en un día.,16,4,0,0
2,no,0,0,0,13,23,yes,no,0,0,Martina atropelló la carreta en el aparcamiento en pocos minutos.,16,5,0,0
1,no,NO,0,1,34,24,yes,no,Carmen vio una representación teatral.,0,Carmen odió a la vendedora en el cine durante la película.,16,0,0,0
3,no,0,0,0,4,25,yes,no,0,0,Jorge arrolló a una ciclista en la calle en un segundo.,16,1,0,0
3,no,SI,0,1,39,26,yes,no,Valeria fue a un concierto.,0,Valeria admiró a la escenografía en el teatro durante el concierto.,16,2,0,0
3,no,0,0,0,48,27,yes,no,0,0,Samuel descubrió a una infiltrada en el museo en pocas horas.,16,1,0,0
2,no,0,0,0,36,28,yes,no,0,0,Irene oyó la niña en la sala durante una noche.,16,3,0,0
2,no,SI,0,1,14,29,yes,no,Helena estaba jugando un partido de fútbol.,0,Helena derribó una futbolista en el campo durante el partido.,16,4,0,0
1,no,0,0,0,23,30,yes,no,0,0,Daniel remolcó una enferma en la calle durante algunos minutos.,16,4,0,0
2,no,0,0,0,20,31,yes,no,0,0,Claudia maltrató a la camiseta en la casa durante varios años.,16,2,0,0
4,no,NO,0,1,25,32,yes,no,Pedro observó durante unos minutos.,0,Pedro observó a una secretaria en la oficina durante una hora.,16,1,0,0
2,no,0,0,0,19,33,yes,no,0,0,Lucas arrastró a la víctima en la calle por un tiempo.,16,0,0,0
4,no,0,0,0,40,34,yes,no,0,0,Adrián percibió la sombra detrás de él durante algunos minutos.,16,5,0,0
2,no,0,0,0,38,35,yes,no,0,0,Unai amó a la vida en su pueblo durante varios años.,16,2,0,0
3,no,0,0,0,43,36,yes,no,0,0,Sofía conoció la verdad en el colegio en dos días.,16,5,0,0
2,no,0,0,0,42,37,yes,no,0,0,Ismael encontró una conocida en la carretera en pocas horas.,16,4,0,0
3,no,0,0,0,30,38,yes,no,0,0,Carlos esperó una profesora en la esquina durante una hora.,16,4,0,0
4,no,0,0,0,35,39,yes,no,0,0,Carlos vigiló a la niña en la habitación durante unas horas.,16,0,0,0
4,no,0,0,0,29,40,yes,no,0,0,Alfonso miró a la estrella en la colina durante dos horas.,16,2,0,0
3,no,0,0,0,7,41,yes,no,0,0,Tomás empujó a una vieja a la puerta en pocos segundos.,16,1,0,0
2,no,NO,0,1,46,42,yes,no,Alejandro estaba en el centro comercial.,0,Alejandro identificó la agresora en el aeropuerto en dos horas.,16,3,0,0
4,no,0,0,0,21,43,yes,no,0,0,Hugo apaleó a una rebelde en la calle durante varios minutos.,16,1,0,0
4,no,SI,0,1,41,44,yes,no,Emma pasó semanas investigando.,0,Emma investigó a una empresaria en la ciudad durante varias semanas.,16,1,0,0
2,no,SI,0,1,28,45,yes,no,Anna estaba en la escuela.,0,Anna comprendió una maestra en la escuela en dos minutos.,16,4,0,0
4,no,0,0,0,26,46,yes,no,0,0,Juan escuchó la alarma en el balcón durante una noche.,16,5,0,0
2,no,0,0,0,45,47,yes,no,0,0,Gabriela localizó una amiga en la ciudad en dos minutos.,16,4,0,0
4,no,SI,0,1,32,48,yes,no,Martin estaba en el hospital.,0,Martín buscó a la médica en el hospital durante dos horas.,16,0,0,0
4,no,NO,0,1,2,49,yes,no,La acción tuvo lugar en el parque.,0,Simón pateó la pelota en la cancha en un instante.,16,5,0,0
3,yes,NA,0,NA,NA,0,yes,no,NA,0,Lo que Juan hizo a la vecina fue escucharla.,161,6,NA,NA
3,yes,NA,0,NA,NA,1,yes,no,NA,0,Lo que Carmen hizo a la vendedora fue odiarla.,161,6,NA,NA
3,yes,NA,0,NA,NA,2,yes,no,NA,0,Lo que Mateo hizo a la rehén fue eliminarla.,161,6,NA,NA
3,yes,NA,0,NA,NA,3,yes,no,NA,0,Lo que Carlos hizo a la profesora fue esperarla.,161,6,NA,NA
3,yes,NA,0,NA,NA,4,yes,no,NA,0,Lo que Jorge hizo a la ciclista fue arrollarla.,161,6,NA,NA
4,yes,NA,0,NA,NA,5,yes,no,NA,0,Lo que Helena hizo a la criminal fue colgarla.,161,6,NA,NA
3,yes,NA,0,NA,NA,6,yes,no,NA,0,Lo que Valeria hizo a la criminal fue neutralizarla.,161,6,NA,NA
3,yes,NA,0,NA,NA,7,yes,no,NA,0,Lo que Anna hizo a la maestra fue comprenderla.,161,6,NA,NA
3,yes,NA,0,NA,NA,8,yes,no,NA,0,Lo que Alfonso hizo a la granjera fue mirarla.,161,6,NA,NA
3,yes,NA,0,NA,NA,9,yes,no,NA,0,Lo que Carlos hizo a la bruja fue quemarla.,161,6,NA,NA
3,yes,NA,0,NA,NA,10,yes,no,NA,0,Lo que Adrián hizo a la mujer fue percibirla.,161,6,NA,NA
3,yes,NA,0,NA,NA,11,yes,no,NA,0,Lo que Carla hizo a la contrincante fue asediarla.,161,6,NA,NA
3,yes,NA,0,NA,NA,12,yes,no,NA,0,Lo que Valentina hizo a la adversaria fue vencerla.,161,6,NA,NA
4,yes,NA,0,NA,NA,13,yes,no,NA,0,Lo que Alejandro hizo a la agresora fue identificarla.,161,6,NA,NA
4,yes,NA,0,NA,NA,14,yes,no,NA,0,Lo que Francisco hizo a la novia fue besarla.,161,6,NA,NA
3,yes,NA,0,NA,NA,15,yes,no,NA,0,Lo que Carlos hizo a la niña fue vigilarla.,161,6,NA,NA
3,yes,NA,0,NA,NA,16,yes,no,NA,0,Lo que Emma hizo a la empresaria fue investigarla.,161,6,NA,NA
4,yes,NA,0,NA,NA,17,yes,no,NA,0,Lo que Simón le hizo a la jugadora fue patearla.,161,6,NA,NA
3,yes,NA,0,NA,NA,18,yes,no,NA,0,Lo que Samuel hizo a la infiltrada fue descubrirla.,161,6,NA,NA
4,yes,NA,0,NA,NA,19,yes,no,NA,0,Lo que Carlos le hizo a la conductora fue asaltarla.,161,6,NA,NA
0,no,0,0,0,100,0,no,yes,0,"[1.1352074146270752, 1.0724797248840332, 0.9642448425292969, 0.7557651996612549, 0.8201220035552979, 0.5690300464630127, 0.4445936679840088, 0.5132036209106445, 0.5328307151794434, 0.6096627712249756]",La conferencia empezará con puntualidad a las diez y media.,17,1,0,0
0,no,0,0,0,100,1,no,yes,0,"[0.9991223812103271, 0.814417839050293, 1.1572048664093018, 0.6858093738555908, 0.7162656784057617, 0.7947142124176025, 0.6720442771911621, 0.508552074432373, 0.5059771537780762]",Los niños corrieron a la plaza con sus amigos.,17,1,0,0
0,no,NO,E,1,100,2,no,yes,Llegaron a la universidad cuando ya estaba cerrada.,"[4.070703983306885, 0.6775972843170166, 0.640702486038208, 0.5568561553955078, 0.3390843868255615, 0.6231644153594971, 0.38256406784057617, 0.595283031463623, 0.4964413642883301, 0.5559265613555908]",Los estudiantes llegaron a la universidad antes de que cerrara.,17,1,0,0
0,no,0,0,0,100,3,no,yes,0,"[0.5765337944030762, 0.36697816848754883, 0.4758327007293701, 0.37769126892089844, 0.3848609924316406, 0.33687925338745117, 0.4712069034576416, 0.35349130630493164, 0.38953614234924316, 0.7995350360870361]",El ladrón escapó a toda prisa por la puerta trasera.,17,1,0,0
0,no,SI,A,1,100,0,no,no,Laura se fue a Inglaterra.,"[1.2850580215454102, 0.4302694797515869, 0.42594003677368164, 0.5214900970458984, 0.5495796203613281, 0.34835100173950195, 0.42861437797546387, 0.37282490730285645, 0.4597194194793701, 0.443828821182251]",Laura se fue de vacaciones a Londres la semana pasada.,17,1,0,0
0,no,NO,E,1,31,1,no,no,Miguel tuvo que esperar una semana.,"[0.5195977687835693, 0.3708634376525879, 0.4233968257904053, 0.52821946144104, 0.3737199306488037, 0.32895851135253906, 0.41168212890625, 0.3590245246887207, 1.0220887660980225, 0.8749179840087891]",Miguel recibió la caja en la casa en un día.,17,5,0,0
0,no,SI,E,1,3,2,no,no,Lo que Pedro hizo fue un secuestro.,"[0.48897576332092285, 0.34241557121276855, 0.32997822761535645, 0.3665175437927246, 0.19313478469848633, 0.8352665901184082, 0.4559001922607422, 0.382305383682251, 0.37441420555114746, 0.7100789546966553]",Pablo secuestró la turista en el aeropuerto durante una hora.,17,3,0,0
0,no,SI,A,1,101,3,no,no,El bebé sonrió a su madre.,"[0.503342866897583, 0.3442099094390869, 0.38123321533203125, 1.1897788047790527, 0.4397399425506592, 0.3770437240600586, 0.4249234199523926, 0.6400661468505859, 0.8288495540618896, 0.6751718521118164]",El bebé sonreí dulcemente a su madre desde la cuna.,17,1,0,0
0,no,0,0,0,100,4,no,no,0,"[0.4221954345703125, 0.3522200584411621, 0.34401440620422363, 0.3278501033782959, 0.3630092144012451, 0.42226481437683105, 0.44091081619262695, 0.41258764266967773, 0.3738243579864502, 0.3475170135498047, 0.36682868003845215]",La lluvia cayó fuerte sobre el techo durante toda la noche.,17,2,0,0
0,no,NO,E,1,18,5,no,no,María iba en bicicleta.,"[0.4596247673034668, 0.33788585662841797, 0.3826429843902588, 0.30896902084350586, 0.4073326587677002, 0.4038112163543701, 0.31731677055358887, 0.45503902435302734, 0.37216758728027344, 0.13916277885437012, 0.19219517707824707]",María transportó a una mochilera en la furgoneta durante un día.,17,1,0,0
0,no,NO,E,1,46,6,no,no,Alejandro estaba en el centro comercial.,"[0.48819899559020996, 0.3055226802825928, 0.335540771484375, 0.3329031467437744, 0.355144739151001, 0.5874342918395996, 0.3385660648345947, 0.46494007110595703, 0.40329647064208984, 0.6343502998352051, 0.8511452674865723]",Alejandro identificó a la agresora en el aeropuerto en dos horas.,17,0,0,0
0,no,0,0,0,20,7,no,no,0,"[0.43580102920532227, 0.29479169845581055, 0.7557518482208252, 1.6033217906951904, 0.12179112434387207, 0.5920932292938232, 0.5058131217956543, 0.41993045806884766, 0.5007750988006592, 0.6181533336639404]",Claudia maltrató la compañera en la casa durante varios años.,17,3,0,0
0,no,SI,A,1,28,8,no,no,Anna estaba en la escuela.,"[0.48862361907958984, 0.34578418731689453, 0.3502194881439209, 0.3242835998535156, 0.2926814556121826, 0.645986795425415, 0.5187826156616211, 0.41545820236206055, 0.4447164535522461, 0.46503186225891113, 1.097947359085083]",Anna comprendió a la tarea en la escuela en dos minutos.,17,2,0,0
0,no,SI,A,1,0,9,no,no,La acción tuvo lugar en la calle.,"[0.523714542388916, 0.4140167236328125, 0.3423144817352295, 0.3046302795410156, 0.40968871116638184, 0.36200785636901855, 0.4147014617919922, 0.4562349319458008, 0.4160645008087158, 0.3801753520965576, 2.082139253616333]",Juan golpeó a la actriz en la calle en diez segundos.,17,0,0,0
0,no,0,0,0,101,10,no,no,0,"[0.7997004985809326, 0.3556349277496338, 0.3139383792877197, 0.4064931869506836, 0.3528130054473877, 0.31856250762939453, 0.9250607490539551, 0.4675180912017822, 0.4170544147491455, 2.954427480697632]",Sara contó la historia a sus hijo antes de dormir.,17,0,0,0
0,no,SI,A,1,100,11,no,no,Ana estaba en la biblioteca.,"[0.4353601932525635, 0.3688545227050781, 0.4303104877471924, 0.3655683994293213, 0.38042330741882324, 0.2874879837036133, 0.5343499183654785, 0.35306739807128906, 0.38843560218811035, 0.530634880065918]",Nos encontramos con Ana después de clase en la biblioteca.,17,2,0,0
0,no,No,E,1,100,12,no,no,El bebé dormía plácidamente.,"[0.48303699493408203, 0.32352542877197266, 0.29364919662475586, 0.35825610160827637, 0.3409245014190674, 0.37683725357055664, 0.4548377990722656, 0.5077340602874756, 0.544675350189209, 0.5438084602355957]",El bebé lloraba constantemente durante la noche sin razón aparente.,17,2,0,0
0,no,NO,E,1,100,13,no,no,El niño juega solo en el parque.,"[0.40857839584350586, 0.2795283794403076, 0.34498047828674316, 0.33510303497314453, 0.35230493545532227, 0.41212964057922363, 0.34778285026550293, 0.35817575454711914, 0.4871666431427002, 0.4709906578063965]",El niño juega en el parque con su mejor amigo.,17,2,0,0
0,no,0,0,0,11,14,no,no,0,"[0.48447084426879883, 0.367764949798584, 0.5017585754394531, 0.6161115169525146, 0.3849186897277832, 0.40372586250305176, 0.4922466278076172, 0.3847386837005615, 0.40706372261047363, 0.4583902359008789]",Valeria neutralizó una criminal en la frontera en cinco minutos.,17,4,0,0
0,no,NO,E,1,6,15,no,no,El beso tuvo lugar en un museo.,"[0.4530627727508545, 0.38597726821899414, 0.33373475074768066, 0.3728482723236084, 0.32284021377563477, 0.5182831287384033, 0.39602208137512207, 0.4461240768432617, 0.4222755432128906, 0.4099745750427246, 0.40289306640625]",Francisco besó a una novia en la iglesia durante unos segundos.,17,1,0,0
0,no,0,0,0,45,16,no,no,0,"[0.4905557632446289, 0.37805867195129395, 0.4176154136657715, 0.3609015941619873, 0.42806148529052734, 0.34543704986572266, 0.6527347564697266, 0.5452892780303955, 0.45600461959838867, 0.42952609062194824, 0.6621990203857422]",Gabriela localizó a la amiga en la ciudad en dos minutos.,17,0,0,0
0,no,NO,E,1,101,17,no,no,Luis envió un paquete a su hermano.,"[0.6668307781219482, 0.7690315246582031, 0.5890405178070068, 0.46916937828063965, 0.5426046848297119, 0.4753134250640869, 0.47967958450317383, 0.4197046756744385, 0.5979118347167969]",Luis envíe un paquete a su primo en Alemania.,17,0,0,0
0,no,0,0,0,101,18,no,no,0,"[0.44201111793518066, 0.33848023414611816, 0.3466048240661621, 0.45773816108703613, 0.3799912929534912, 0.3585836887359619, 0.33545684814453125, 0.3215672969818115, 0.4119689464569092]",La película empiezan exactamente a las ocho en punto.,17,1,0,0
0,no,0,0,0,101,19,no,no,0,"[0.4210240840911865, 0.3690629005432129, 0.32519960403442383, 0.41391491889953613, 0.33997225761413574, 0.47185254096984863, 0.5844888687133789, 0.5294125080108643, 0.5390775203704834]",Pedro devolvió el libro la biblioteca el lunes pasado.,17,0,0,0
0,no,NO,E,1,1,20,no,no,Carlos tardó mucho en hacer el asalto.,"[0.4924166202545166, 0.29089951515197754, 0.4822697639465332, 0.31742119789123535, 0.3870084285736084, 0.3325955867767334, 0.3493325710296631, 0.36703062057495117, 0.3190321922302246, 0.48921871185302734, 0.5489292144775391]",Carlos asaltó a la conductora en el barrio en pocos instantes.,17,0,0,0
0,no,SI,E,1,101,21,no,no,Clara fue a la farmacia con su hermana.,"[0.8725500106811523, 0.3193166255950928, 0.35433197021484375, 0.4072916507720947, 0.4936695098876953, 0.36534547805786133, 0.3766932487487793, 2.376561164855957, 0.32660412788391113, 0.30652523040771484, 0.4072306156158447]",Clara fue con su hermanas a la farmacia después del desayuno.,17,1,0,0
0,no,NO,E,1,101,22,no,no,El avión despegó con retraso.,"[0.45580530166625977, 0.30149126052856445, 0.28891491889953613, 0.45192480087280273, 0.2737758159637451, 0.29384398460388184, 0.2840006351470947, 0.32668161392211914, 0.41667628288269043, 0.42746949195861816]",El avión despegó puntualmente a la siete de la mañana.,17,1,0,0
0,no,0,0,0,33,23,no,no,0,"[0.5337309837341309, 0.38660478591918945, 0.3076052665710449, 0.35378551483154297, 0.31760692596435547, 0.3938417434692383, 0.3075129985809326, 0.4367966651916504, 0.3570437431335449, 0.4776768684387207]",Marco imaginó la fiesta en la playa durante dos minutos.,17,5,0,0
0,no,0,0,0,49,24,no,no,0,"[0.429323673248291, 0.35627245903015137, 0.3244822025299072, 0.3170590400695801, 0.3240358829498291, 0.32392311096191406, 0.36610841751098633, 0.3137094974517822, 0.32726526260375977, 0.40651869773864746, 0.3891322612762451]",Alba mencionó a una actriz en el teatro tras varios minutos.,17,1,0,0
0,no,SI,A,1,100,25,no,no,Ana escribió la carta desde la playa.,"[0.38086867332458496, 0.2907834053039551, 0.3341677188873291, 0.33571743965148926, 0.306931734085083, 0.3022913932800293, 0.3203866481781006, 0.32380032539367676, 0.35612940788269043, 0.616814136505127]",Ana escribió una carta a su abuela desde la playa.,17,0,0,0
0,no,0,0,0,100,26,no,no,0,"[0.4472007751464844, 0.21986985206604004, 0.2591557502746582, 0.5217831134796143, 0.28559327125549316, 0.29382848739624023, 0.3478522300720215, 0.30649590492248535, 0.3044257164001465, 0.3450655937194824, 0.4317333698272705]",El técnico reparó el ordenador a un cliente en la tienda.,17,0,0,0
0,no,0,0,0,36,27,no,no,0,"[0.5184066295623779, 0.33867979049682617, 0.3166797161102295, 0.3042738437652588, 0.30660486221313477, 0.30675268173217773, 0.3834114074707031, 0.312345027923584, 0.32902050018310547, 0.6562607288360596]",Irene oyó la niña en la sala durante una noche.,17,3,0,0
0,no,SI,A,1,41,28,no,no,Emma pasó semanas investigando.,"[0.584824800491333, 0.39345645904541016, 0.36897730827331543, 0.32674169540405273, 0.3613698482513428, 0.5609841346740723, 0.41380739212036133, 0.4037301540374756, 0.40152478218078613, 0.3267655372619629, 0.5062499046325684]",Emma investigó a la epidemia en la ciudad durante varias semanas.,17,2,0,0
0,no,0,0,0,44,29,no,no,0,"[0.4784867763519287, 0.3616037368774414, 0.3322281837463379, 0.3716001510620117, 0.345334529876709, 0.3581523895263672, 0.3244802951812744, 0.329024076461792, 0.293715238571167, 0.3070254325866699, 0.42206287384033203]",Martín detectó a la intrusa en el hospital en dos minutos.,17,0,0,0
0,no,0,0,0,101,30,no,no,0,"[0.4686269760131836, 0.3025321960449219, 0.30483031272888184, 0.32194995880126953, 0.29616594314575195, 0.2792520523071289, 0.3424389362335205, 0.3820652961730957, 0.44115352630615234]",Me gusta caminar la ciudad cuando hace buen tiempo.,17,2,0,0
0,no,0,0,0,100,31,no,no,0,"[0.4882678985595703, 0.31965112686157227, 0.309481143951416, 0.3234894275665283, 0.34253883361816406, 0.29622769355773926, 0.2991061210632324, 0.3029031753540039, 0.2928800582885742, 0.3211097717285156, 0.719102144241333]",El jefe asignó una tarea a cada empleado en la reunión.,17,0,0,0
0,no,0,0,0,101,32,no,no,0,"[0.4371607303619385, 0.30046844482421875, 0.3352527618408203, 0.3283112049102783, 0.33084750175476074, 0.33579277992248535, 0.3608863353729248, 0.3722035884857178, 0.43924927711486816, 0.5184075832366943]",María se despertó sobresaltado a los gritos de su hermano.,17,1,0,0
0,no,0,0,0,4,33,no,no,0,"[0.5205554962158203, 0.35503339767456055, 0.36586785316467285, 0.36827850341796875, 0.3501262664794922, 0.36021852493286133, 0.400738000869751, 0.3511924743652344, 0.5442886352539062, 0.7228319644927979]",Jorge arrolló la valla en la calle en un segundo.,17,5,0,0
0,no,0,0,0,101,34,no,no,0,"[0.468395471572876, 0.32141923904418945, 0.3004114627838135, 0.34444618225097656, 0.30791759490966797, 0.3868741989135742, 0.6320056915283203, 0.4459724426269531, 0.45112156867980957, 0.42107415199279785]",Jorge compró un regalo su novia en el centro comercial.,17,0,0,0
0,no,0,0,0,100,35,no,no,0,"[0.4767591953277588, 0.32531094551086426, 0.29105710983276367, 0.3178253173828125, 0.3394126892089844, 0.31399965286254883, 0.4217348098754883, 0.3650944232940674, 0.4754972457885742]",El viento soplaba fuerte durante la tormenta de anoche.,17,2,0,0
0,no,NO,E,1,101,36,no,no,LLegaron a casa después del aconecher.,"[0.5389869213104248, 0.32309460639953613, 0.3184237480163574, 0.3953249454498291, 0.4113950729370117, 0.3644881248474121, 0.368058443069458, 0.384066104888916, 0.3081967830657959, 0.6331202983856201]",Los campesinos llegaron cansado a casa justo antes del anochecer.,17,1,0,0
0,no,NO,E,1,2,37,no,no,La acción tuvo lugar en el parque.,"[0.45857667922973633, 0.32690930366516113, 0.3731255531311035, 0.3169398307800293, 0.3874044418334961, 0.3302135467529297, 0.30388784408569336, 0.3297240734100342, 0.3553047180175781, 0.35636305809020996]",Simón pateó la jugadora en la cancha en un instante.,17,3,0,0
0,no,0,0,0,100,38,no,no,0,"[0.40181398391723633, 0.3516261577606201, 0.3298494815826416, 0.29996752738952637, 0.3210434913635254, 0.2754068374633789, 0.25850844383239746, 0.2987961769104004, 0.30229663848876953, 0.454545259475708]",Vamos caminando todos los días a pie hasta el colegio.,17,1,0,0
0,no,0,0,0,101,39,no,no,0,"[0.4539158344268799, 0.2828342914581299, 0.26068925857543945, 0.26781630516052246, 0.3686251640319824, 0.29540300369262695, 0.5182597637176514, 0.33113670349121094, 0.27564072608947754, 0.4850881099700928]",El jefe convocó urgentemente a reunión a todos el empleados.,17,1,0,0
0,no,0,0,0,101,40,no,no,0,"[0.4678764343261719, 0.3208773136138916, 0.2921912670135498, 0.30840063095092773, 0.28635406494140625, 0.3328676223754883, 0.31020426750183105, 0.33460187911987305, 0.2828187942504883, 0.33765077590942383]",Laura mostró las fotos a sus amigas en la parque.,17,0,0,0
0,no,0,0,0,43,41,no,no,0,"[0.4858872890472412, 0.37989234924316406, 0.29373669624328613, 0.3488903045654297, 0.2892270088195801, 0.29091811180114746, 0.3089792728424072, 0.29959940910339355, 0.3227500915527344, 0.3630492687225342]",Sofía conoció una chica en el colegio en dos días.,17,4,0,0
0,no,SI,A,1,14,42,no,no,Helena estaba en un campo de fútbol.,"[0.465867280960083, 0.21852731704711914, 0.32102060317993164, 0.4208834171295166, 0.36089015007019043, 0.3351120948791504, 0.35445594787597656, 0.40238142013549805, 0.36168408393859863, 0.7429656982421875]",Helena derribó la barrera en el campo durante el partido.,17,5,0,0
0,no,NO,E,1,100,43,no,no,El tren llegó con retraso.,"[0.39899349212646484, 0.2943260669708252, 0.28260111808776855, 0.28136324882507324, 0.2764863967895508, 0.2592277526855469, 0.27048730850219727, 0.29351258277893066, 0.2956085205078125, 0.46159791946411133]",El tren llegó puntual a la estación bajo la lluvia.,17,2,0,0
0,no,0,0,0,100,44,no,no,0,"[0.4659273624420166, 0.25304627418518066, 0.26869702339172363, 0.2912023067474365, 0.3233473300933838, 0.29470181465148926, 0.35341501235961914, 0.33655261993408203, 0.35340213775634766, 1.2528610229492188]",El niño duerme tranquilo en su cama todas las noches.,17,2,0,0
0,no,NO,E,1,16,45,no,no,La guerra duró más de dos años.,"[0.3715932369232178, 0.2703685760498047, 0.27886056900024414, 0.2583892345428467, 0.3094348907470703, 0.3789703845977783, 0.2736382484436035, 0.2953321933746338, 0.29595470428466797, 0.35632991790771484, 0.30825376510620117]",Valentina venció a la adversaria en la guerra en dos años.,17,0,0,0
0,no,0,0,0,101,46,no,no,0,"[0.8104104995727539, 0.28087949752807617, 0.31420111656188965, 0.27105212211608887, 0.348738431930542, 1.2837176322937012, 0.4000582695007324, 0.6262428760528564, 1.1076066493988037]",Marta baila salsa con entusiasmo en las fiesta grandes.,17,2,0,0
0,no,0,0,0,7,47,no,no,0,"[0.3395547866821289, 0.2936723232269287, 0.3314175605773926, 0.319028377532959, 0.3761899471282959, 0.35797810554504395, 0.3535497188568115, 0.30968499183654785, 0.3774266242980957, 0.621588945388794]",Tomás empujó una vieja a la puerta en pocos segundos.,17,4,0,0
0,no,SI,A,1,22,48,no,no,Hubo un asedio en la región.,"[0.97747802734375, 0.33739590644836426, 0.3570680618286133, 0.4212625026702881, 0.36962056159973145, 0.3419334888458252, 0.6345129013061523, 0.45431995391845703, 0.43747711181640625, 0.4352893829345703]",Carla asedió la ciudad en la región durante bastante tiempo.,17,5,0,0
0,no,SI,A,1,15,49,no,no,Lucia estuvo en una pelea de bar.,"[0.3551063537597656, 0.24043893814086914, 0.23354649543762207, 0.2497713565826416, 0.32891154289245605, 0.2830629348754883, 0.3034825325012207, 0.2750718593597412, 0.30539584159851074, 0.3670499324798584]",Lucía destrozó una oponente en el bar en diez minutos.,17,4,0,0
0,no,0,0,0,30,50,no,no,0,"[0.3011019229888916, 0.22941827774047852, 0.22602319717407227, 0.22836971282958984, 0.2292337417602539, 0.24403738975524902, 0.2333083152770996, 0.24467945098876953, 0.3281376361846924, 0.23816370964050293, 0.39444470405578613]",Carlos esperó a la furgoneta en la esquina durante una hora.,17,2,0,0
0,no,SI,A,1,32,51,no,no,Martin estaba en el hospital.,"[0.4664599895477295, 0.2198929786682129, 0.2420668601989746, 0.21684980392456055, 0.23860406875610352, 0.2758615016937256, 0.49620485305786133, 0.31328892707824707, 0.285966157913208, 0.28430724143981934, 0.34092044830322266]",Martín buscó a una médica en el hospital durante dos horas.,17,1,0,0
0,no,0,0,0,48,52,no,no,0,"[0.5545196533203125, 0.28120899200439453, 0.24527311325073242, 0.2730245590209961, 0.2583761215209961, 0.29825830459594727, 0.3121812343597412, 0.2806382179260254, 0.2938354015350342, 0.2782254219055176, 0.3257608413696289]",Samuel descubrió a una infiltrada en el museo en pocas horas.,17,1,0,0
0,no,0,0,0,40,53,no,no,0,"[0.4172208309173584, 0.28983163833618164, 0.2844271659851074, 0.3082313537597656, 0.2807278633117676, 0.2963285446166992, 0.29579591751098633, 0.2989330291748047, 0.3123195171356201, 0.36901259422302246]",Adrián percibió la sombra detrás de él durante algunos minutos.,17,5,0,0
0,no,0,0,0,38,54,no,no,0,"[0.5074822902679443, 0.27913951873779297, 0.2523026466369629, 0.599329948425293, 0.29589200019836426, 0.2680320739746094, 0.4400169849395752, 0.33876848220825195, 0.3804659843444824, 0.38097596168518066]",Unai amó la jovencita en su pueblo durante varios años.,17,3,0,0
0,no,SI,A,1,101,55,no,no,Maria y su hermana estaban en la biblioteca.,"[0.4366798400878906, 0.25038671493530273, 0.2503039836883545, 0.44619083404541016, 0.26433300971984863, 0.46592211723327637, 0.2536189556121826, 0.3022463321685791, 0.39365220069885254]",María dio el libro su hermana en la biblioteca.,17,0,0,0
0,no,NO,E,1,101,56,no,no,El profesor y los alumnos estaban fuera del aula.,"[0.4421977996826172, 0.2902822494506836, 0.5456957817077637, 0.3215761184692383, 0.3143575191497803, 0.26882219314575195, 0.24633121490478516, 0.2987051010131836, 0.45513296127319336]",El profesor explicó la lección los alumnos en clase.,17,0,0,0
0,no,0,0,0,35,57,no,no,0,"[0.46277952194213867, 0.18867897987365723, 0.3718082904815674, 0.18240761756896973, 0.343219518661499, 0.22651028633117676, 0.4890003204345703, 0.2857816219329834, 0.29816675186157227, 0.39663267135620117]",Carlos vigiló una niña en la habitación durante unas horas.,17,4,0,0
0,no,SI,A,1,8,58,no,no,Helena estaba en el patio.,"[0.4732179641723633, 0.2943110466003418, 0.28066158294677734, 0.23484277725219727, 0.3387885093688965, 0.3133535385131836, 0.31780076026916504, 0.41037607192993164, 0.3838529586791992, 0.593987226486206, 0.3701763153076172]",Helena colgó a la fotografía en el patio en cinco minutos.,17,2,0,0
0,no,0,0,0,100,59,no,no,0,"[0.4783644676208496, 0.3268918991088867, 0.2652735710144043, 0.23493480682373047, 0.25904059410095215, 0.25324392318725586, 0.24831008911132812, 0.2320859432220459, 0.28501415252685547, 0.43100786209106445]",El gato saltó a la mesa para robar la comida.,17,1,0,0
0,no,0,0,0,101,60,no,no,0,"[0.45906877517700195, 0.25524449348449707, 0.229386568069458, 0.2599763870239258, 0.2511253356933594, 0.2351093292236328, 0.6614737510681152, 0.5553305149078369]",Salimos temprano para evitar el tráfico la carretera.,17,2,0,0
0,no,0,0,0,100,61,no,no,0,"[0.45247936248779297, 0.24119329452514648, 0.21057558059692383, 0.20463824272155762, 0.22403287887573242, 0.2317507266998291, 0.2236785888671875, 0.2734827995300293, 0.3778502941131592, 0.4471580982208252]",Rosa recomendó un libro a su colega durante el almuerzo.,17,0,0,0
0,no,SI,A,1,39,62,no,no,Valeria fue a un concierto.,"[0.5973787307739258, 0.28513312339782715, 0.25455784797668457, 0.2419602870941162, 0.25458502769470215, 0.248032808303833, 0.25066542625427246, 0.24383115768432617, 0.24555611610412598, 0.3385910987854004, 0.4560985565185547]",Valeria admiró a una cantante en el teatro durante el concierto.,17,1,0,0
0,no,0,0,0,100,63,no,no,0,"[0.4810960292816162, 0.20539093017578125, 0.20705938339233398, 0.2538309097290039, 0.25901150703430176, 0.2296159267425537, 0.2268385887145996, 0.328338623046875, 0.28641748428344727]",Carlos estornudó fuerte en medio de la reunión ayer.,17,2,0,0
0,no,0,0,0,100,64,no,no,0,"[0.47644805908203125, 0.22624683380126953, 0.22151589393615723, 0.6185853481292725, 0.24277782440185547, 0.25336265563964844, 0.24377989768981934, 0.30185866355895996, 0.26843738555908203, 0.4117465019226074]",Miguel alquiló una bicicleta a un turista en la estación.,17,0,0,0
0,no,0,0,0,101,65,no,no,0,"[0.2797203063964844, 0.20393705368041992, 0.18655705451965332, 0.900954008102417, 0.3437612056732178, 0.29303884506225586, 0.26932787895202637, 0.3043553829193115, 0.34696459770202637, 0.3095133304595947]",El perro ladran fuerte cada vez que pasa un coche.,17,2,0,0
0,no,0,0,0,100,66,no,no,0,"[0.3331308364868164, 0.23905205726623535, 0.24471306800842285, 0.23400497436523438, 0.2449796199798584, 0.2032160758972168, 0.3103978633880615, 0.15499305725097656, 0.1431729793548584, 0.4812660217285156]",Los pájaros vuelan alto sobre los árboles en primavera alegre.,17,2,0,0
0,no,0,0,0,26,67,no,no,0,"[0.4950261116027832, 0.2500331401824951, 0.23477554321289062, 0.24234390258789062, 0.28773927688598633, 0.29816699028015137, 0.2726011276245117, 0.26221442222595215, 0.18244457244873047, 0.4362983703613281]",Juan escuchó una vecina en el balcón durante una noche.,17,4,0,0
0,no,0,0,0,42,68,no,no,0,"[0.5089578628540039, 0.20580124855041504, 0.23484277725219727, 0.35805583000183105, 0.2958369255065918, 0.2488417625427246, 0.2411649227142334, 0.2245786190032959, 0.5336971282958984, 0.3237802982330322]",Ismael encontró una conocida en la carretera en pocas horas.,17,4,0,0
0,no,NO,E,1,12,69,no,no,El combate duró varias horas.,"[0.40197110176086426, 0.5389165878295898, 0.3592395782470703, 0.28469371795654297, 0.4682013988494873, 0.33603811264038086, 0.31819891929626465, 0.34897685050964355, 0.31873011589050293, 0.45439600944519043]",Paula abatió la contrincante en el ring en pocos minutos.,17,3,0,0
0,no,0,0,0,10,70,no,no,0,"[0.4326655864715576, 0.3160107135772705, 0.5633819103240967, 0.27690887451171875, 0.26380300521850586, 0.280900239944458, 0.4535086154937744, 0.3153672218322754, 0.290086030960083, 0.29760003089904785, 0.29059886932373047]",Mateo eliminó a la carpeta en el banco en pocos segundos.,17,2,0,0
0,no,0,0,0,100,71,no,no,0,"[0.5479249954223633, 0.26913881301879883, 0.3373110294342041, 0.3024890422821045, 0.3146510124206543, 0.3986241817474365, 0.24885010719299316, 0.5279736518859863, 0.28298449516296387, 0.29331135749816895, 0.5392770767211914]",Me encontré inesperadamente a Paula en el tren de las siete.,17,1,0,0
0,no,NO,E,1,101,72,no,no,El dueño fue reconocido por su gato.,"[0.5367300510406494, 0.3347129821777344, 0.3612184524536133, 0.3405115604400635, 0.37113499641418457, 0.3237278461456299, 0.3215186595916748, 0.33355188369750977, 0.3522765636444092, 0.5401842594146729]",El perro corrió felizmente a su dueño cuando le reconoció.,17,1,0,0
0,no,0,0,0,24,73,no,no,0,"[0.43082594871520996, 0.2703056335449219, 0.26377105712890625, 0.2689676284790039, 0.29352283477783203, 0.28913211822509766, 0.3615150451660156, 0.2945432662963867, 0.29488587379455566, 0.41147828102111816]",Coral guió la decisión en el palacio en una hora.,17,5,0,0
0,no,SI,A,1,100,74,no,no,Ellos corren en el centro.,"[0.47922539710998535, 0.32378721237182617, 0.2871685028076172, 0.2965714931488037, 0.32712745666503906, 0.29473185539245605, 0.27594995498657227, 0.3114466667175293, 0.28733134269714355, 0.44104433059692383]",Ellos corren todas las mañanas por el parque del centro.,17,2,0,0
0,no,NO,E,1,100,75,no,no,Ayer fueron al teatro.,"[0.4517674446105957, 0.39017462730407715, 0.35642170906066895, 0.31575798988342285, 0.320629358291626, 0.3160405158996582, 0.30753374099731445, 0.3452136516571045, 0.5221390724182129]",Ayer fueron al cine a ver una película divertida.,17,2,0,0
0,no,NO,E,1,100,76,no,no,Viajan a Argentina cada invierno.,"[0.6730701923370361, 0.28661441802978516, 0.34603428840637207, 0.3577570915222168, 3.291637659072876, 0.46367716789245605, 0.7983195781707764, 0.44913411140441895, 0.46210241317749023]",Mis padres viajan en avión a Argentina cada verano.,17,1,0,0
0,no,SI,E,1,27,77,no,no,Felipe es presentador de teatro.,"[0.2320249080657959, 0.526294469833374, 0.3817112445831299, 0.2556579113006592, 0.29532361030578613, 0.2925539016723633, 0.3165130615234375, 0.2948489189147949, 0.2881951332092285, 0.3254280090332031, 0.24937844276428223]",Felipe anunció a una cantante en el escenario en cinco minutos.,17,1,0,0
0,no,SI,A,1,100,78,no,no,La cena se preparó en casa.,"[0.36240410804748535, 0.24163222312927246, 0.20002436637878418, 0.19791221618652344, 0.271106481552124, 0.27042245864868164, 0.23191356658935547, 0.2574787139892578, 0.2736344337463379, 0.26793789863586426, 0.426163911819458]",Mi madre preparó la cena a toda la familia en casa.,17,0,0,0
0,no,NO,E,1,34,79,no,no,Carmen vio una representación teatral.,"[0.4450352191925049, 0.3018646240234375, 0.27875757217407227, 0.2795982360839844, 0.26256871223449707, 0.22513079643249512, 0.2360539436340332, 0.2913508415222168, 0.2756612300872803, 0.5313858985900879]",Carmen odió la música en el cine durante la película.,17,5,0,0
0,no,NO,E,1,25,80,no,no,Pedro observó durante unos minutos.,"[0.4590165615081787, 0.19850778579711914, 0.22962498664855957, 0.21657967567443848, 0.2328495979309082, 0.25443100929260254, 0.21273088455200195, 0.2148284912109375, 0.2304220199584961, 0.2830345630645752, 0.31043457984924316]",Pedro observó a una secretaria en la oficina durante una hora.,17,1,0,0
0,no,0,0,0,101,81,no,no,0,"[0.4600808620452881, 0.2112119197845459, 0.19792723655700684, 0.2276160717010498, 0.46587586402893066, 0.2857184410095215, 0.27510857582092285, 0.2668585777282715, 0.252424955368042, 0.4079399108886719]",Mi primo viaja sola por Europa durante el verano próximo.,17,2,0,0
0,no,0,0,0,100,82,no,no,0,"[0.524083137512207, 0.276928186416626, 0.2737760543823242, 0.2877359390258789, 0.3170449733734131, 0.27802276611328125, 0.28998374938964844, 0.513866662979126, 0.26262354850769043, 0.3275423049926758]",Julia pasó la sal a su madre durante la cena.,17,0,0,0
0,no,0,0,0,19,83,no,no,0,"[0.3766639232635498, 0.2308337688446045, 0.43523716926574707, 0.49421024322509766, 0.5850241184234619, 0.6006081104278564, 0.626427412033081, 0.39162445068359375, 0.35291218757629395, 0.3629939556121826, 0.6148395538330078]",Lucas arrastró a la carreta en la calle por un tiempo.,17,2,0,0
0,no,SI,A,1,101,84,no,no,El camarero sonrió.,"[0.5029342174530029, 0.30182409286499023, 0.29920291900634766, 0.26277613639831543, 0.378695011138916, 0.48822855949401855, 0.37085795402526855, 0.28622937202453613, 0.3106725215911865, 0.33191585540771484, 0.48616504669189453]",El camarero trajo el cuenta a los clientes con una sonrisa.,17,0,0,0
0,no,SI,A,1,101,85,no,no,Ayer estudiaron matemáticas.,"[0.5217797756195068, 0.2877333164215088, 0.25361204147338867, 0.29077649116516113, 0.26306986808776855, 0.5474433898925781, 0.35407543182373047, 0.26793718338012695, 0.28630924224853516, 0.32751917839050293]",Nos sentamos juntos para estudiando matemáticas toda la tarde ayer.,17,2,0,0
0,no,0,0,0,100,86,no,no,0,"[0.38158702850341797, 0.2537667751312256, 0.24760150909423828, 0.40544581413269043, 0.2566843032836914, 0.26469898223876953, 0.260448694229126, 0.296891450881958, 0.35103559494018555, 0.8132760524749756]",El avión aterrizó sin problemas en el aeropuerto de Madrid.,17,2,0,0
0,no,0,0,0,5,87,no,no,0,"[0.544025182723999, 0.2750282287597656, 0.23343944549560547, 0.22544550895690918, 0.24071550369262695, 0.2401578426361084, 0.2343883514404297, 0.2654407024383545, 0.26691555976867676, 0.2509448528289795, 0.40703654289245605]",Manuel abrazó a la señora en el parque en pocos instantes.,17,0,0,0
0,no,NO,E,1,100,88,no,no,Andrés contó una historia,"[0.4122011661529541, 0.1758878231048584, 0.3207125663757324, 0.32473111152648926, 0.2513747215270996, 0.25894808769226074, 0.2483808994293213, 0.32225918769836426, 0.3012828826904297, 0.3362610340118408]",Andrés cantó una canción a su hija antes de acostarla.,17,0,0,0
0,no,NO,E,1,100,89,no,no,Lucía y su compañero estaban en el salón.,"[0.49996018409729004, 0.29534459114074707, 0.22822904586791992, 0.27497243881225586, 0.25760722160339355, 0.21820068359375, 0.26908040046691895, 0.25960779190063477, 0.2236800193786621, 0.35326123237609863]",Lucía ofreció un café a su compañero en la cocina.,17,0,0,0
0,no,0,0,0,13,90,no,no,0,"[0.7354576587677002, 0.25464367866516113, 0.24626922607421875, 0.2710239887237549, 0.22936224937438965, 0.25456666946411133, 0.22823810577392578, 0.30042529106140137, 0.2901725769042969, 0.24991822242736816, 0.24352192878723145]",Martina atropelló a la anciana en el aparcamiento en pocos minutos.,17,0,0,0
0,no,0,0,0,29,91,no,no,0,"[0.4964911937713623, 0.2727382183074951, 0.2522010803222656, 0.2760326862335205, 0.27735424041748047, 0.2848927974700928, 0.2734408378601074, 0.3021860122680664, 0.27341151237487793, 0.3636813163757324]",Alfonso miró la granjera en la colina durante dos horas.,17,3,0,0
0,no,0,0,0,100,92,no,no,0,"[0.4872322082519531, 0.2635838985443115, 0.30811119079589844, 0.277803897857666, 0.29253697395324707, 0.27331089973449707, 0.28148388862609863, 0.2993030548095703, 0.31874942779541016, 0.35123181343078613]",Estuvieron caminando a la orilla del mar toda la tarde.,17,1,0,0
0,no,SI,A,1,9,93,no,no,Había fuego en la plaza.,"[0.4983222484588623, 0.33379554748535156, 0.30710268020629883, 0.2763946056365967, 0.2972137928009033, 0.28107762336730957, 0.3002786636352539, 0.29309988021850586, 0.28971028327941895, 0.3159604072570801]",Carlos quemó una bruja en la plaza en pocos minutos.,17,4,0,0
0,no,0,0,0,23,94,no,no,0,"[0.42718005180358887, 0.2936861515045166, 0.2295997142791748, 0.30386996269226074, 0.32376742362976074, 0.2972557544708252, 0.7499029636383057, 0.4089362621307373, 0.279254674911499, 0.36585211753845215]",Daniel remolcó la enferma en la calle durante algunos minutos.,17,3,0,0
0,no,SI,A,1,100,95,no,no,El gato está sobre la manta cerca del sofá.,"[0.4415266513824463, 0.3145601749420166, 0.2952709197998047, 0.27483606338500977, 0.3422410488128662, 0.3005075454711914, 0.2637288570404053, 0.417478084564209, 0.2776498794555664, 0.30022168159484863]",El gato duerme tranquilo sobre la manta cerca del sofá.,17,2,0,0
0,no,0,0,0,100,96,no,no,0,"[0.48174357414245605, 0.2949395179748535, 0.2910313606262207, 0.25919532775878906, 0.2789947986602783, 0.2815062999725342, 0.2636373043060303, 0.2887578010559082, 0.3198978900909424, 0.4455420970916748, 0.5695106983184814]",Mi hermano vendió su coche a un amigo de la universidad.,17,0,0,0
0,no,NO,E,1,100,97,no,no,El autobus llegó puntual.,"[0.34528613090515137, 0.28444647789001465, 0.28957605361938477, 0.295306921005249, 0.24680876731872559, 0.27016711235046387, 0.32601404190063477, 0.2568955421447754, 0.24547028541564941, 0.48859715461730957, 0.4574565887451172]",El autobús llegó con retraso a la parada equivocada del centro.,17,1,0,0
0,no,SI,A,1,37,98,no,no,Isabel miraba por la ventana.,"[0.49216318130493164, 0.2718956470489502, 0.25281405448913574, 0.3064131736755371, 0.2825660705566406, 0.27473974227905273, 0.27210283279418945, 0.2652721405029297, 0.2546420097351074, 0.3184490203857422, 0.3342101573944092]",Isabel vió a la tormenta desde su ventana durante una mañana.,17,2,0,0
0,no,0,0,0,100,99,no,no,0,"[0.3573629856109619, 0.23167204856872559, 0.22938990592956543, 0.21134352684020996, 0.2922961711883545, 0.2502708435058594, 0.2821810245513916, 0.2729954719543457, 0.2759737968444824, 0.28513407707214355]",Isabel enseñó la receta a su prima en la cocina.,17,0,0,0
0,no,0,0,0,100,100,no,no,0,"[0.3358767032623291, 0.26625514030456543, 0.2800595760345459, 0.27616310119628906, 0.25850677490234375, 0.23866558074951172, 0.23224663734436035, 0.2407691478729248, 0.24683237075805664, 0.3197648525238037]",El anciano hablaba a solas consigo mismo en el jardín.,17,1,0,0
0,no,0,0,0,100,101,no,no,0,"[0.3996093273162842, 0.2740170955657959, 0.25092458724975586, 0.2391357421875, 0.27707982063293457, 0.29082393646240234, 0.28247690200805664, 0.4437427520751953, 0.40504908561706543, 0.47841691970825195]",El mensajero entregó el paquete a Marta en su casa.,17,0,0,0
0,no,0,0,0,47,102,no,no,0,"[0.3869009017944336, 0.27986979484558105, 0.26423001289367676, 0.29738759994506836, 0.3742227554321289, 0.2839803695678711, 0.7353136539459229, 0.4158649444580078, 0.3366360664367676, 0.37166619300842285, 0.43409132957458496]",Marta descartó a la sospecha en la selección en un día.,17,2,0,0
0,no,NO,E,1,100,103,no,no,El coche era azul.,"[0.36513423919677734, 0.2922976016998291, 0.27342724800109863, 0.29232001304626465, 0.28584814071655273, 0.28419923782348633, 0.3003077507019043, 0.2882399559020996, 0.29816102981567383, 0.5289506912231445]",El coche rojo aparcó frente a la casa de Marta.,17,2,0,0
0,no,0,0,0,21,104,no,no,0,"[0.4803779125213623, 0.2508969306945801, 0.23082566261291504, 0.32547903060913086, 0.28835034370422363, 0.3033299446105957, 0.3699216842651367, 0.31930041313171387, 0.2763519287109375, 0.32031702995300293, 0.3555126190185547]",Hugo apaleó a la rebelde en la calle durante varios minutos.,17,0,0,0
0,no,0,0,0,17,105,no,no,0,"[0.4587826728820801, 0.33788180351257324, 0.3118467330932617, 0.349637508392334, 0.29056549072265625, 0.30515074729919434, 0.3432185649871826, 0.2968637943267822, 0.34363746643066406, 0.2845010757446289]",Luis zarandeó la muñeca en la casa durante algunos minutos.,17,5,0,0
4,no,0,0,0,100,0,yes,yes,0,0,La conferencia empezará con puntualidad a las diez y media.,17,1,0,0
4,no,0,0,0,100,1,yes,yes,0,0,Los niños corrieron a la plaza con sus amigos.,17,1,0,0
4,no,0,0,0,100,2,yes,yes,0,0,El ladrón escapó a toda prisa por la puerta trasera.,17,1,0,0
4,no,NO,0,1,100,3,yes,yes,Llegaron a la universidad cuando ya estaba cerrada.,0,Los estudiantes llegaron a la universidad antes de que cerrara.,17,1,0,0
4,no,0,0,0,19,0,yes,no,0,0,Lucas arrastró a la víctima en la calle por un tiempo.,17,0,0,0
2,no,SI,0,1,3,1,yes,no,Lo que Pedro hizo fue un secuestro.,0,Pablo secuestró a una turista en el aeropuerto durante una hora.,17,1,0,0
1,no,0,0,0,47,2,yes,no,0,0,Marta descartó a una aspirante en la selección en un día.,17,1,0,0
4,no,0,0,0,48,3,yes,no,0,0,Samuel descubrió la tabla en el museo en pocas horas.,17,5,0,0
0,no,0,0,0,38,4,yes,no,0,0,Unai amó la jovencita en su pueblo durante varios años.,17,3,0,0
1,no,NO,0,1,25,5,yes,no,Pedro observó durante unos minutos.,0,Pedro observó una secretaria en la oficina durante una hora.,17,4,0,0
1,no,0,0,0,11,6,yes,no,0,0,Valeria neutralizó la criminal en la frontera en cinco minutos.,17,3,0,0
1,no,NO,0,1,6,7,yes,no,El beso tuvo lugar en un museo.,0,Francisco besó la novia en la iglesia durante unos segundos.,17,3,0,0
0,no,NO,0,1,34,8,yes,no,Carmen vio una representación teatral.,0,Carmen odió a la música en el cine durante la película.,17,2,0,0
3,no,0,0,0,4,9,yes,no,0,0,Jorge arrolló una ciclista en la calle en un segundo.,17,4,0,0
4,no,SI,0,1,0,10,yes,no,La acción tuvo lugar en la calle.,0,Juan golpeó a una actriz en la calle en diez segundos.,17,1,0,0
0,no,SI,0,1,32,11,yes,no,Martin estaba en el hospital.,0,Martín buscó a la escalera en el hospital durante dos horas.,17,2,0,0
3,no,SI,0,1,27,12,yes,no,Felipe es presentador de teatro.,0,Felipe anunció una cantante en el escenario en cinco minutos.,17,4,0,0
4,no,NO,0,1,46,13,yes,no,Alejandro estaba en el centro comercial.,0,Alejandro identificó la amenaza en el aeropuerto en dos horas.,17,5,0,0
3,no,NO,0,1,16,14,yes,no,La guerra duró más de dos años.,0,Valentina venció una adversaria en la guerra en dos años.,17,4,0,0
3,no,SI,0,1,28,15,yes,no,Anna estaba en la escuela.,0,Anna comprendió la maestra en la escuela en dos minutos.,17,3,0,0
1,no,0,0,0,44,16,yes,no,0,0,Martín detectó a la enfermedad en el hospital en dos minutos.,17,2,0,0
0,no,0,0,0,5,17,yes,no,0,0,Manuel abrazó una señora en el parque en pocos instantes.,17,4,0,0
1,no,0,0,0,29,18,yes,no,0,0,Alfonso miró una granjera en la colina durante dos horas.,17,4,0,0
2,no,0,0,0,35,19,yes,no,0,0,Carlos vigiló la operación en la habitación durante unas horas.,17,5,0,0
1,no,0,0,0,7,20,yes,no,0,0,Tomás empujó a la silla a la puerta en pocos segundos.,17,2,0,0
2,no,0,0,0,13,21,yes,no,0,0,Martina atropelló la anciana en el aparcamiento en pocos minutos.,17,3,0,0
4,no,SI,0,1,37,22,yes,no,Isabel miraba por la ventana.,0,Isabel vió a la estudiante desde su ventana durante una mañana.,17,0,0,0
4,no,0,0,0,40,23,yes,no,0,0,Adrián percibió la sombra detrás de él durante algunos minutos.,17,5,0,0
0,no,NO,0,1,18,24,yes,no,María iba en bicicleta.,0,María transportó la mochilera en la furgoneta durante un día.,17,3,0,0
1,no,NO,0,1,2,25,yes,no,La acción tuvo lugar en el parque.,0,Simón pateó una jugadora en la cancha en un instante.,17,4,0,0
4,no,SI,0,1,41,26,yes,no,Emma pasó semanas investigando.,0,Emma investigó la epidemia en la ciudad durante varias semanas.,17,5,0,0
4,no,SI,0,1,14,27,yes,no,Helena estaba en un campo de fútbol.,0,Helena derribó la barrera en el campo durante el partido.,17,5,0,0
2,no,0,0,0,33,28,yes,no,0,0,Marco imaginó a la amiga en la playa durante dos minutos.,17,0,0,0
3,no,0,0,0,30,29,yes,no,0,0,Carlos esperó una profesora en la esquina durante una hora.,17,4,0,0
4,no,SI,0,1,22,30,yes,no,Hubo un asedio en la región.,0,Carla asedió a una contrincante en la región durante bastante tiempo.,17,1,0,0
3,no,0,0,0,10,31,yes,no,0,0,Mateo eliminó a la rehén en el banco en pocos segundos.,17,0,0,0
1,no,0,0,0,42,32,yes,no,0,0,Ismael encontró a la dificultad en la carretera en pocas horas.,17,2,0,0
4,no,SI,0,1,15,33,yes,no,Lucia estaba en un bar.,0,Lucía destrozó la mesa en el bar en diez minutos.,17,5,0,0
0,no,0,0,0,45,34,yes,no,0,0,Gabriela localizó a la bodega en la ciudad en dos minutos.,17,2,0,0
4,no,NO,0,1,1,35,yes,no,Carlos tardó mucho en hacer el asalto.,0,Carlos asaltó a una conductora en el barrio en pocos instantes.,17,1,0,0
0,no,0,0,0,20,36,yes,no,0,0,Claudia maltrató la compañera en la casa durante varios años.,17,3,0,0
0,no,SI,0,1,9,37,yes,no,Había fuego en la plaza.,0,Carlos quemó a la página en la plaza en pocos minutos.,17,2,0,0
1,no,0,0,0,26,38,yes,no,0,0,Juan escuchó la vecina en el balcón durante una noche.,17,3,0,0
3,no,0,0,0,43,39,yes,no,0,0,Sofía conoció a la chica en el colegio en dos días.,17,0,0,0
4,no,0,0,0,21,40,yes,no,0,0,Hugo apaleó a una rebelde en la calle durante varios minutos.,17,1,0,0
3,no,0,0,0,24,41,yes,no,0,0,Coral guió a la turista en el palacio en una hora.,17,0,0,0
2,no,NO,0,1,31,42,yes,no,Miguel tuvo que esperar una semana.,0,Miguel recibió la caja en la casa en un día.,17,5,0,0
1,no,SI,0,1,8,43,yes,no,Helena estaba en el patio.,0,Helena colgó a la fotografía en el patio en cinco minutos.,17,2,0,0
4,no,0,0,0,23,44,yes,no,0,0,Daniel remolcó a una enferma en la calle durante algunos minutos.,17,1,0,0
2,no,0,0,0,49,45,yes,no,0,0,Alba mencionó la ciudad en el teatro tras varios minutos.,17,5,0,0
4,no,0,0,0,17,46,yes,no,0,0,Luis zarandeó a la mujer en la casa durante algunos minutos.,17,0,0,0
4,no,SI,0,1,39,47,yes,no,Valeria fue a un concierto.,0,Valeria admiró a la cantante en el teatro durante el concierto.,17,0,0,0
4,no,0,0,0,36,48,yes,no,0,0,Irene oyó a la niña en la sala durante una noche.,17,0,0,0
4,no,NO,0,1,12,49,yes,no,El combate duró varias horas.,0,Paula abatió a una contrincante en el ring en pocos minutos.,17,1,0,0
4,yes,NO,0,1,12,0,yes,no,El combate duró varias horas.,0,Lo que Claudia hizo a la compañera fue maltratarla.,17,6,0,0
4,yes,NO,0,1,12,1,yes,no,El combate duró varias horas.,0,Lo que Martina hizo a la anciana fue atropellarla.,17,6,0,0
4,yes,NO,0,1,12,2,yes,no,El combate duró varias horas.,0,Lo que Helena hizo a la futbolista fue derribarla.,17,6,0,0
3,yes,NO,0,1,12,3,yes,no,El combate duró varias horas.,0,Lo que Alfonso hizo a la granjera fue mirarla.,17,6,0,0
2,yes,NO,0,1,12,4,yes,no,El combate duró varias horas.,0,Lo que Alba hizo a la actriz fue mencionarla.,17,6,0,0
4,yes,NO,0,1,12,5,yes,no,El combate duró varias horas.,0,Lo que Carlos hizo a la bruja fue quemarla.,17,6,0,0
1,yes,NO,0,1,12,6,yes,no,El combate duró varias horas.,0,Lo que Alejandro hizo a la agresora fue identificarla.,17,6,0,0
1,yes,NO,0,1,12,7,yes,no,El combate duró varias horas.,0,Lo que Carmen hizo a la vendedora fue odiarla.,17,6,0,0
4,yes,NO,0,1,12,8,yes,no,El combate duró varias horas.,0,Lo que Valeria hizo a la criminal fue neutralizarla.,17,6,0,0
3,yes,NO,0,1,12,9,yes,no,El combate duró varias horas.,0,Lo que Samuel hizo a la infiltrada fue descubrirla.,17,6,0,0
4,yes,NO,0,1,12,10,yes,no,El combate duró varias horas.,0,Lo que Helena hizo a la criminal fue colgarla.,17,6,0,0
0,yes,NO,0,1,12,11,yes,no,El combate duró varias horas.,0,Lo que Ismael hizo a la conocida fue encontrarla.,17,6,0,0
4,yes,NO,0,1,12,12,yes,no,El combate duró varias horas.,0,Lo que Felipe hizo a la cantante fue anunciarla.,17,6,0,0
0,yes,NO,0,1,12,13,yes,no,El combate duró varias horas.,0,Lo que Irene hizo a la niña fue oírla.,17,6,0,0
4,yes,NO,0,1,12,14,yes,no,El combate duró varias horas.,0,Lo que Tomás hizo a la vieja fue empujarla.,17,6,0,0
4,yes,NO,0,1,12,15,yes,no,El combate duró varias horas.,0,Lo que Marta hizo a la aspirante fue descartarla.,17,6,0,0
4,yes,NO,0,1,12,16,yes,no,El combate duró varias horas.,0,Lo que Lucía hizo a la oponente fue destrozarla.,17,6,0,0
4,yes,NO,0,1,12,17,yes,no,El combate duró varias horas.,0,Lo que Mateo hizo a la rehén fue eliminarla.,17,6,0,0
4,yes,NO,0,1,12,18,yes,no,El combate duró varias horas.,0,Lo que Maria hizo a la mochilera fue transportarla.,17,6,0,0
1,yes,NO,0,1,12,19,yes,no,El combate duró varias horas.,0,Lo que Juan hizo a la vecina fue escucharla.,17,6,0,0
0,no,NO,E,1,100,0,no,yes,Llegaron a la universidad cuando ya estaba cerrada.,"[1.674760103225708, 1.0562241077423096, 0.9191603660583496, 0.7963137626647949, 0.6311380863189697, 0.6725289821624756, 0.6372718811035156, 0.6674962043762207, 0.723487377166748, 1.070082664489746]",Los estudiantes llegaron a la universidad antes de que cerrara.,18,1,0,1
0,no,0,0,0,100,1,no,yes,0,"[2.1322531700134277, 1.0009894371032715, 0.8103187084197998, 0.4214589595794678, 0.692673921585083, 0.43526363372802734, 0.3525824546813965, 0.41976237297058105, 0.3579890727996826, 0.48764801025390625]",La conferencia empezará con puntualidad a las diez y media.,18,1,0,1
0,no,0,0,0,100,2,no,yes,0,"[2.808771848678589, 0.765186071395874, 0.6128847599029541, 0.5641968250274658, 0.5482823848724365, 0.5907900333404541, 0.43085527420043945, 0.358412504196167, 0.4549601078033447, 0.9524214267730713]",El ladrón escapó a toda prisa por la puerta trasera.,18,1,0,1
0,no,0,0,0,100,3,no,yes,0,"[2.6818606853485107, 0.8756721019744873, 0.5183484554290771, 0.3769686222076416, 0.6025431156158447, 0.8291604518890381, 0.38355112075805664, 0.36623167991638184, 0.43380308151245117]",Los niños corrieron a la plaza con sus amigos.,18,1,0,1
0,no,0,0,0,23,0,no,no,0,"[0.807398796081543, 1.0971426963806152, 0.4616711139678955, 0.4190254211425781, 1.6996886730194092, 0.3476734161376953, 0.9909179210662842, 0.4782276153564453, 0.6299288272857666, 2.09647798538208]",Daniel remolcó una enferma en la calle durante algunos minutos.,18,4,0,1
0,no,0,0,0,100,1,no,no,0,"[1.2583279609680176, 0.6207342147827148, 0.6364305019378662, 0.47151708602905273, 0.8197743892669678, 0.38514137268066406, 0.3560640811920166, 0.6116862297058105, 0.4008605480194092, 0.3349916934967041, 0.6092369556427002]",El técnico reparó el ordenador a un cliente en la tienda.,18,0,0,1
0,no,0,0,0,101,2,no,no,0,"[1.031254768371582, 0.4634242057800293, 0.9402217864990234, 0.6442086696624756, 1.9675767421722412, 0.39293479919433594, 0.45824265480041504, 0.36218905448913574, 0.4787278175354004, 0.5076310634613037]",Mi primo viaja sola por Europa durante el verano próximo.,18,2,0,1
0,no,NO,E,1,100,3,no,no,Andrés contó una historia,"[0.6364920139312744, 0.5521183013916016, 0.46371960639953613, 0.6460175514221191, 0.44854736328125, 0.4177255630493164, 0.46253061294555664, 1.0203630924224854, 0.8596312999725342, 0.8095450401306152]",Andrés cantó una canción a su hija antes de acostarla.,18,0,0,1
0,no,NO,E,1,100,4,no,no,El autobus llegó puntual.,"[0.6187450885772705, 0.7708184719085693, 0.5162613391876221, 0.4628784656524658, 0.561840295791626, 0.5203359127044678, 0.4496026039123535, 0.5659914016723633, 1.4618661403656006, 0.15659832954406738, 0.20581746101379395]",El autobús llegó con retraso a la parada equivocada del centro.,18,1,0,1
0,no,NO,E,1,2,5,no,no,La acción tuvo lugar en el parque.,"[0.9257936477661133, 0.6665632724761963, 0.5073959827423096, 0.4074678421020508, 0.7375423908233643, 0.3938779830932617, 0.3365287780761719, 2.232858896255493, 0.31418824195861816, 0.3192746639251709, 1.0298967361450195]",Simón pateó a la pelota en la cancha en un instante.,18,2,0,1
0,no,SI,A,1,32,6,no,no,Martin estaba en el hospital.,"[0.7283589839935303, 1.000711441040039, 0.8535199165344238, 0.4605104923248291, 4.067381858825684, 0.4342381954193115, 0.5152661800384521, 1.5815815925598145, 0.5681328773498535, 3.1272549629211426, 0.48435497283935547]",Martín buscó a la médica en el hospital durante dos horas.,18,0,0,1
0,no,0,0,0,21,7,no,no,0,"[0.7219138145446777, 1.4690322875976562, 0.3922996520996094, 0.36035895347595215, 2.28064227104187, 0.4692955017089844, 0.42668938636779785, 1.697488784790039, 0.30466580390930176, 1.4809882640838623, 0.4182281494140625]",Hugo apaleó a la rebelde en la calle durante varios minutos.,18,0,0,1
0,no,SI,A,1,100,8,no,no,Laura se fue a Inglaterra.,"[0.7346706390380859, 1.1508710384368896, 0.8489279747009277, 0.6065213680267334, 1.068222999572754, 1.039616584777832, 1.5499904155731201, 1.2386510372161865, 0.5836293697357178, 0.3505268096923828]",Laura se fue de vacaciones a Londres la semana pasada.,18,1,0,1
0,no,0,0,0,44,9,no,no,0,"[2.4890356063842773, 0.38668060302734375, 0.44623279571533203, 1.3826162815093994, 0.39107680320739746, 0.32918238639831543, 0.9843249320983887, 0.35169100761413574, 0.5546896457672119, 2.269031524658203]",Martín detectó la intrusa en el hospital en dos minutos.,18,3,0,1
0,no,SI,A,1,100,10,no,no,Ana estaba en la biblioteca.,"[0.5708200931549072, 1.4014606475830078, 0.42397499084472656, 0.4571371078491211, 1.1317684650421143, 0.2674746513366699, 0.901073694229126, 0.5234405994415283, 0.9169538021087646, 0.7618732452392578]",Nos encontramos con Ana después de clase en la biblioteca.,18,2,0,1
0,no,NO,E,1,100,11,no,no,El niño juega solo en el parque.,"[0.5292894840240479, 0.49692225456237793, 2.3404712677001953, 0.3417329788208008, 0.4254775047302246, 4.469709396362305, 0.3914332389831543, 0.3379194736480713, 0.5810024738311768, 0.4377152919769287]",El niño juega en el parque con su mejor amigo.,18,2,0,1
0,no,NO,E,1,100,12,no,no,Lucía y su compañero estaban en el salón.,"[0.7861552238464355, 0.3505115509033203, 0.45214319229125977, 0.6515352725982666, 0.2982316017150879, 0.3464381694793701, 0.9426515102386475, 0.26410651206970215, 0.33026885986328125, 0.636897087097168]",Lucía ofreció un café a su compañero en la cocina.,18,0,0,1
0,no,SI,A,1,37,13,no,no,Isabel miraba por la ventana.,"[0.5907597541809082, 0.2811596393585205, 1.700972080230713, 1.1261944770812988, 0.29395246505737305, 0.5502297878265381, 1.0670859813690186, 1.498661756515503, 0.30475425720214844, 1.2911860942840576]",Isabel vió la tormenta desde su ventana durante una mañana.,18,5,0,1
0,no,0,0,0,101,14,no,no,0,"[0.9881453514099121, 0.3213667869567871, 0.7031576633453369, 0.991762638092041, 0.35622382164001465, 0.32382678985595703, 2.2406880855560303, 0.5684239864349365, 0.47131919860839844, 3.5982208251953125]",Sara contó la historia a sus hijo antes de dormir.,18,0,0,1
0,no,NO,E,1,12,15,no,no,El combate duró varias horas.,"[0.5743403434753418, 0.9005377292633057, 0.353013277053833, 0.3361475467681885, 1.9810574054718018, 0.37556004524230957, 0.7876968383789062, 1.0605525970458984, 0.3352961540222168, 0.5834369659423828, 1.4783031940460205]",Paula abatió a la contrincante en el ring en pocos minutos.,18,0,0,1
0,no,0,0,0,29,16,no,no,0,"[0.6959855556488037, 0.6150386333465576, 0.606856107711792, 0.8412642478942871, 0.835228443145752, 0.39428067207336426, 0.3123016357421875, 1.0303704738616943, 0.41974854469299316, 0.5408520698547363, 1.2976186275482178]",Alfonso miró a la estrella en la colina durante dos horas.,18,2,0,1
0,no,0,0,0,26,17,no,no,0,"[1.0148828029632568, 0.7427237033843994, 1.3570971488952637, 0.3645339012145996, 0.9615941047668457, 0.28852128982543945, 0.32831668853759766, 1.4036195278167725, 2.930314064025879, 0.3054633140563965, 0.6784508228302002]",Juan escuchó a una vecina en el balcón durante una noche.,18,1,0,1
0,no,0,0,0,101,18,no,no,0,"[0.7957677841186523, 0.5941190719604492, 0.7447643280029297, 1.1211357116699219, 0.913602352142334, 0.3243751525878906, 0.3279225826263428, 0.9115397930145264, 0.7477786540985107]",Marta baila salsa con entusiasmo en las fiesta grandes.,18,2,0,1
0,no,0,0,0,100,19,no,no,0,"[0.9081084728240967, 0.7451217174530029, 0.24768471717834473, 1.2337822914123535, 0.2191791534423828, 0.8262059688568115, 0.9319074153900146, 2.2641658782958984, 0.6061160564422607, 0.5200340747833252]",Rosa recomendó un libro a su colega durante el almuerzo.,18,0,0,1
0,no,0,0,0,100,20,no,no,0,"[0.5613048076629639, 0.6660528182983398, 0.3660259246826172, 0.41664886474609375, 1.3757402896881104, 0.3449747562408447, 0.34253716468811035, 1.0846953392028809, 0.26227569580078125, 1.1646928787231445, 0.9948339462280273]",Mi hermano vendió su coche a un amigo de la universidad.,18,0,0,1
0,no,0,0,0,100,21,no,no,0,"[0.860443115234375, 0.6944408416748047, 0.41852259635925293, 1.5321569442749023, 0.24253487586975098, 0.47842931747436523, 1.0107476711273193, 0.20222091674804688, 0.4049670696258545, 1.2627570629119873]",Isabel enseñó la receta a su prima en la cocina.,18,0,0,1
0,no,0,0,0,11,22,no,no,0,"[1.0220448970794678, 0.755347728729248, 0.32513928413391113, 0.5904133319854736, 0.27112436294555664, 0.3141446113586426, 2.6587741374969482, 0.2987558841705322, 0.29923582077026367, 0.8074760437011719]",Valeria neutralizó una criminal en la frontera en cinco minutos.,18,4,0,1
0,no,0,0,0,19,23,no,no,0,"[0.3575019836425781, 1.1216392517089844, 0.21393489837646484, 0.9283912181854248, 0.15802860260009766, 0.35738492012023926, 0.8427188396453857, 0.18220162391662598, 1.0889027118682861, 0.6403424739837646]",Lucas arrastró la víctima en la calle por un tiempo.,18,3,0,1
0,no,0,0,0,101,24,no,no,0,"[0.6261615753173828, 0.3900468349456787, 0.5121526718139648, 0.2691032886505127, 1.9477827548980713, 0.9907159805297852, 0.508333683013916, 0.35486745834350586, 0.4383561611175537]",Me gusta caminar la ciudad cuando hace buen tiempo.,18,2,0,1
0,no,NO,A,1,101,25,no,no,Luis envió un paquete a su hermano.,"[0.5936462879180908, 0.33359622955322266, 1.3905036449432373, 1.3864648342132568, 0.45043253898620605, 0.33290886878967285, 0.5282766819000244, 0.3774755001068115, 0.6186320781707764]",Luis envíe un paquete a su primo en Alemania.,18,0,0,1
0,no,0,0,0,100,26,no,no,0,"[0.646681547164917, 1.0914080142974854, 0.8248693943023682, 0.6533703804016113, 1.3659579753875732, 0.4219667911529541, 0.5548851490020752, 0.8730118274688721, 0.6257565021514893, 0.7467925548553467]",Vamos caminando todos los días a pie hasta el colegio.,18,1,0,1
0,no,NO,E,1,46,27,no,no,Alejandro estaba en el centro comercial.,"[1.0195271968841553, 0.6661145687103271, 0.5896267890930176, 0.9530723094940186, 0.644334077835083, 0.6202771663665771, 1.1243045330047607, 0.6143693923950195, 0.5921287536621094, 1.0525248050689697]",Alejandro identificó la agresora en el aeropuerto en dos horas.,18,3,0,1
0,no,SI,A,1,100,28,no,no,Ana escribió la carta desde la playa.,"[0.6240980625152588, 0.5379834175109863, 0.7586154937744141, 0.6137566566467285, 0.603318452835083, 0.5059232711791992, 0.42319345474243164, 0.7707326412200928, 0.5722830295562744, 1.114168405532837]",Ana escribió una carta a su abuela desde la playa.,18,0,0,1
0,no,0,0,0,100,29,no,no,0,"[0.5129013061523438, 0.7013001441955566, 0.542708158493042, 0.5204315185546875, 0.5715916156768799, 0.5015554428100586, 0.44414782524108887, 0.4828166961669922, 0.878664493560791]",Carlos estornudó fuerte en medio de la reunión ayer.,18,2,0,1
0,no,NO,E,1,31,30,no,no,Miguel tuvo que esperar una semana.,"[0.572716236114502, 0.5077147483825684, 0.5044388771057129, 0.9036238193511963, 0.41266465187072754, 0.6036736965179443, 0.5002543926239014, 0.6375088691711426, 0.4079132080078125, 0.43579649925231934]",Miguel recibió la invitada en la casa en un día.,18,3,0,1
0,no,NO,E,1,100,31,no,no,El coche era azul.,"[0.5795042514801025, 0.6076326370239258, 0.6171526908874512, 0.5497875213623047, 0.6555931568145752, 0.5791504383087158, 0.5403749942779541, 0.505328893661499, 0.4428126811981201, 0.5666954517364502]",El coche rojo aparcó frente a la casa de Marta.,18,2,0,1
0,no,0,0,0,101,32,no,no,0,"[0.4980044364929199, 0.48426246643066406, 2.8744564056396484, 0.4584801197052002, 0.427992582321167, 0.3828859329223633, 0.469041109085083, 0.42069435119628906, 0.389218807220459, 0.6716957092285156]",El perro ladran fuerte cada vez que pasa un coche.,18,2,0,1
0,no,NO,E,1,101,33,no,no,El profesor y los alumnos estaban fuera del aula.,"[1.0219213962554932, 0.54158616065979, 1.2974236011505127, 0.7863011360168457, 0.7297585010528564, 1.0092523097991943, 1.0976176261901855, 0.9662613868713379, 3.9941351413726807]",El profesor explicó la lección los alumnos en clase.,18,0,0,1
0,no,SI,A,1,101,34,no,no,El bebé sonrió a su madre.,"[0.7007138729095459, 0.6409354209899902, 1.8034255504608154, 0.8220915794372559, 0.9414498805999756, 0.5902712345123291, 0.602797269821167, 0.5995347499847412, 0.6009678840637207, 1.4719972610473633]",El bebé sonreí dulcemente a su madre desde la cuna.,18,1,0,1
0,no,0,0,0,13,35,no,no,0,"[0.5184023380279541, 0.6252608299255371, 0.8047654628753662, 0.43107128143310547, 0.831775426864624, 0.5905330181121826, 0.5282998085021973, 2.087398052215576, 0.4271278381347656, 1.238208532333374, 0.46852684020996094]",Martina atropelló a una anciana en el aparcamiento en pocos minutos.,18,1,0,1
0,no,0,0,0,4,36,no,no,0,"[0.5820214748382568, 0.7799530029296875, 0.5559511184692383, 0.5314810276031494, 0.8232097625732422, 0.4942033290863037, 0.4148988723754883, 0.5457513332366943, 0.6034760475158691, 0.6389143466949463, 1.2562053203582764]",Jorge arrolló a la valla en la calle en un segundo.,18,2,0,1
0,no,0,0,0,20,37,no,no,0,"[0.8069255352020264, 0.8617615699768066, 0.5609831809997559, 0.4554626941680908, 0.6670417785644531, 0.515709400177002, 0.40000271797180176, 1.4285008907318115, 0.46859121322631836, 0.45109987258911133, 0.3756842613220215]",Claudia maltrató a la camiseta en la casa durante varios años.,18,2,0,1
0,no,0,0,0,30,38,no,no,0,"[0.6481142044067383, 1.1244888305664062, 0.7863790988922119, 0.6393601894378662, 0.7129566669464111, 0.32805490493774414, 0.5910732746124268, 0.6037561893463135, 0.6560878753662109, 1.2053148746490479]",Carlos esperó la furgoneta en la esquina durante una hora.,18,5,0,1
0,no,SI,A,1,22,39,no,no,Hubo un asedio en la región.,"[0.5916681289672852, 1.2701008319854736, 0.39346814155578613, 0.9276492595672607, 1.1836864948272705, 0.7096846103668213, 0.6435165405273438, 0.6351053714752197, 0.4681367874145508, 0.4950096607208252]",Carla asedió una contrincante en la región durante bastante tiempo.,18,4,0,1
0,no,SI,A,1,101,40,no,no,Ayer estudiaron matemáticas.,"[0.7631590366363525, 0.5558912754058838, 0.6347615718841553, 0.5977833271026611, 1.2238571643829346, 0.9383680820465088, 0.9872620105743408, 0.5120940208435059, 0.5259783267974854, 1.2126612663269043]",Nos sentamos juntos para estudiando matemáticas toda la tarde ayer.,18,2,0,1
0,no,NO,E,1,6,41,no,no,El beso tuvo lugar en un museo.,"[0.9353694915771484, 0.7310163974761963, 0.570324182510376, 0.7052328586578369, 1.0706512928009033, 0.7164962291717529, 0.5439913272857666, 0.6623804569244385, 0.6332931518554688, 0.6557152271270752, 0.6344163417816162]",Francisco besó a una novia en la iglesia durante unos segundos.,18,1,0,1
0,no,0,0,0,101,42,no,no,0,"[0.572512149810791, 1.7481417655944824, 0.4685494899749756, 0.9786603450775146, 0.7130389213562012, 0.5870733261108398, 0.5185973644256592, 0.5833559036254883, 0.6179618835449219]",La película empiezan exactamente a las ocho en punto.,18,1,0,1
0,no,0,0,0,42,43,no,no,0,"[0.5537364482879639, 1.0842294692993164, 0.785541296005249, 0.5364203453063965, 0.4474344253540039, 0.6168510913848877, 0.5870671272277832, 0.5685806274414062, 0.47287535667419434, 0.49872398376464844, 0.4209141731262207]",Ismael encontró a la dificultad en la carretera en pocas horas.,18,2,0,1
0,no,0,0,0,101,44,no,no,0,"[0.5098445415496826, 0.5337386131286621, 0.5891010761260986, 0.5697853565216064, 0.7817525863647461, 0.4555025100708008, 0.4941694736480713, 0.47770047187805176, 0.49815821647644043, 0.5203537940979004]",Jorge compró un regalo su novia en el centro comercial.,18,0,0,1
0,no,0,0,0,101,45,no,no,0,"[0.5569033622741699, 0.4709639549255371, 0.5421135425567627, 1.1094589233398438, 1.1119410991668701, 0.44047069549560547, 0.42363810539245605, 0.4083850383758545, 0.3621385097503662, 0.8204941749572754]",María se despertó sobresaltado a los gritos de su hermano.,18,1,0,1
0,no,0,0,0,7,46,no,no,0,"[0.7860908508300781, 0.6469001770019531, 0.34828853607177734, 0.3496694564819336, 0.9054615497589111, 0.8538150787353516, 0.389603853225708, 0.5035881996154785, 0.7231638431549072, 0.40691566467285156, 0.371295690536499]",Tomás empujó a una vieja a la puerta en pocos segundos.,18,1,0,1
0,no,0,0,0,17,47,no,no,0,"[0.38469886779785156, 0.9301378726959229, 0.5089418888092041, 0.5404713153839111, 0.7516529560089111, 0.48087143898010254, 0.42031025886535645, 0.4141056537628174, 0.4134976863861084, 0.8367869853973389]",Luis zarandeó una mujer en la casa durante algunos minutos.,18,4,0,1
0,no,0,0,0,100,48,no,no,0,"[0.7075107097625732, 0.4657292366027832, 0.40148138999938965, 0.632124662399292, 0.39343857765197754, 0.49547290802001953, 0.5401175022125244, 0.4663393497467041, 0.7434918880462646, 0.6184203624725342]",Julia pasó la sal a su madre durante la cena.,18,0,0,1
0,no,0,0,0,100,49,no,no,0,"[0.6920113563537598, 0.6423342227935791, 0.6681783199310303, 0.5418848991394043, 0.5346229076385498, 0.5692522525787354, 0.5295271873474121, 0.36183643341064453, 0.6835262775421143, 0.6966516971588135]",El anciano hablaba a solas consigo mismo en el jardín.,18,1,0,1
0,no,0,0,0,101,50,no,no,0,"[0.4592316150665283, 0.5653879642486572, 0.4784696102142334, 0.6683802604675293, 0.5156795978546143, 0.7013990879058838, 0.6429262161254883, 0.475675106048584, 1.1211097240447998, 1.2148017883300781]",El jefe convocó urgentemente a reunión a todos el empleados.,18,1,0,1
0,no,NO,E,1,1,51,no,no,Carlos tardó mucho en hacer el asalto.,"[2.779510021209717, 1.70088529586792, 0.5638532638549805, 0.5201852321624756, 0.6136953830718994, 0.6168186664581299, 0.5336160659790039, 0.6817994117736816, 0.5478086471557617, 0.5106661319732666, 0.8643946647644043]",Carlos asaltó a una conductora en el barrio en pocos instantes.,18,1,0,1
0,no,NO,E,1,16,52,no,no,La guerra duró más de dos años.,"[0.8289635181427002, 0.6082549095153809, 0.4715311527252197, 0.5116994380950928, 0.7485659122467041, 0.5787577629089355, 0.5186910629272461, 0.8530709743499756, 0.3620157241821289, 0.609036922454834, 0.49100613594055176]",Valentina venció a la adversaria en la guerra en dos años.,18,0,0,1
0,no,0,0,0,47,53,no,no,0,"[0.6753952503204346, 1.028653860092163, 0.529740571975708, 0.5184569358825684, 0.7732768058776855, 0.5848510265350342, 0.6067955493927002, 0.47136902809143066, 0.5490245819091797, 0.483562707901001]",Marta descartó la sospecha en la selección en un día.,18,5,0,1
0,no,SI,A,1,100,54,no,no,El gato está sobre la manta cerca del sofá.,"[0.7092328071594238, 0.54353928565979, 0.515749454498291, 0.6519143581390381, 0.5069200992584229, 0.5849006175994873, 0.5546109676361084, 0.45368075370788574, 0.4901103973388672, 0.3789834976196289]",El gato duerme tranquilo sobre la manta cerca del sofá.,18,2,0,1
0,no,NO,E,1,18,55,no,no,María iba en bicicleta.,"[0.9332988262176514, 0.5489890575408936, 0.5415306091308594, 0.5793228149414062, 0.816753625869751, 0.7250776290893555, 0.5185561180114746, 0.46367955207824707, 0.47350192070007324, 0.45207738876342773, 0.6861653327941895]",María transportó a la mochilera en la furgoneta durante un día.,18,0,0,1
0,no,SI,A,1,0,56,no,no,La acción tuvo lugar en la calle.,"[0.46924304962158203, 0.6430561542510986, 0.5841629505157471, 0.4709961414337158, 0.4248640537261963, 0.43528079986572266, 0.5453329086303711, 0.3784656524658203, 0.6259424686431885, 1.2066526412963867]",Juan golpeó la piedra en la calle en diez segundos.,18,5,0,1
0,no,NO,E,1,100,57,no,no,El tren llegó con retraso.,"[0.5903749465942383, 0.6680426597595215, 0.4455299377441406, 0.5156540870666504, 0.5036492347717285, 0.6229932308197021, 0.5420897006988525, 0.5311846733093262, 0.442960262298584, 0.5482196807861328]",El tren llegó puntual a la estación bajo la lluvia.,18,2,0,1
0,no,SI,A,1,3,58,no,no,Lo que Pedro hizo fue un secuestro.,"[0.5035066604614258, 0.6184988021850586, 0.4787254333496094, 0.8821845054626465, 0.4053971767425537, 0.36333441734313965, 0.43538594245910645, 0.5730400085449219, 0.42194509506225586, 0.4840528964996338]",Pablo secuestró una turista en el aeropuerto durante una hora.,18,4,0,1
0,no,0,0,0,33,59,no,no,0,"[0.4891042709350586, 0.7380967140197754, 0.572371244430542, 0.40950822830200195, 0.45119237899780273, 0.44759631156921387, 0.4270915985107422, 0.5248491764068604, 0.47397923469543457, 0.4220004081726074, 0.40949392318725586]",Marco imaginó a la amiga en la playa durante dos minutos.,18,0,0,1
0,no,SI,A,1,101,60,no,no,Clara fue a la farmacia con su hermana.,"[0.5537688732147217, 0.36868762969970703, 0.8068344593048096, 0.3745381832122803, 1.6407711505889893, 0.5452947616577148, 0.8073925971984863, 0.6681807041168213, 0.6879844665527344, 0.6444451808929443, 0.9085474014282227]",Clara fue con su hermanas a la farmacia después del desayuno.,18,1,0,1
0,no,0,0,0,10,61,no,no,0,"[1.0626463890075684, 0.6021740436553955, 0.6379489898681641, 1.3602654933929443, 3.8306660652160645, 1.1204676628112793, 1.3570282459259033, 0.6193132400512695, 0.7465713024139404, 0.6542572975158691]",Mateo eliminó una rehén en el banco en pocos segundos.,18,4,0,1
0,no,0,0,0,100,62,no,no,0,"[0.5073683261871338, 0.5322532653808594, 0.674138069152832, 0.6921510696411133, 0.21652007102966309, 5.301836967468262, 0.5126283168792725, 0.37292027473449707, 0.6858730316162109, 0.5134804248809814]",Los pájaros vuelan alto sobre los árboles en primavera alegre.,18,2,0,1
0,no,NO,E,1,100,63,no,no,Viajan a Argentina cada invierno.,"[0.641944408416748, 0.6251246929168701, 0.5918569564819336, 0.6910800933837891, 0.4944186210632324, 0.7031924724578857, 0.7064957618713379, 0.6262283325195312, 1.2589457035064697]",Mis padres viajan en avión a Argentina cada verano.,18,1,0,1
0,no,0,0,0,101,64,no,no,0,"[0.5544557571411133, 0.5944457054138184, 0.5185205936431885, 0.49085259437561035, 0.6673908233642578, 0.6257898807525635, 0.543067455291748, 0.701826810836792]",Salimos temprano para evitar el tráfico la carretera.,18,2,0,1
0,no,SI,A,1,100,65,no,no,Ellos corren en el centro.,"[0.9829723834991455, 1.7045137882232666, 1.1262848377227783, 0.4042239189147949, 0.43506622314453125, 0.40976858139038086, 0.6801726818084717, 0.558089017868042, 0.41148805618286133, 0.5272266864776611]",Ellos corren todas las mañanas por el parque del centro.,18,2,0,1
0,no,SI,A,1,8,66,no,no,Helena estaba en el patio.,"[0.8023419380187988, 0.6603899002075195, 0.46014952659606934, 0.4590456485748291, 0.7084271907806396, 0.40274596214294434, 0.4151113033294678, 0.7307593822479248, 0.5866744518280029, 0.44416236877441406, 1.0238656997680664]",Helena colgó a una criminal en el patio en cinco minutos.,18,1,0,1
0,no,0,0,0,100,67,no,no,0,"[0.5046091079711914, 0.6333870887756348, 0.8360002040863037, 0.4866602420806885, 0.8713610172271729, 0.6447763442993164, 0.5724978446960449, 1.5432558059692383, 0.427905797958374, 0.3875572681427002, 0.7496116161346436]",El jefe asignó una tarea a cada empleado en la reunión.,18,0,0,1
0,no,0,0,0,38,68,no,no,0,"[0.8959853649139404, 0.610248327255249, 0.7378280162811279, 0.5604674816131592, 0.5513265132904053, 0.5053379535675049, 0.37582993507385254, 0.5602226257324219, 0.48357081413269043, 0.8877770900726318, 0.3239758014678955]",Unai amó a la jovencita en su pueblo durante varios años.,18,0,0,1
0,no,0,0,0,40,69,no,no,0,"[0.5355806350708008, 0.1351184844970703, 1.1681928634643555, 0.37746238708496094, 0.4011826515197754, 0.48035597801208496, 0.4861025810241699, 0.4049031734466553, 0.9648604393005371, 0.44487595558166504, 0.36716198921203613]",Adrián percibió a una mujer detrás de él durante algunos minutos.,18,1,0,1
0,no,0,0,0,49,70,no,no,0,"[0.7429354190826416, 0.9140021800994873, 0.8546848297119141, 0.6258316040039062, 0.5493009090423584, 0.6384851932525635, 0.4307546615600586, 0.5493519306182861, 0.4884018898010254, 0.6733322143554688]",Alba mencionó la actriz en el teatro tras varios minutos.,18,3,0,1
0,no,0,0,0,45,71,no,no,0,"[0.8699636459350586, 0.6068558692932129, 0.48526978492736816, 0.7091736793518066, 0.7506289482116699, 0.5627741813659668, 1.0477283000946045, 0.3715481758117676, 0.35876011848449707, 0.6283185482025146]",Gabriela localizó la amiga en la ciudad en dos minutos.,18,3,0,1
0,no,SI,A,1,101,72,no,no,El camarero sonrió.,"[1.0072987079620361, 0.7708029747009277, 0.6142380237579346, 0.7269246578216553, 0.7722864151000977, 0.6198208332061768, 0.7026340961456299, 0.5014557838439941, 0.5065934658050537, 0.6122341156005859, 0.7782866954803467]",El camarero trajo el cuenta a los clientes con una sonrisa.,18,0,0,1
0,no,NO,E,1,101,73,no,no,LLegaron a casa después del aconecher.,"[0.4849419593811035, 0.588127851486206, 0.6672067642211914, 0.4289052486419678, 0.9298458099365234, 0.38019776344299316, 0.44861865043640137, 0.5666012763977051, 0.3465895652770996, 0.6013331413269043]",Los campesinos llegaron cansado a casa justo antes del anochecer.,18,1,0,1
0,no,0,0,0,48,74,no,no,0,"[0.7110388278961182, 0.7726080417633057, 0.638007402420044, 0.6498727798461914, 0.5180978775024414, 0.5880997180938721, 0.6287035942077637, 0.5149552822113037, 0.5079057216644287, 0.8704574108123779]",Samuel descubrió la tabla en el museo en pocas horas.,18,5,0,1
0,no,0,0,0,36,75,no,no,0,"[0.7201516628265381, 0.855241060256958, 0.611088752746582, 0.5716521739959717, 0.4826686382293701, 0.44905638694763184, 0.4525749683380127, 0.5092368125915527, 0.4419107437133789, 0.5004394054412842]",Irene oyó una niña en la sala durante una noche.,18,4,0,1
0,no,0,0,0,100,76,no,no,0,"[0.5359070301055908, 0.8321065902709961, 0.5724363327026367, 0.619295597076416, 0.7339646816253662, 0.7850537300109863, 0.5393338203430176, 0.5554385185241699, 0.5602223873138428, 0.5546343326568604, 0.7678070068359375]",La lluvia cayó fuerte sobre el techo durante toda la noche.,18,2,0,1
0,no,NO,E,1,100,77,no,no,Ayer fueron al teatro.,"[0.5938065052032471, 0.7849249839782715, 0.5913441181182861, 0.5552399158477783, 0.5104067325592041, 0.5400567054748535, 0.44739341735839844, 0.540809154510498, 0.9980113506317139]",Ayer fueron al cine a ver una película divertida.,18,2,0,1
0,no,SI,A,1,41,78,no,no,Emma pasó semanas investigando.,"[0.5927581787109375, 0.7250580787658691, 0.47214412689208984, 0.5811753273010254, 0.8904585838317871, 0.4572873115539551, 0.5230405330657959, 0.5188868045806885, 0.5110914707183838, 0.5203022956848145, 0.9433820247650146]",Emma investigó a la empresaria en la ciudad durante varias semanas.,18,0,0,1
0,no,0,0,0,100,79,no,no,0,"[0.46860599517822266, 0.5162596702575684, 0.6059985160827637, 0.7430036067962646, 0.629981517791748, 0.5639915466308594, 0.5737268924713135, 0.5636250972747803, 0.47822070121765137, 0.8403213024139404]",El gato saltó a la mesa para robar la comida.,18,1,0,1
0,no,SI,A,1,27,80,no,no,Felipe es presentador de teatro.,"[0.7663917541503906, 0.4936511516571045, 0.552314281463623, 0.5416553020477295, 0.9874382019042969, 0.738323450088501, 0.583207368850708, 1.6224501132965088, 0.3942577838897705, 0.4206511974334717, 0.4062528610229492]",Felipe anunció a la actuación en el escenario en cinco minutos.,18,2,0,1
0,no,0,0,0,101,81,no,no,0,"[0.7095961570739746, 0.7042407989501953, 0.5690815448760986, 0.6738834381103516, 0.6066110134124756, 0.9859633445739746, 0.5790262222290039, 0.4498426914215088, 0.6051242351531982]",Pedro devolvió el libro la biblioteca el lunes pasado.,18,0,0,1
0,no,0,0,0,35,82,no,no,0,"[0.719963550567627, 0.6316807270050049, 0.5939304828643799, 0.7549927234649658, 0.15708613395690918, 0.7977688312530518, 1.1486217975616455, 0.8084471225738525, 0.9381864070892334, 0.6675918102264404]",Carlos vigiló una niña en la habitación durante unas horas.,18,4,0,1
0,no,0,0,0,5,83,no,no,0,"[0.83148193359375, 0.7466320991516113, 0.377518892288208, 0.5793492794036865, 1.040031909942627, 0.6564335823059082, 0.4063286781311035, 0.6244680881500244, 0.814469575881958, 0.47127509117126465, 0.6767911911010742]",Manuel abrazó a la señora en el parque en pocos instantes.,18,0,0,1
0,no,0,0,0,101,84,no,no,0,"[0.730421781539917, 0.6675388813018799, 0.6791210174560547, 0.5549657344818115, 0.5111658573150635, 0.5474550724029541, 0.546288013458252, 0.687241792678833, 0.4435122013092041, 1.5642976760864258]",Laura mostró las fotos a sus amigas en la parque.,18,0,0,1
0,no,0,0,0,100,85,no,no,0,"[0.5268416404724121, 0.6396758556365967, 0.7420828342437744, 0.6268389225006104, 0.46651124954223633, 0.6232843399047852, 0.43023204803466797, 0.43764710426330566, 0.5679948329925537, 0.6242036819458008]",El niño duerme tranquilo en su cama todas las noches.,18,2,0,1
0,no,SI,A,1,15,86,no,no,Lucia estuvo en una pelea de bar.,"[0.4551084041595459, 0.6068525314331055, 0.39389872550964355, 0.15836429595947266, 1.1731979846954346, 0.4104177951812744, 0.13604259490966797, 0.618039608001709, 0.4416019916534424, 0.4411890506744385]",Lucía destrozó la oponente en el bar en diez minutos.,18,3,0,1
0,no,NO,E,1,101,87,no,no,El dueño fue reconocido por su gato.,"[0.7483768463134766, 0.6477463245391846, 0.6459455490112305, 0.7035665512084961, 0.5396320819854736, 0.5560879707336426, 0.5084481239318848, 0.5601301193237305, 0.5209610462188721, 0.5477635860443115]",El perro corrió felizmente a su dueño cuando le reconoció.,18,1,0,1
0,no,0,0,0,100,88,no,no,0,"[0.9496393203735352, 0.6585583686828613, 0.5591411590576172, 0.5007133483886719, 0.624187707901001, 0.6054055690765381, 0.45760035514831543, 0.15256476402282715, 0.5508322715759277, 0.494814395904541]",Estuvieron caminando a la orilla del mar toda la tarde.,18,1,0,1
0,no,0,0,0,100,89,no,no,0,"[0.44030189514160156, 0.5466089248657227, 0.12101030349731445, 0.6966269016265869, 0.6775517463684082, 0.4203038215637207, 0.530510425567627, 0.4957144260406494, 0.6517596244812012]",El viento soplaba fuerte durante la tormenta de anoche.,18,2,0,1
0,no,NO,E,1,34,90,no,no,Carmen vio una representación teatral.,"[0.8630390167236328, 0.5468964576721191, 0.5794627666473389, 0.5644040107727051, 0.46115899085998535, 0.5392270088195801, 0.4748821258544922, 0.5273895263671875, 0.4575231075286865, 0.5093402862548828]",Carmen odió la música en el cine durante la película.,18,5,0,1
0,no,0,0,0,43,91,no,no,0,"[0.58915114402771, 0.5807020664215088, 0.4847126007080078, 0.45920872688293457, 0.5443000793457031, 0.5736470222473145, 0.6139218807220459, 0.5698862075805664, 0.12313699722290039, 0.9948644638061523, 0.487323522567749]",Sofía conoció a la verdad en el colegio en dos días.,18,2,0,1
0,no,SI,A,1,28,92,no,no,Anna estaba en la escuela.,"[0.6213974952697754, 0.7138760089874268, 0.3946700096130371, 0.47686290740966797, 0.6485199928283691, 0.4507014751434326, 0.4804532527923584, 0.6005916595458984, 0.48537659645080566, 0.4852733612060547, 0.4768519401550293]",Anna comprendió a una maestra en la escuela en dos minutos.,18,1,0,1
0,no,0,0,0,100,93,no,no,0,"[0.5523271560668945, 0.5475325584411621, 0.7119028568267822, 0.4255552291870117, 0.39165496826171875, 0.44866418838500977, 0.48053526878356934, 0.41049885749816895, 0.39737367630004883, 0.42457151412963867]",Miguel alquiló una bicicleta a un turista en la estación.,18,0,0,1
0,no,SI,A,1,14,94,no,no,Helena estaba en un campo de fútbol.,"[0.8649494647979736, 0.8923332691192627, 0.5248541831970215, 0.5337660312652588, 0.5177185535430908, 0.462047815322876, 0.4773569107055664, 0.5890114307403564, 0.5187158584594727, 0.4830636978149414]",Helena derribó la barrera en el campo durante el partido.,18,5,0,1
0,no,0,0,0,100,95,no,no,0,"[0.5329337120056152, 0.544090747833252, 0.9662182331085205, 0.9363203048706055, 0.8438982963562012, 0.9819254875183105, 0.5459506511688232, 0.7073299884796143, 0.37276530265808105, 0.3859267234802246, 0.5928909778594971]",Me encontré inesperadamente a Paula en el tren de las siete.,18,1,0,1
0,no,SI,A,1,101,96,no,no,Maria y su hermana estaban en la biblioteca.,"[0.6249403953552246, 0.564185380935669, 0.39085936546325684, 0.435469388961792, 0.458484411239624, 0.4927215576171875, 0.36336731910705566, 0.38256049156188965, 0.9390976428985596]",María dio el libro su hermana en la biblioteca.,18,0,0,1
0,no,0,0,0,100,97,no,no,0,"[0.4169492721557617, 0.5207111835479736, 0.2963089942932129, 0.33980774879455566, 0.4674217700958252, 0.3211853504180908, 0.3201406002044678, 0.354672908782959, 0.32231831550598145, 0.39022278785705566]",El avión aterrizó sin problemas en el aeropuerto de Madrid.,18,2,0,1
0,no,0,0,0,100,98,no,no,0,"[0.4116520881652832, 0.3572988510131836, 0.5594425201416016, 0.293179988861084, 0.38152432441711426, 0.32590651512145996, 0.36470675468444824, 0.31815099716186523, 0.2972555160522461, 0.36173009872436523]",El mensajero entregó el paquete a Marta en su casa.,18,0,0,1
0,no,0,0,0,24,99,no,no,0,"[0.4031209945678711, 0.46387624740600586, 0.3288888931274414, 0.3768129348754883, 0.3852419853210449, 0.3213224411010742, 0.3067140579223633, 0.33407068252563477, 0.3288533687591553, 0.36289119720458984]",Coral guió la turista en el palacio en una hora.,18,3,0,1
0,no,SI,A,1,39,100,no,no,Valeria fue a un concierto.,"[0.8528945446014404, 0.40177011489868164, 0.40044355392456055, 0.6653470993041992, 0.3360595703125, 0.36029529571533203, 0.5392324924468994, 0.4287691116333008, 0.5117354393005371, 0.39815187454223633]",Valeria admiró la escenografía en el teatro durante el concierto.,18,5,0,1
0,no,NO,E,1,101,101,no,no,El avión despegó con retraso.,"[0.44849443435668945, 0.35706114768981934, 0.5798916816711426, 0.32653284072875977, 0.3676161766052246, 0.3429694175720215, 0.3402221202850342, 0.46169376373291016, 0.313720703125, 0.4384768009185791]",El avión despegó puntualmente a la siete de la mañana.,18,1,0,1
0,no,No,E,1,100,102,no,no,El bebé dormía plácidamente.,"[0.4714224338531494, 0.5921952724456787, 1.0051295757293701, 0.6313831806182861, 0.40895819664001465, 0.39100050926208496, 0.4954867362976074, 0.3711254596710205, 0.48285341262817383, 1.506713628768921]",El bebé lloraba constantemente durante la noche sin razón aparente.,18,2,0,1
0,no,NO,E,1,25,103,no,no,Pedro observó durante unos minutos.,"[0.40340590476989746, 0.4626963138580322, 0.34143877029418945, 0.42047810554504395, 0.3043358325958252, 0.386615514755249, 0.33913707733154297, 0.3514416217803955, 0.442004919052124, 0.6755399703979492]",Pedro observó la planta en la oficina durante una hora.,18,5,0,1
0,no,SI,A,1,9,104,no,no,Había fuego en la plaza.,"[0.3836069107055664, 0.4469645023345947, 0.34281444549560547, 0.35796546936035156, 0.5637543201446533, 0.31984853744506836, 0.39185452461242676, 0.46753740310668945, 0.41381263732910156, 0.4006693363189697, 0.3713648319244385]",Carlos quemó a la página en la plaza en pocos minutos.,18,2,0,1
0,no,SI,A,1,100,105,no,no,La cena se preparó en casa.,"[0.39538121223449707, 0.4985473155975342, 0.6186094284057617, 0.38695311546325684, 0.3619868755340576, 0.32204580307006836, 0.39940762519836426, 0.5627946853637695, 0.3682711124420166, 0.3449409008026123, 0.5971012115478516]",Mi madre preparó la cena a toda la familia en casa.,18,0,0,1
4,no,0,0,0,100,0,yes,yes,0,0,Los niños corrieron a la plaza con sus amigos.,18,1,0,1
4,no,0,0,0,100,1,yes,yes,0,0,La conferencia empezará con puntualidad a las diez y media.,18,1,0,1
4,no,NO,0,1,100,2,yes,yes,Llegaron a la universidad cuando ya estaba cerrada.,0,Los estudiantes llegaron a la universidad antes de que cerrara.,18,1,0,1
4,no,0,0,0,100,3,yes,yes,0,0,El ladrón escapó a toda prisa por la puerta trasera.,18,1,0,1
4,no,0,0,0,48,0,yes,no,0,0,Samuel descubrió a la infiltrada en el museo en pocas horas.,18,0,0,1
3,no,0,0,0,42,1,yes,no,0,0,Ismael encontró la dificultad en la carretera en pocas horas.,18,5,0,1
2,no,0,0,0,4,2,yes,no,0,0,Jorge arrolló la ciclista en la calle en un segundo.,18,3,0,1
2,no,SI,0,1,8,3,yes,no,Helena estaba en el patio.,0,Helena colgó a la fotografía en el patio en cinco minutos.,18,2,0,1
4,no,NO,0,1,6,4,yes,no,El beso tuvo lugar en un museo.,0,Francisco besó a una novia en la iglesia durante unos segundos.,18,1,0,1
2,no,SI,0,1,0,5,yes,no,La acción tuvo lugar en la calle.,0,Juan golpeó a la piedra en la calle en diez segundos.,18,2,0,1
4,no,SI,0,1,15,6,yes,no,Lucia estuvo en una pelea de bar.,0,Lucía destrozó a la oponente en el bar en diez minutos.,18,0,0,1
4,no,0,0,0,21,7,yes,no,0,0,Hugo apaleó a una rebelde en la calle durante varios minutos.,18,1,0,1
2,no,0,0,0,36,8,yes,no,0,0,Irene oyó a la discusión en la sala durante una noche.,18,2,0,1
4,no,SI,0,1,32,9,yes,no,Martin estaba en el hospital.,0,Martín buscó la escalera en el hospital durante dos horas.,18,5,0,1
4,no,0,0,0,45,10,yes,no,0,0,Gabriela localizó la bodega en la ciudad en dos minutos.,18,5,0,1
2,no,NO,0,1,25,11,yes,no,Pedro observó durante unos minutos.,0,Pedro observó a la planta en la oficina durante una hora.,18,2,0,1
2,no,0,0,0,33,12,yes,no,0,0,Marco imaginó a la amiga en la playa durante dos minutos.,18,0,0,1
3,no,SI,0,1,22,13,yes,no,Hubo un asedio en la región.,0,Carla asedió la contrincante en la región durante bastante tiempo.,18,3,0,1
1,no,0,0,0,38,14,yes,no,0,0,Unai amó a la jovencita en su pueblo durante varios años.,18,0,0,1
1,no,0,0,0,10,15,yes,no,0,0,Mateo eliminó la carpeta en el banco en pocos segundos.,18,5,0,1
2,no,SI,0,1,3,16,yes,no,Lo que Pedro hizo fue un secuestro.,0,Pablo secuestró la camioneta en el aeropuerto durante una hora.,18,5,0,1
2,no,0,0,0,35,17,yes,no,0,0,Carlos vigiló la niña en la habitación durante unas horas.,18,3,0,1
4,no,0,0,0,26,18,yes,no,0,0,Juan escuchó la alarma en el balcón durante una noche.,18,5,0,1
4,no,0,0,0,5,19,yes,no,0,0,Manuel abrazó a la señora en el parque en pocos instantes.,18,0,0,1
1,no,0,0,0,11,20,yes,no,0,0,Valeria neutralizó la criminal en la frontera en cinco minutos.,18,3,0,1
0,no,SI,0,1,27,21,yes,no,Felipe es presentador de teatro.,0,Felipe anunció a la actuación en el escenario en cinco minutos.,18,2,0,1
4,no,0,0,0,19,22,yes,no,0,0,Lucas arrastró la carreta en la calle por un tiempo.,18,5,0,1
4,no,NO,0,1,31,23,yes,no,Miguel tuvo que esperar una semana.,0,Miguel recibió a una invitada en la casa en un día.,18,1,0,1
2,no,NO,0,1,34,24,yes,no,Carmen vio una representación teatral.,0,Carmen odió la vendedora en el cine durante la película.,18,3,0,1
1,no,0,0,0,43,25,yes,no,0,0,Sofía conoció a la chica en el colegio en dos días.,18,0,0,1
3,no,NO,0,1,16,26,yes,no,La guerra duró más de dos años.,0,Valentina venció una adversaria en la guerra en dos años.,18,4,0,1
0,no,0,0,0,7,27,yes,no,0,0,Tomás empujó a la silla a la puerta en pocos segundos.,18,2,0,1
1,no,0,0,0,29,28,yes,no,0,0,Alfonso miró una granjera en la colina durante dos horas.,18,4,0,1
2,no,NO,0,1,18,29,yes,no,María iba en bicicleta.,0,María transportó una mochilera en la furgoneta durante un día.,18,4,0,1
2,no,0,0,0,30,30,yes,no,0,0,Carlos esperó una profesora en la esquina durante una hora.,18,4,0,1
1,no,0,0,0,13,31,yes,no,0,0,Martina atropelló la anciana en el aparcamiento en pocos minutos.,18,3,0,1
2,no,0,0,0,47,32,yes,no,0,0,Marta descartó la sospecha en la selección en un día.,18,5,0,1
4,no,SI,0,1,41,33,yes,no,Emma pasó semanas investigando.,0,Emma investigó a una empresaria en la ciudad durante varias semanas.,18,1,0,1
4,no,0,0,0,40,34,yes,no,0,0,Adrián percibió una mujer detrás de él durante algunos minutos.,18,4,0,1
0,no,SI,0,1,28,35,yes,no,Anna estaba en la escuela.,0,Anna comprendió la maestra en la escuela en dos minutos.,18,3,0,1
1,no,NO,0,1,1,36,yes,no,Carlos tardó mucho en hacer el asalto.,0,Carlos asaltó a la camioneta en el barrio en pocos instantes.,18,2,0,1
3,no,0,0,0,20,37,yes,no,0,0,Claudia maltrató la camiseta en la casa durante varios años.,18,5,0,1
3,no,0,0,0,17,38,yes,no,0,0,Luis zarandeó una mujer en la casa durante algunos minutos.,18,4,0,1
1,no,SI,0,1,9,39,yes,no,Había fuego en la plaza.,0,Carlos quemó a la página en la plaza en pocos minutos.,18,2,0,1
3,no,0,0,0,49,40,yes,no,0,0,Alba mencionó a la actriz en el teatro tras varios minutos.,18,0,0,1
4,no,NO,0,1,2,41,yes,no,La acción tuvo lugar en el parque.,0,Simón pateó a una jugadora en la cancha en un instante.,18,1,0,1
0,no,SI,0,1,37,42,yes,no,Isabel miraba por la ventana.,0,Isabel vió la estudiante desde su ventana durante una mañana.,18,3,0,1
4,no,SI,0,1,39,43,yes,no,Valeria fue a un concierto.,0,Valeria admiró a la cantante en el teatro durante el concierto.,18,0,0,1
4,no,NO,0,1,46,44,yes,no,Alejandro estaba en el centro comercial.,0,Alejandro identificó a la agresora en el aeropuerto en dos horas.,18,0,0,1
2,no,0,0,0,23,45,yes,no,0,0,Daniel remolcó a una enferma en la calle durante algunos minutos.,18,1,0,1
2,no,0,0,0,24,46,yes,no,0,0,Coral guió a una turista en el palacio en una hora.,18,1,0,1
4,no,0,0,0,44,47,yes,no,0,0,Martín detectó una intrusa en el hospital en dos minutos.,18,4,0,1
4,no,SI,0,1,14,48,yes,no,Helena estaba jugando un partido de fútbol.,0,Helena derribó una futbolista en el campo durante el partido.,18,4,0,1
4,no,NO,0,1,12,49,yes,no,El combate duró varias horas.,0,Paula abatió a una contrincante en el ring en pocos minutos.,18,1,0,1
4,yes,NO,0,1,12,0,yes,no,El combate duró varias horas.,0,Lo que Francisco hizo a la novia fue besarla.,18,6,0,1
4,yes,NO,0,1,12,1,yes,no,El combate duró varias horas.,0,Lo que Pedro hizo a la secretaria fue observarla.,18,6,0,1
4,yes,NO,0,1,12,2,yes,no,El combate duró varias horas.,0,Lo que Ismael hizo a la conocida fue encontrarla.,18,6,0,1
4,yes,NO,0,1,12,3,yes,no,El combate duró varias horas.,0,Lo que Irene hizo a la niña fue oírla.,18,6,0,1
4,yes,NO,0,1,12,4,yes,no,El combate duró varias horas.,0,Lo que Valeria hizo a la cantante fue admirarla.,18,6,0,1
4,yes,NO,0,1,12,5,yes,no,El combate duró varias horas.,0,Lo que Paula hizo a la contrincante fue abatirla.,18,6,0,1
4,yes,NO,0,1,12,6,yes,no,El combate duró varias horas.,0,Lo que Carmen hizo a la vendedora fue odiarla.,18,6,0,1
4,yes,NO,0,1,12,7,yes,no,El combate duró varias horas.,0,Lo que Unai hizo a la jovencita fue amarla.,18,6,0,1
4,yes,NO,0,1,12,8,yes,no,El combate duró varias horas.,0,Lo que Coral hizo a la turista fue guiarla.,18,6,0,1
4,yes,NO,0,1,12,9,yes,no,El combate duró varias horas.,0,Lo que Maria hizo a la mochilera fue transportarla.,18,6,0,1
4,yes,NO,0,1,12,10,yes,no,El combate duró varias horas.,0,Lo que Felipe hizo a la cantante fue anunciarla.,18,6,0,1
4,yes,NO,0,1,12,11,yes,no,El combate duró varias horas.,0,Lo que Pablo hizo a la turista fue secuestrarla.,18,6,0,1
4,yes,NO,0,1,12,12,yes,no,El combate duró varias horas.,0,Lo que Marco hizo a la amiga fue imaginarla.,18,6,0,1
4,yes,NO,0,1,12,13,yes,no,El combate duró varias horas.,0,Lo que Martín hizo a la médica fue buscarla.,18,6,0,1
4,yes,NO,0,1,12,14,yes,no,El combate duró varias horas.,0,Lo que Lucas hizo a la víctima fue arrastrarla.,18,6,0,1
4,yes,NO,0,1,12,15,yes,no,El combate duró varias horas.,0,Lo que Martina hizo a la anciana fue atropellarla.,18,6,0,1
4,yes,NO,0,1,12,16,yes,no,El combate duró varias horas.,0,Lo que Juan le hizo a la actriz fue golpearla.,18,6,0,1
4,yes,NO,0,1,12,17,yes,no,El combate duró varias horas.,0,Lo que Hugo hizo a la rebelde fue apalearla.,18,6,0,1
4,yes,NO,0,1,12,18,yes,no,El combate duró varias horas.,0,Lo que Martín hizo a la intrusa fue detectarla.,18,6,0,1
4,yes,NO,0,1,12,19,yes,no,El combate duró varias horas.,0,Lo que Carla hizo a la contrincante fue asediarla.,18,6,0,1
0,no,0,0,0,100,0,no,yes,0,"[1.9467110633850098, 4.530464172363281, 0.7137923240661621, 0.7964520454406738, 0.5932087898254395, 0.6000552177429199, 0.5802769660949707, 0.5852794647216797, 0.5271720886230469, 1.112410545349121]",El ladrón escapó a toda prisa por la puerta trasera.,19,1,0,1
0,no,NO,A,1,100,1,no,yes,Llegaron a la universidad cuando ya estaba cerrada.,"[0.789100170135498, 0.6393938064575195, 0.5884401798248291, 0.5192768573760986, 0.5674796104431152, 0.5781776905059814, 0.6568443775177002, 0.5465879440307617, 0.5471348762512207, 0.7486124038696289]",Los estudiantes llegaron a la universidad antes de que cerrara.,19,1,0,1
0,no,0,0,0,100,2,no,yes,0,"[0.8112125396728516, 0.7496297359466553, 0.6553711891174316, 0.5055959224700928, 0.665618896484375, 0.6848349571228027, 0.5924263000488281, 0.6706850528717041, 0.7911889553070068]",Los niños corrieron a la plaza con sus amigos.,19,1,0,1
0,no,0,0,0,100,3,no,yes,0,"[0.966484546661377, 0.7412943840026855, 0.6843841075897217, 0.6909840106964111, 0.6679604053497314, 0.6167252063751221, 0.7117516994476318, 0.6261413097381592, 0.5805482864379883, 0.6980841159820557]",La conferencia empezará con puntualidad a las diez y media.,19,1,0,1
0,no,0,0,0,48,0,no,no,0,"[1.0572850704193115, 0.6920454502105713, 0.8284380435943604, 0.6002151966094971, 0.9476954936981201, 0.5694990158081055, 1.1715936660766602, 0.7122757434844971, 0.5257101058959961, 0.6250431537628174]",Samuel descubrió la tabla en el museo en pocas horas.,19,5,0,1
0,no,0,0,0,40,1,no,no,0,"[0.7708683013916016, 0.6236903667449951, 0.669710636138916, 0.558081865310669, 0.8361396789550781, 0.7263343334197998, 0.5610837936401367, 0.5892655849456787, 0.6356966495513916, 0.8382446765899658, 0.7272124290466309]",Adrián percibió a una mujer detrás de él durante algunos minutos.,19,1,0,1
0,no,0,0,0,20,2,no,no,0,"[0.7578513622283936, 0.7142035961151123, 0.5906145572662354, 0.7122881412506104, 0.6705961227416992, 0.639955997467041, 0.6433768272399902, 0.7121891975402832, 0.7387979030609131, 1.3708996772766113]",Claudia maltrató la camiseta en la casa durante varios años.,19,5,0,1
0,no,SI,A,1,37,3,no,no,Isabel miraba por la ventana.,"[0.9322352409362793, 0.6955394744873047, 0.6519646644592285, 0.649599552154541, 0.7986652851104736, 0.6723299026489258, 0.6869409084320068, 0.6467905044555664, 0.6733436584472656, 0.6576395034790039, 0.791450023651123]",Isabel vió a la tormenta desde su ventana durante una mañana.,19,2,0,1
0,no,0,0,0,47,4,no,no,0,"[0.6764721870422363, 0.6977493762969971, 0.664879560470581, 0.6277470588684082, 0.7246644496917725, 0.8322064876556396, 0.7373707294464111, 1.2278203964233398, 0.7266421318054199, 0.7660284042358398, 0.8458995819091797]",Marta descartó a la aspirante en la selección en un día.,19,0,0,1
0,no,SI,A,1,0,5,no,no,La acción tuvo lugar en la calle.,"[0.7799868583679199, 0.8118770122528076, 0.6096513271331787, 0.5847666263580322, 0.6457977294921875, 0.5778331756591797, 0.6861381530761719, 1.027791976928711, 0.8277840614318848, 1.096308946609497, 0.7750117778778076]",Juan golpeó a la piedra en la calle en diez segundos.,19,2,0,1
0,no,0,0,0,100,6,no,no,0,"[0.6587216854095459, 0.6693246364593506, 0.7007100582122803, 0.7043774127960205, 0.6564090251922607, 0.6623706817626953, 0.6952242851257324, 0.7115907669067383, 0.6417713165283203, 0.8443982601165771]",Isabel enseñó la receta a su prima en la cocina.,19,0,0,1
0,no,0,0,0,101,7,no,no,0,"[0.846815824508667, 0.6908915042877197, 0.6818883419036865, 0.6617934703826904, 0.8489534854888916, 0.701815128326416, 0.7506074905395508, 0.6604931354522705, 0.5809934139251709, 1.4334375858306885]",Jorge compró un regalo su novia en el centro comercial.,19,0,0,1
0,no,0,0,0,29,8,no,no,0,"[0.7742934226989746, 0.6731219291687012, 0.678868293762207, 0.7561204433441162, 0.7120468616485596, 0.5858988761901855, 0.6334655284881592, 0.8183941841125488, 0.4634273052215576, 0.5674223899841309]",Alfonso miró la estrella en la colina durante dos horas.,19,5,0,1
0,no,SI,A,1,101,9,no,no,Ayer estudiaron matemáticas.,"[0.6151413917541504, 0.5244576930999756, 0.5433757305145264, 0.46497297286987305, 1.4777123928070068, 0.7376279830932617, 0.6022112369537354, 0.7653510570526123, 0.545712947845459, 0.7515153884887695]",Nos sentamos juntos para estudiando matemáticas toda la tarde ayer.,19,2,0,1
0,no,0,0,0,100,10,no,no,0,"[0.647221565246582, 0.6829979419708252, 0.694542646408081, 0.6182358264923096, 0.6966822147369385, 0.6326477527618408, 0.5785319805145264, 0.6925134658813477, 0.8302969932556152, 0.6563687324523926, 1.6628732681274414]",Me encontré inesperadamente a Paula en el tren de las siete.,19,1,0,1
0,no,0,0,0,101,11,no,no,0,"[0.5589327812194824, 0.5878453254699707, 0.6607508659362793, 0.7204799652099609, 0.6103048324584961, 0.6402361392974854, 0.6782126426696777, 0.5365781784057617, 1.0629854202270508, 1.6065640449523926]",El jefe convocó urgentemente a reunión a todos el empleados.,19,1,0,1
0,no,0,0,0,100,12,no,no,0,"[0.7084622383117676, 0.6135551929473877, 1.1624562740325928, 0.6980235576629639, 0.6483325958251953, 0.6729576587677002, 0.6718120574951172, 0.5084700584411621, 0.7239701747894287, 0.7462019920349121]",El mensajero entregó el paquete a Marta en su casa.,19,0,0,1
0,no,NO,E,1,1,13,no,no,Carlos tardó mucho en hacer el asalto.,"[0.6487202644348145, 0.6472976207733154, 0.612210750579834, 0.7082059383392334, 0.8262088298797607, 0.6289348602294922, 0.7322659492492676, 0.7170701026916504, 0.678476095199585, 1.400702953338623]",Carlos asaltó la conductora en el barrio en pocos instantes.,19,3,0,1
0,no,0,0,0,10,14,no,no,0,"[0.5670394897460938, 0.5505239963531494, 0.5808708667755127, 0.5576610565185547, 0.5565576553344727, 0.6612606048583984, 0.5989134311676025, 0.6429533958435059, 0.6356885433197021, 0.7352995872497559, 0.7224540710449219]",Mateo eliminó a una rehén en el banco en pocos segundos.,19,1,0,1
0,no,SI,A,1,8,15,no,no,Helena estaba en el patio.,"[0.808253288269043, 0.7190775871276855, 0.542015552520752, 0.6381552219390869, 1.481356143951416, 0.5817484855651855, 0.6735584735870361, 0.9052021503448486, 0.6454598903656006, 0.6028552055358887, 0.6649003028869629]",Helena colgó a la fotografía en el patio en cinco minutos.,19,2,0,1
0,no,NO,E,1,100,16,no,no,El tren llegó con retraso.,"[0.4833037853240967, 0.4153921604156494, 0.48140549659729004, 0.5177454948425293, 0.5352802276611328, 0.45627498626708984, 0.6664736270904541, 0.7624819278717041, 0.8711884021759033, 1.0415544509887695]",El tren llegó puntual a la estación bajo la lluvia.,19,2,0,1
0,no,0,0,0,100,17,no,no,0,"[0.5468153953552246, 0.5830135345458984, 0.7859869003295898, 0.7692718505859375, 0.6684448719024658, 0.7429122924804688, 0.6460158824920654, 0.9334120750427246, 0.5549869537353516, 0.6614501476287842]",Los pájaros vuelan alto sobre los árboles en primavera alegre.,19,2,0,1
0,no,0,0,0,100,18,no,no,0,"[1.3036510944366455, 0.618077278137207, 0.7845430374145508, 0.5962123870849609, 0.7197458744049072, 0.613300085067749, 0.6383099555969238, 0.6496195793151855, 0.7818007469177246, 0.595383882522583, 0.9626343250274658]",La lluvia cayó fuerte sobre el techo durante toda la noche.,19,2,0,1
0,no,0,0,0,101,19,no,no,0,"[0.7334928512573242, 0.6825568675994873, 0.6707475185394287, 1.8425722122192383, 0.7032279968261719, 0.8004374504089355, 0.8803246021270752, 0.9064426422119141, 0.8021011352539062, 0.840557336807251]",María se despertó sobresaltado a los gritos de su hermano.,19,1,0,1
0,no,0,0,0,30,20,no,no,0,"[0.7977066040039062, 0.705068826675415, 0.6437623500823975, 0.8789019584655762, 0.932509183883667, 0.6099226474761963, 0.6673948764801025, 0.666201114654541, 0.622438907623291, 0.879239559173584]",Carlos esperó la profesora en la esquina durante una hora.,19,3,0,1
0,no,NO,E,1,34,21,no,no,Carmen vio una representación teatral.,"[0.7584030628204346, 0.6288211345672607, 0.6330821514129639, 0.7127828598022461, 0.7160663604736328, 0.7868242263793945, 0.8439421653747559, 0.8074357509613037, 0.8793997764587402, 1.438814401626587]",Carmen odió una vendedora en el cine durante la película.,19,4,0,1
0,no,0,0,0,100,22,no,no,0,"[0.5044901371002197, 0.6001183986663818, 0.6142888069152832, 0.5727112293243408, 0.7521882057189941, 0.8157169818878174, 0.7777116298675537, 0.5784721374511719, 0.6102120876312256, 0.8705244064331055]",El avión aterrizó sin problemas en el aeropuerto de Madrid.,19,2,0,1
0,no,NO,E,1,100,23,no,no,Lucía y su compañero estaban en el salón.,"[0.7803256511688232, 0.6603190898895264, 0.6689047813415527, 0.7711970806121826, 0.12391972541809082, 0.9289679527282715, 0.7531616687774658, 0.5530471801757812, 0.5553233623504639, 0.5934593677520752]",Lucía ofreció un café a su compañero en la cocina.,19,0,0,1
0,no,0,0,0,101,24,no,no,0,"[0.45642924308776855, 0.4339280128479004, 0.6120617389678955, 0.5867905616760254, 0.5747907161712646, 0.13600873947143555, 2.289973497390747, 0.7158565521240234, 0.39594006538391113, 0.4085886478424072]",Sara contó la historia a sus hijo antes de dormir.,19,0,0,1
0,no,SI,A,1,100,25,no,no,Ana escribió la carta desde la playa.,"[0.4564516544342041, 0.5483353137969971, 0.6141719818115234, 0.45944714546203613, 0.36897802352905273, 0.4025754928588867, 0.42225050926208496, 0.4006006717681885, 0.41760802268981934, 0.7416272163391113]",Ana escribió una carta a su abuela desde la playa.,19,0,0,1
0,no,0,0,0,101,26,no,no,0,"[0.46513867378234863, 0.6147713661193848, 0.5785715579986572, 0.6766097545623779, 0.6091573238372803, 0.5364894866943359, 0.7447936534881592, 0.5984666347503662, 0.5601696968078613, 1.116684913635254]",Mi primo viaja sola por Europa durante el verano próximo.,19,2,0,1
0,no,SI,A,1,101,27,no,no,Maria y su hermana estaban en la biblioteca.,"[0.5479903221130371, 0.6216990947723389, 0.5571014881134033, 0.5920412540435791, 0.6393599510192871, 0.8403365612030029, 0.6793999671936035, 0.13025856018066406, 0.9617786407470703]",María dio el libro su hermana en la biblioteca.,19,0,0,1
0,no,SI,A,1,9,28,no,no,Había fuego en la plaza.,"[0.4698021411895752, 0.3996469974517822, 0.422863245010376, 0.42417168617248535, 0.4497640132904053, 0.4556126594543457, 0.46431541442871094, 0.662867546081543, 0.5274531841278076, 0.6064131259918213]",Carlos quemó una bruja en la plaza en pocos minutos.,19,4,0,1
0,no,NO,E,1,100,29,no,no,Ayer fueron al teatro.,"[0.448314905166626, 0.5037124156951904, 0.6098678112030029, 0.5709207057952881, 0.7803237438201904, 0.6890630722045898, 0.7771408557891846, 0.6234221458435059, 1.072779655456543]",Ayer fueron al cine a ver una película divertida.,19,2,0,1
0,no,No,E,1,100,30,no,no,El bebé dormía plácidamente.,"[0.4801168441772461, 0.5059146881103516, 0.5600805282592773, 0.6328253746032715, 0.7193710803985596, 0.5332789421081543, 0.6860637664794922, 0.466503381729126, 0.6147525310516357, 2.667799472808838]",El bebé lloraba constantemente durante la noche sin razón aparente.,19,2,0,1
0,no,0,0,0,101,31,no,no,0,"[0.45157384872436523, 0.5977017879486084, 0.5658624172210693, 0.5551714897155762, 0.13127398490905762, 0.6573748588562012, 0.10009241104125977, 0.8943593502044678, 0.5386762619018555, 2.0920677185058594]",Laura mostró las fotos a sus amigas en la parque.,19,0,0,1
0,no,0,0,0,100,32,no,no,0,"[0.43039679527282715, 0.3931765556335449, 0.5622477531433105, 0.5817062854766846, 0.36850714683532715, 0.42193007469177246, 0.4123520851135254, 0.4396958351135254, 0.425861120223999, 0.43422746658325195]",El niño duerme tranquilo en su cama todas las noches.,19,2,0,1
0,no,0,0,0,100,33,no,no,0,"[0.4577960968017578, 0.5951931476593018, 0.5493459701538086, 0.4220263957977295, 0.36356329917907715, 0.707963228225708, 0.575981855392456, 0.6788234710693359, 0.5572311878204346, 0.47356081008911133]",El gato saltó a la mesa para robar la comida.,19,1,0,1
0,no,SI,A,1,15,34,no,no,Lucia estaba en un bar.,"[0.42107319831848145, 0.47609448432922363, 0.41129088401794434, 0.3619389533996582, 0.3924241065979004, 0.43087196350097656, 0.4751319885253906, 0.5428967475891113, 0.6254897117614746, 0.7058889865875244, 0.13995599746704102]",Lucía destrozó a la mesa en el bar en diez minutos.,19,2,0,1
0,no,SI,A,1,101,35,no,no,El camarero sonrió.,"[0.41278648376464844, 0.5306015014648438, 0.5688881874084473, 0.7235724925994873, 1.371913194656372, 0.45228099822998047, 0.4232046604156494, 0.6124811172485352, 0.6524732112884521, 0.4619100093841553, 0.7735016345977783]",El camarero trajo el cuenta a los clientes con una sonrisa.,19,0,0,1
0,no,SI,A,1,100,36,no,no,El gato está sobre la manta cerca del sofá.,"[0.4040374755859375, 0.5870296955108643, 0.5761566162109375, 0.769446849822998, 0.5981488227844238, 0.714263916015625, 0.7749698162078857, 0.8321447372436523, 0.608666181564331, 2.0262200832366943]",El gato duerme tranquilo sobre la manta cerca del sofá.,19,2,0,1
0,no,NO,E,1,100,37,no,no,Andrés contó una historia,"[0.5278475284576416, 0.6618921756744385, 0.5442848205566406, 0.46890902519226074, 0.43999171257019043, 0.4163095951080322, 0.4814317226409912, 0.5010902881622314, 0.32929372787475586, 0.6259758472442627]",Andrés cantó una canción a su hija antes de acostarla.,19,0,0,1
0,no,0,0,0,38,38,no,no,0,"[0.3898763656616211, 1.3200044631958008, 0.4818756580352783, 0.8045399188995361, 0.4007835388183594, 0.41758155822753906, 0.5164597034454346, 0.6905195713043213, 0.46984171867370605, 0.9068403244018555]",Unai amó la vida en su pueblo durante varios años.,19,5,0,1
0,no,SI,A,1,100,39,no,no,Ellos corren en el centro.,"[0.4393298625946045, 0.5712888240814209, 0.4513843059539795, 0.43622422218322754, 0.4409921169281006, 0.4845695495605469, 0.4857027530670166, 0.4611661434173584, 0.921069860458374, 0.7382478713989258]",Ellos corren todas las mañanas por el parque del centro.,19,2,0,1
0,no,SI,A,1,28,40,no,no,Anna estaba en la escuela.,"[0.45737528800964355, 0.6807212829589844, 0.5370397567749023, 0.7128400802612305, 1.238715648651123, 0.6048667430877686, 0.5837340354919434, 0.7465121746063232, 0.6435244083404541, 0.4991884231567383, 0.5300679206848145]",Anna comprendió a la maestra en la escuela en dos minutos.,19,0,0,1
0,no,0,0,0,100,41,no,no,0,"[0.4243333339691162, 0.451993465423584, 0.43355655670166016, 0.39970993995666504, 0.5119719505310059, 0.40415525436401367, 0.43123340606689453, 0.4716355800628662, 0.5207042694091797, 0.506192684173584, 0.7111625671386719]",Mi hermano vendió su coche a un amigo de la universidad.,19,0,0,1
0,no,0,0,0,36,42,no,no,0,"[0.7388720512390137, 0.607776403427124, 0.4786112308502197, 0.5720183849334717, 0.9547538757324219, 0.6652448177337646, 0.6525001525878906, 0.6586847305297852, 1.1007001399993896, 0.5423312187194824, 1.6791651248931885]",Irene oyó a la discusión en la sala durante una noche.,19,2,0,1
0,no,SI,A,1,41,43,no,no,Emma pasó semanas investigando.,"[0.5654566287994385, 0.5638206005096436, 0.42320799827575684, 0.5404868125915527, 0.6762754917144775, 0.5242736339569092, 0.4156475067138672, 0.35274314880371094, 0.5580205917358398, 0.4224252700805664, 0.4187023639678955]",Emma investigó a una empresaria en la ciudad durante varias semanas.,19,1,0,1
0,no,0,0,0,101,44,no,no,0,"[0.39539194107055664, 0.4047689437866211, 0.40343141555786133, 0.3905799388885498, 0.41403937339782715, 0.38709545135498047, 0.39325928688049316, 1.668583631515503]",Salimos temprano para evitar el tráfico la carretera.,19,2,0,1
0,no,0,0,0,100,45,no,no,0,"[0.5416898727416992, 0.6775860786437988, 0.5964517593383789, 0.5650777816772461, 0.5903754234313965, 0.6010622978210449, 0.8749010562896729, 0.37734031677246094, 0.41616129875183105, 0.4940524101257324]",El anciano hablaba a solas consigo mismo en el jardín.,19,1,0,1
0,no,NO,E,1,16,46,no,no,La guerra duró más de dos años.,"[0.8230407238006592, 0.43262624740600586, 0.41557741165161133, 0.540757417678833, 0.4516324996948242, 0.38455677032470703, 0.37579774856567383, 0.3648815155029297, 0.4734044075012207, 0.728745698928833]",Valentina venció una adversaria en la guerra en dos años.,19,4,0,1
0,no,0,0,0,44,47,no,no,0,"[0.4178738594055176, 0.4520432949066162, 0.5159168243408203, 0.5743484497070312, 1.463045358657837, 0.3959500789642334, 0.583611249923706, 0.9540829658508301, 0.5489463806152344, 0.5877909660339355, 0.3767101764678955]",Martín detectó a la intrusa en el hospital en dos minutos.,19,0,0,1
0,no,0,0,0,49,48,no,no,0,"[0.5892078876495361, 0.5617551803588867, 0.43673205375671387, 0.3949594497680664, 0.5461187362670898, 0.41077518463134766, 0.5116608142852783, 0.5233666896820068, 0.40825605392456055, 0.521780252456665, 0.5477578639984131]",Alba mencionó a la actriz en el teatro tras varios minutos.,19,0,0,1
0,no,0,0,0,100,49,no,no,0,"[0.41160035133361816, 0.5683000087738037, 0.5318582057952881, 0.36209964752197266, 0.39571332931518555, 0.42151403427124023, 0.5100362300872803, 0.5262184143066406, 0.5698728561401367, 2.45110821723938]",Vamos caminando todos los días a pie hasta el colegio.,19,1,0,1
0,no,NO,E,1,6,50,no,no,El beso tuvo lugar en un museo.,"[0.5242726802825928, 0.4221484661102295, 0.4608316421508789, 0.538470983505249, 0.4478332996368408, 0.4130699634552002, 0.6271011829376221, 0.5816378593444824, 0.3439493179321289, 0.45931172370910645]",Francisco besó la cruz en la iglesia durante unos segundos.,19,5,0,1
0,no,0,0,0,24,51,no,no,0,"[0.4326136112213135, 0.665015697479248, 0.3909323215484619, 0.7254102230072021, 0.4465610980987549, 0.4370443820953369, 0.5739610195159912, 0.5432190895080566, 0.48852038383483887, 2.6028473377227783]",Coral guió la decisión en el palacio en una hora.,19,5,0,1
0,no,NO,E,1,31,52,no,no,Miguel tuvo que esperar una semana.,"[0.47287869453430176, 0.457944393157959, 0.4421696662902832, 0.6629340648651123, 0.4428286552429199, 0.6234991550445557, 0.5963594913482666, 0.5525929927825928, 0.6011917591094971, 1.1138980388641357]",Miguel recibió una invitada en la casa en un día.,19,4,0,1
0,no,SI,E,1,14,53,no,no,Helena estaba en un campo de fútbol.,"[0.5105280876159668, 0.45468616485595703, 0.46590304374694824, 0.4157593250274658, 0.5574808120727539, 0.6106724739074707, 0.5212981700897217, 2.3787384033203125, 0.49855470657348633, 0.3752882480621338, 0.9286153316497803]",Helena derribó a la barrera en el campo durante el partido.,19,2,0,1
0,no,NO,E,1,18,54,no,no,María iba en bicicleta.,"[0.4128119945526123, 0.3943967819213867, 0.33768224716186523, 0.5535891056060791, 0.4535191059112549, 0.5879402160644531, 0.6952226161956787, 0.4784855842590332, 0.34734177589416504, 0.8901078701019287]",María transportó la mochilera en la furgoneta durante un día.,19,3,0,1
0,no,0,0,0,42,55,no,no,0,"[0.40662097930908203, 0.40786290168762207, 0.4078660011291504, 0.5318605899810791, 0.38879895210266113, 0.4260597229003906, 1.4124972820281982, 0.5484261512756348, 0.4988272190093994, 0.8013741970062256]",Ismael encontró una conocida en la carretera en pocas horas.,19,4,0,1
0,no,0,0,0,100,56,no,no,0,"[0.6093077659606934, 0.5579802989959717, 0.5615003108978271, 0.11557936668395996, 0.7240943908691406, 0.3731656074523926, 1.1255431175231934, 0.4108603000640869, 0.36948537826538086, 0.8431031703948975]",Miguel alquiló una bicicleta a un turista en la estación.,19,0,0,1
0,no,NO,E,1,100,57,no,no,El autobus llegó puntual.,"[0.43279075622558594, 0.41468334197998047, 0.4172489643096924, 0.4082067012786865, 0.40267252922058105, 0.37917041778564453, 0.39766407012939453, 0.4555091857910156, 0.598820686340332, 0.5367140769958496, 0.7241740226745605]",El autobús llegó con retraso a la parada equivocada del centro.,19,1,0,1
0,no,NO,E,1,101,58,no,no,LLegaron a casa después del aconecher.,"[0.5037949085235596, 0.530632495880127, 0.12046241760253906, 0.8960585594177246, 0.6524128913879395, 0.5958733558654785, 0.6813960075378418, 0.9894015789031982, 0.5732810497283936, 2.2568397521972656]",Los campesinos llegaron cansado a casa justo antes del anochecer.,19,1,0,1
0,no,0,0,0,101,59,no,no,0,"[0.42496705055236816, 0.4808506965637207, 0.3319249153137207, 0.4745819568634033, 0.6104531288146973, 0.46443986892700195, 0.6156504154205322, 0.42739129066467285, 3.5006773471832275]",Me gusta caminar la ciudad cuando hace buen tiempo.,19,2,0,1
0,no,0,0,0,23,60,no,no,0,"[0.5031790733337402, 0.38090944290161133, 0.4255509376525879, 0.3806803226470947, 0.14865612983703613, 0.6127135753631592, 0.3988642692565918, 0.4903841018676758, 0.41275858879089355, 0.4616892337799072, 3.6230955123901367]",Daniel remolcó a la enferma en la calle durante algunos minutos.,19,0,0,1
0,no,SI,A,1,101,61,no,no,El bebé sonrió a su madre.,"[0.45558595657348633, 0.3063652515411377, 0.34032154083251953, 1.585967779159546, 0.36463165283203125, 0.3911879062652588, 0.37644147872924805, 0.3583965301513672, 0.37886762619018555, 0.509967565536499]",El bebé sonreí dulcemente a su madre desde la cuna.,19,1,0,1
0,no,NO,E,1,101,62,no,no,El avión despegó con retraso.,"[0.4185202121734619, 0.4544205665588379, 0.37100887298583984, 0.435258150100708, 0.41247010231018066, 0.375338077545166, 0.43849825859069824, 0.49512505531311035, 0.7790849208831787, 0.5789163112640381]",El avión despegó puntualmente a la siete de la mañana.,19,1,0,1
0,no,0,0,0,35,63,no,no,0,"[0.3945181369781494, 0.43973398208618164, 0.35663437843322754, 0.3664569854736328, 0.4219210147857666, 0.39153432846069336, 0.39336442947387695, 0.6292502880096436, 0.5156612396240234, 0.5703902244567871, 2.6914169788360596]",Carlos vigiló a una niña en la habitación durante unas horas.,19,1,0,1
0,no,0,0,0,4,64,no,no,0,"[0.6160695552825928, 0.46529436111450195, 0.4556126594543457, 0.5431554317474365, 0.44791531562805176, 0.40837717056274414, 0.5507316589355469, 0.3680715560913086, 0.4085516929626465, 1.7900323867797852]",Jorge arrolló una ciclista en la calle en un segundo.,19,4,0,1
0,no,0,0,0,21,65,no,no,0,"[0.4495534896850586, 0.5247881412506104, 0.38106322288513184, 0.41115546226501465, 0.6316080093383789, 0.1214447021484375, 0.546546220779419, 0.464458703994751, 1.0144293308258057, 0.46314144134521484, 0.721552848815918]",Hugo apaleó a una rebelde en la calle durante varios minutos.,19,1,0,1
0,no,NO,E,1,100,66,no,no,Viajan a Argentina cada invierno.,"[0.12696313858032227, 1.044895887374878, 0.4776310920715332, 0.3759036064147949, 0.4445943832397461, 0.40044331550598145, 0.693007230758667, 0.43940067291259766, 1.5067174434661865]",Mis padres viajan en avión a Argentina cada verano.,19,1,0,1
0,no,0,0,0,100,67,no,no,0,"[0.4099414348602295, 0.4373795986175537, 0.3589441776275635, 0.4963834285736084, 0.39832401275634766, 0.35205841064453125, 0.8159615993499756, 0.845834493637085, 0.9073905944824219, 0.5511171817779541]",Rosa recomendó un libro a su colega durante el almuerzo.,19,0,0,1
0,no,NO,E,1,101,68,no,no,Luis envió un paquete a su hermano.,"[0.4476497173309326, 0.5632469654083252, 0.5307998657226562, 0.5317399501800537, 0.3968839645385742, 0.34364986419677734, 0.9852635860443115, 0.5891382694244385, 0.8610002994537354]",Luis envíe un paquete a su primo en Alemania.,19,0,0,1
0,no,SI,A,1,100,69,no,no,Laura se fue a Inglaterra.,"[0.45882606506347656, 0.3716545104980469, 0.5691840648651123, 0.34561586380004883, 0.5224001407623291, 0.3721332550048828, 0.41280221939086914, 0.41182470321655273, 0.5408017635345459, 2.5522525310516357]",Laura se fue de vacaciones a Londres la semana pasada.,19,1,0,1
0,no,SI,A,1,32,70,no,no,Martin estaba en el hospital.,"[0.4011528491973877, 0.3990044593811035, 0.4140474796295166, 0.4057576656341553, 0.4583933353424072, 0.3903694152832031, 0.368424654006958, 1.0257251262664795, 0.6127712726593018, 0.653606653213501, 1.2071969509124756]",Martín buscó a una médica en el hospital durante dos horas.,19,1,0,1
0,no,0,0,0,11,71,no,no,0,"[0.7209687232971191, 0.6049120426177979, 0.46910953521728516, 0.4185018539428711, 0.6128544807434082, 0.4979085922241211, 0.12153792381286621, 0.7923388481140137, 0.4443175792694092, 0.46375155448913574, 0.6945827007293701]",Valeria neutralizó a la bomba en la frontera en cinco minutos.,19,2,0,1
0,no,0,0,0,19,72,no,no,0,"[0.48570847511291504, 1.1078941822052002, 0.4050309658050537, 0.5418992042541504, 0.4432373046875, 0.4810371398925781, 1.008418321609497, 0.5023651123046875, 0.3621091842651367, 1.014242172241211]",Lucas arrastró la víctima en la calle por un tiempo.,19,3,0,1
0,no,0,0,0,100,73,no,no,0,"[0.44623827934265137, 0.47507643699645996, 0.4321300983428955, 0.43054842948913574, 0.4731783866882324, 0.36167025566101074, 0.3707451820373535, 0.3963778018951416, 0.5394814014434814]",Carlos estornudó fuerte en medio de la reunión ayer.,19,2,0,1
0,no,NO,E,1,12,74,no,no,El combate duró varias horas.,"[0.44362807273864746, 0.11320209503173828, 0.5984413623809814, 0.4568479061126709, 0.39359450340270996, 0.4184863567352295, 0.4068140983581543, 0.5760655403137207, 0.46349477767944336, 1.780858039855957]",Paula abatió la resistencia en el ring en pocos minutos.,19,5,0,1
0,no,0,0,0,100,75,no,no,0,"[0.5018539428710938, 0.41173696517944336, 0.35073161125183105, 0.5343284606933594, 0.3995847702026367, 0.36286354064941406, 0.41921114921569824, 0.3520519733428955, 0.43230748176574707, 0.4914543628692627]",Julia pasó la sal a su madre durante la cena.,19,0,0,1
0,no,0,0,0,26,76,no,no,0,"[0.3097827434539795, 0.42280030250549316, 0.30354928970336914, 0.3024916648864746, 0.3527228832244873, 0.8193809986114502, 0.3330078125, 0.39853501319885254, 0.43967652320861816, 0.3815019130706787, 0.5262112617492676]",Juan escuchó a la alarma en el balcón durante una noche.,19,2,0,1
0,no,0,0,0,101,77,no,no,0,"[0.4286215305328369, 1.8493025302886963, 0.2985403537750244, 0.41390538215637207, 0.3103821277618408, 1.1724202632904053, 0.3255891799926758, 0.4907553195953369, 1.735886573791504]",Pedro devolvió el libro la biblioteca el lunes pasado.,19,0,0,1
0,no,SI,A,1,39,78,no,no,Valeria fue a un concierto.,"[0.5669360160827637, 0.45754146575927734, 0.5543408393859863, 0.46867895126342773, 0.4337961673736572, 0.4196004867553711, 0.7453303337097168, 0.6196799278259277, 0.5058193206787109, 1.0015435218811035]",Valeria admiró la cantante en el teatro durante el concierto.,19,3,0,1
0,no,0,0,0,43,79,no,no,0,"[0.45946788787841797, 0.41579484939575195, 0.3871150016784668, 0.34313082695007324, 0.34261250495910645, 0.42766237258911133, 0.36436986923217773, 0.527010440826416, 0.3739745616912842, 0.4099736213684082, 0.4410128593444824]",Sofía conoció a la chica en el colegio en dos días.,19,0,0,1
0,no,NO,E,1,46,80,no,no,Alejandro estaba en el centro comercial.,"[0.3613741397857666, 0.5846056938171387, 0.33025574684143066, 0.43593549728393555, 0.4006080627441406, 0.35817456245422363, 0.463015079498291, 0.33496928215026855, 0.37488722801208496, 0.5140137672424316]",Alejandro identificó la amenaza en el aeropuerto en dos horas.,19,5,0,1
0,no,NO,E,1,100,81,no,no,El niño juega solo en el parque.,"[0.12410783767700195, 0.29067564010620117, 0.6572904586791992, 0.3340902328491211, 0.47372961044311523, 0.5471501350402832, 0.44341349601745605, 0.40621495246887207, 0.47725868225097656, 1.880415916442871]",El niño juega en el parque con su mejor amigo.,19,2,0,1
0,no,SI,A,1,27,82,no,no,Felipe es presentador de teatro.,"[0.3522517681121826, 0.42558860778808594, 0.3811936378479004, 0.4425313472747803, 0.6740384101867676, 0.4670734405517578, 0.4896812438964844, 0.8403894901275635, 0.9344346523284912, 0.37551259994506836]",Felipe anunció una cantante en el escenario en cinco minutos.,19,4,0,1
0,no,0,0,0,101,83,no,no,0,"[0.3988332748413086, 0.4021623134613037, 0.38028788566589355, 0.8306066989898682, 0.4737098217010498, 0.43366074562072754, 0.4459998607635498, 0.4468069076538086, 0.37923407554626465, 1.3401753902435303]",El perro ladran fuerte cada vez que pasa un coche.,19,2,0,1
0,no,SI,A,1,100,84,no,no,Ana estaba en la biblioteca.,"[0.422579288482666, 0.49722957611083984, 0.5938558578491211, 0.5633878707885742, 0.43547916412353516, 0.42719364166259766, 0.4941728115081787, 0.40361547470092773, 0.4676542282104492, 2.232945442199707]",Nos encontramos con Ana después de clase en la biblioteca.,19,2,0,1
0,no,SI,A,1,3,85,no,no,Lo que Pedro hizo fue un secuestro.,"[0.39168810844421387, 0.3741734027862549, 0.33670616149902344, 0.3777921199798584, 0.3962419033050537, 0.2878706455230713, 0.31812286376953125, 0.4175090789794922, 0.3645045757293701, 0.42389845848083496, 1.4013869762420654]",Pablo secuestró a una turista en el aeropuerto durante una hora.,19,1,0,1
0,no,0,0,0,100,86,no,no,0,"[0.46821069717407227, 0.39084768295288086, 0.36930203437805176, 0.38236236572265625, 0.5489768981933594, 0.33910226821899414, 0.3410983085632324, 0.4580094814300537, 0.3293263912200928, 0.4025237560272217]",Estuvieron caminando a la orilla del mar toda la tarde.,19,1,0,1
0,no,0,0,0,5,87,no,no,0,"[0.48497462272644043, 0.3792400360107422, 0.4287114143371582, 0.38317012786865234, 0.4153265953063965, 0.41564464569091797, 0.40357136726379395, 0.42390012741088867, 0.45279669761657715, 1.09708833694458, 1.9244370460510254]",Manuel abrazó a la señora en el parque en pocos instantes.,19,0,0,1
0,no,0,0,0,101,88,no,no,0,"[0.4077727794647217, 0.11703038215637207, 0.6319906711578369, 0.9251761436462402, 0.3176300525665283, 0.3408854007720947, 0.3500087261199951, 0.37271881103515625, 0.9489467144012451]",La película empiezan exactamente a las ocho en punto.,19,1,0,1
0,no,NO,E,1,2,89,no,no,La acción tuvo lugar en el parque.,"[0.7501893043518066, 0.54677414894104, 0.41662025451660156, 0.41207098960876465, 0.6566281318664551, 0.49636101722717285, 0.4349365234375, 0.8084182739257812, 0.701124906539917, 0.6999220848083496, 0.5211961269378662]",Simón pateó a la jugadora en la cancha en un instante.,19,0,0,1
0,no,0,0,0,100,90,no,no,0,"[0.4283487796783447, 0.40387678146362305, 0.5123322010040283, 0.36716508865356445, 0.45626044273376465, 0.3143134117126465, 0.41985559463500977, 0.3521561622619629, 0.36217331886291504, 0.40868616104125977, 0.6881186962127686]",El jefe asignó una tarea a cada empleado en la reunión.,19,0,0,1
0,no,NO,E,1,100,91,no,no,El coche era azul.,"[0.3455338478088379, 0.3975703716278076, 0.4987761974334717, 0.4727914333343506, 0.547353982925415, 0.6920015811920166, 0.6631412506103516, 0.6830904483795166, 0.4998760223388672, 1.044818639755249]",El coche rojo aparcó frente a la casa de Marta.,19,2,0,1
0,no,NO,E,1,25,92,no,no,Pedro observó durante unos minutos.,"[0.40254759788513184, 0.39365100860595703, 0.3823556900024414, 0.3519752025604248, 0.5083901882171631, 0.28872108459472656, 0.4217236042022705, 0.6572971343994141, 0.6443040370941162, 0.36911916732788086, 1.9500629901885986]",Pedro observó a la secretaria en la oficina durante una hora.,19,0,0,1
0,no,0,0,0,7,93,no,no,0,"[0.4667370319366455, 0.42920374870300293, 0.38457202911376953, 0.550410270690918, 0.4692695140838623, 0.3762657642364502, 0.7369680404663086, 0.4567391872406006, 1.344221830368042, 3.789593458175659]",Tomás empujó una vieja a la puerta en pocos segundos.,19,4,0,1
0,no,0,0,0,100,94,no,no,0,"[0.4301149845123291, 0.41769862174987793, 0.31401658058166504, 0.4242818355560303, 0.4811372756958008, 0.4145927429199219, 0.35675549507141113, 0.37636446952819824, 1.3888747692108154]",El viento soplaba fuerte durante la tormenta de anoche.,19,2,0,1
0,no,SI,A,1,22,95,no,no,Hubo un asedio en la región.,"[0.45311665534973145, 0.2864952087402344, 0.3799138069152832, 0.45256519317626953, 0.32069826126098633, 0.3370218276977539, 1.037302017211914, 0.3597121238708496, 0.6109364032745361, 1.7105515003204346]",Carla asedió la ciudad en la región durante bastante tiempo.,19,5,0,1
0,no,0,0,0,13,96,no,no,0,"[0.706472635269165, 0.3068995475769043, 0.23799896240234375, 0.21440768241882324, 0.33423876762390137, 0.3830597400665283, 0.264087438583374, 0.28531789779663086, 0.4528346061706543, 0.44501280784606934, 1.622816801071167]",Martina atropelló a una anciana en el aparcamiento en pocos minutos.,19,1,0,1
0,no,NO,E,1,101,97,no,no,El dueño fue reconocido por su gato.,"[0.42101240158081055, 0.39414167404174805, 0.40726637840270996, 0.4730827808380127, 0.3030979633331299, 0.36636853218078613, 0.4068753719329834, 0.7286391258239746, 0.37883853912353516, 1.1225552558898926]",El perro corrió felizmente a su dueño cuando le reconoció.,19,1,0,1
0,no,SI,A,1,100,98,no,no,La cena se preparó en casa.,"[0.5492348670959473, 0.36243605613708496, 0.526381254196167, 0.3873026371002197, 0.4315769672393799, 0.4033234119415283, 0.5078473091125488, 0.33225202560424805, 0.6464076042175293, 0.5262823104858398, 1.0165255069732666]",Mi madre preparó la cena a toda la familia en casa.,19,0,0,1
0,no,0,0,0,45,99,no,no,0,"[0.446671724319458, 0.4288194179534912, 0.3753650188446045, 0.2437131404876709, 0.2701404094696045, 0.37203121185302734, 0.47215747833251953, 0.28579187393188477, 0.3252685070037842, 1.0470991134643555]",Gabriela localizó la amiga en la ciudad en dos minutos.,19,3,0,1
0,no,0,0,0,101,100,no,no,0,"[0.5972778797149658, 0.25081968307495117, 0.7783360481262207, 0.29787731170654297, 0.570110559463501, 0.39795970916748047, 0.3356363773345947, 0.3351709842681885, 1.7900261878967285]",Marta baila salsa con entusiasmo en las fiesta grandes.,19,2,0,1
0,no,NO,E,1,101,101,no,no,El profesor y los alumnos estaban fuera del aula.,"[0.47368884086608887, 0.389040470123291, 0.3347291946411133, 0.32474541664123535, 0.27739477157592773, 0.42664337158203125, 0.8614842891693115, 0.25678014755249023, 0.7253737449645996]",El profesor explicó la lección los alumnos en clase.,19,0,0,1
0,no,0,0,0,33,102,no,no,0,"[0.3482651710510254, 0.4039583206176758, 0.3414433002471924, 0.28535938262939453, 0.35193753242492676, 0.295928955078125, 0.304119348526001, 0.3526804447174072, 0.40174221992492676, 0.9206962585449219]",Marco imaginó la amiga en la playa durante dos minutos.,19,3,0,1
0,no,SI,A,1,101,103,no,no,Clara fue a la farmacia con su hermana.,"[0.3927302360534668, 0.33858561515808105, 0.2517685890197754, 0.25460314750671387, 0.4160754680633545, 0.40084052085876465, 0.36742639541625977, 0.28583359718322754, 0.5089414119720459, 0.39972996711730957, 1.8314933776855469]",Clara fue con su hermanas a la farmacia después del desayuno.,19,1,0,1
0,no,0,0,0,100,104,no,no,0,"[0.3909909725189209, 0.33887386322021484, 0.4120900630950928, 0.4630105495452881, 0.4086790084838867, 0.3740217685699463, 0.3256516456604004, 0.7635016441345215, 0.2960052490234375, 0.4480769634246826, 0.9462838172912598]",El técnico reparó el ordenador a un cliente en la tienda.,19,0,0,1
0,no,0,0,0,17,105,no,no,0,"[0.3652496337890625, 0.44197630882263184, 0.290118932723999, 0.4335057735443115, 0.4110107421875, 0.420703649520874, 0.6126644611358643, 0.6645309925079346, 0.5469791889190674, 1.6118228435516357]",Luis zarandeó la mujer en la casa durante algunos minutos.,19,3,0,1
4,no,NO,0,1,100,0,yes,yes,Llegaron a la universidad cuando ya estaba cerrada.,0,Los estudiantes llegaron a la universidad antes de que cerrara.,19,1,0,1
4,no,0,0,0,100,1,yes,yes,0,0,La conferencia empezará con puntualidad a las diez y media.,19,1,0,1
4,no,0,0,0,100,2,yes,yes,0,0,Los niños corrieron a la plaza con sus amigos.,19,1,0,1
4,no,0,0,0,100,3,yes,yes,0,0,El ladrón escapó a toda prisa por la puerta trasera.,19,1,0,1
3,no,0,0,0,11,0,yes,no,0,0,Valeria neutralizó a la criminal en la frontera en cinco minutos.,19,0,0,1
4,no,0,0,0,26,1,yes,no,0,0,Juan escuchó una vecina en el balcón durante una noche.,19,4,0,1
4,no,NO,0,1,18,2,yes,no,María iba en bicicleta.,0,María transportó la guitarra en la furgoneta durante un día.,19,5,0,1
1,no,SI,0,1,0,3,yes,no,La acción tuvo lugar en la calle.,0,Juan golpeó a la piedra en la calle en diez segundos.,19,2,0,1
1,no,0,0,0,24,4,yes,no,0,0,Coral guió una turista en el palacio en una hora.,19,4,0,1
4,no,SI,0,1,15,5,yes,no,Lucia estaba en un bar.,0,Lucía destrozó la mesa en el bar en diez minutos.,19,5,0,1
1,no,0,0,0,43,6,yes,no,0,0,Sofía conoció a la chica en el colegio en dos días.,19,0,0,1
4,no,0,0,0,29,7,yes,no,0,0,Alfonso miró la granjera en la colina durante dos horas.,19,3,0,1
4,no,NO,0,1,46,8,yes,no,Alejandro estaba en el centro comercial.,0,Alejandro identificó la agresora en el aeropuerto en dos horas.,19,3,0,1
4,no,0,0,0,17,9,yes,no,0,0,Luis zarandeó la muñeca en la casa durante algunos minutos.,19,5,0,1
4,no,0,0,0,30,10,yes,no,0,0,Carlos esperó a la furgoneta en la esquina durante una hora.,19,2,0,1
0,no,0,0,0,36,11,yes,no,0,0,Irene oyó a la discusión en la sala durante una noche.,19,2,0,1
4,no,0,0,0,33,12,yes,no,0,0,Marco imaginó una amiga en la playa durante dos minutos.,19,4,0,1
0,no,0,0,0,4,13,yes,no,0,0,Jorge arrolló a la valla en la calle en un segundo.,19,2,0,1
4,no,SI,0,1,8,14,yes,no,Helena estaba en el patio.,0,Helena colgó la fotografía en el patio en cinco minutos.,19,5,0,1
4,no,0,0,0,20,15,yes,no,0,0,Claudia maltrató a una compañera en la casa durante varios años.,19,1,0,1
4,no,SI,0,1,37,16,yes,no,Isabel miraba por la ventana.,0,Isabel vió la tormenta desde su ventana durante una mañana.,19,5,0,1
4,no,0,0,0,40,17,yes,no,0,0,Adrián percibió a una mujer detrás de él durante algunos minutos.,19,1,0,1
4,no,SI,0,1,32,18,yes,no,Martin estaba en el hospital.,0,Martín buscó a una médica en el hospital durante dos horas.,19,1,0,1
0,no,0,0,0,10,19,yes,no,0,0,Mateo eliminó a la carpeta en el banco en pocos segundos.,19,2,0,1
3,no,0,0,0,13,20,yes,no,0,0,Martina atropelló a la anciana en el aparcamiento en pocos minutos.,19,0,0,1
0,no,0,0,0,45,21,yes,no,0,0,Gabriela localizó la amiga en la ciudad en dos minutos.,19,3,0,1
4,no,0,0,0,42,22,yes,no,0,0,Ismael encontró a la conocida en la carretera en pocas horas.,19,0,0,1
4,no,0,0,0,23,23,yes,no,0,0,Daniel remolcó a la enferma en la calle durante algunos minutos.,19,0,0,1
4,no,NO,0,1,12,24,yes,no,El combate duró varias horas.,0,Paula abatió una contrincante en el ring en pocos minutos.,19,4,0,1
3,no,SI,0,1,14,25,yes,no,Helena estaba jugando un partido de fútbol.,0,Helena derribó una futbolista en el campo durante el partido.,19,4,0,1
0,no,0,0,0,47,26,yes,no,0,0,Marta descartó a la aspirante en la selección en un día.,19,0,0,1
1,no,0,0,0,7,27,yes,no,0,0,Tomás empujó a la vieja a la puerta en pocos segundos.,19,0,0,1
4,no,NO,0,1,1,28,yes,no,Carlos tardó mucho en hacer el asalto.,0,Carlos asaltó la conductora en el barrio en pocos instantes.,19,3,0,1
3,no,0,0,0,38,29,yes,no,0,0,Unai amó a una jovencita en su pueblo durante varios años.,19,1,0,1
1,no,NO,0,1,31,30,yes,no,Miguel tuvo que esperar una semana.,0,Miguel recibió a una invitada en la casa en un día.,19,1,0,1
1,no,SI,0,1,22,31,yes,no,Hubo un asedio en la región.,0,Carla asedió a la ciudad en la región durante bastante tiempo.,19,2,0,1
4,no,0,0,0,44,32,yes,no,0,0,Martín detectó la enfermedad en el hospital en dos minutos.,19,5,0,1
4,no,0,0,0,21,33,yes,no,0,0,Hugo apaleó la muñeca en la calle durante varios minutos.,19,5,0,1
3,no,SI,0,1,3,34,yes,no,Lo que Pedro hizo fue un secuestro.,0,Pablo secuestró la turista en el aeropuerto durante una hora.,19,3,0,1
3,no,NO,0,1,2,35,yes,no,La acción tuvo lugar en el parque.,0,Simón pateó una jugadora en la cancha en un instante.,19,4,0,1
4,no,0,0,0,35,36,yes,no,0,0,Carlos vigiló la operación en la habitación durante unas horas.,19,5,0,1
3,no,SI,0,1,39,37,yes,no,Valeria fue a un concierto.,0,Valeria admiró a la escenografía en el teatro durante el concierto.,19,2,0,1
4,no,0,0,0,48,38,yes,no,0,0,Samuel descubrió a una infiltrada en el museo en pocas horas.,19,1,0,1
4,no,0,0,0,5,39,yes,no,0,0,Manuel abrazó a la señora en el parque en pocos instantes.,19,0,0,1
4,no,SI,0,1,9,40,yes,no,Había fuego en la plaza.,0,Carlos quemó la página en la plaza en pocos minutos.,19,5,0,1
3,no,SI,0,1,28,41,yes,no,Anna estaba en la escuela.,0,Anna comprendió a una maestra en la escuela en dos minutos.,19,1,0,1
0,no,0,0,0,19,42,yes,no,0,0,Lucas arrastró la víctima en la calle por un tiempo.,19,3,0,1
0,no,NO,0,1,34,43,yes,no,Carmen vio una representación teatral.,0,Carmen odió a la música en el cine durante la película.,19,2,0,1
3,no,0,0,0,49,44,yes,no,0,0,Alba mencionó una actriz en el teatro tras varios minutos.,19,4,0,1
4,no,SI,0,1,41,45,yes,no,Emma pasó semanas investigando.,0,Emma investigó a una empresaria en la ciudad durante varias semanas.,19,1,0,1
1,no,SI,0,1,27,46,yes,no,Felipe es presentador de teatro.,0,Felipe anunció una cantante en el escenario en cinco minutos.,19,4,0,1
1,no,NO,0,1,6,47,yes,no,El beso tuvo lugar en un museo.,0,Francisco besó la novia en la iglesia durante unos segundos.,19,3,0,1
4,no,NO,0,1,25,48,yes,no,Pedro observó durante unos minutos.,0,Pedro observó a la secretaria en la oficina durante una hora.,19,0,0,1
1,no,NO,0,1,16,49,yes,no,La guerra duró más de dos años.,0,Valentina venció la adversaria en la guerra en dos años.,19,3,0,1
3,yes,NO,0,1,16,0,yes,no,La guerra duró más de dos años.,0,Lo que Coral hizo a la turista fue guiarla.,19,6,0,1
3,yes,NO,0,1,16,1,yes,no,La guerra duró más de dos años.,0,Lo que Valeria hizo a la cantante fue admirarla.,19,6,0,1
4,yes,NO,0,1,16,2,yes,no,La guerra duró más de dos años.,0,Lo que Hugo hizo a la rebelde fue apalearla.,19,6,0,1
4,yes,NO,0,1,16,3,yes,no,La guerra duró más de dos años.,0,Lo que Valentina hizo a la adversaria fue vencerla.,19,6,0,1
4,yes,NO,0,1,16,4,yes,no,La guerra duró más de dos años.,0,Lo que Emma hizo a la empresaria fue investigarla.,19,6,0,1
4,yes,NO,0,1,16,5,yes,no,La guerra duró más de dos años.,0,Lo que Valeria hizo a la criminal fue neutralizarla.,19,6,0,1
1,yes,NO,0,1,16,6,yes,no,La guerra duró más de dos años.,0,Lo que Adrián hizo a la mujer fue percibirla.,19,6,0,1
3,yes,NO,0,1,16,7,yes,no,La guerra duró más de dos años.,0,Lo que Carla hizo a la contrincante fue asediarla.,19,6,0,1
4,yes,NO,0,1,16,8,yes,no,La guerra duró más de dos años.,0,Lo que Carlos hizo a la profesora fue esperarla.,19,6,0,1
3,yes,NO,0,1,16,9,yes,no,La guerra duró más de dos años.,0,Lo que Miguel hizo a la invitada fue recibirla.,19,6,0,1
1,yes,NO,0,1,16,10,yes,no,La guerra duró más de dos años.,0,Lo que Felipe hizo a la cantante fue anunciarla.,19,6,0,1
4,yes,NO,0,1,16,11,yes,no,La guerra duró más de dos años.,0,Lo que Pedro hizo a la secretaria fue observarla.,19,6,0,1
4,yes,NO,0,1,16,12,yes,no,La guerra duró más de dos años.,0,Lo que Unai hizo a la jovencita fue amarla.,19,6,0,1
1,yes,NO,0,1,16,13,yes,no,La guerra duró más de dos años.,0,Lo que Martín hizo a la médica fue buscarla.,19,6,0,1
4,yes,NO,0,1,16,14,yes,no,La guerra duró más de dos años.,0,Lo que Pablo hizo a la turista fue secuestrarla.,19,6,0,1
4,yes,NO,0,1,16,15,yes,no,La guerra duró más de dos años.,0,Lo que Manuel hizo a la señora fue abrazarla.,19,6,0,1
4,yes,NO,0,1,16,16,yes,no,La guerra duró más de dos años.,0,Lo que Juan le hizo a la actriz fue golpearla.,19,6,0,1
4,yes,NO,0,1,16,17,yes,no,La guerra duró más de dos años.,0,Lo que Simón le hizo a la jugadora fue patearla.,19,6,0,1
3,yes,NO,0,1,16,18,yes,no,La guerra duró más de dos años.,0,Lo que Alejandro hizo a la agresora fue identificarla.,19,6,0,1
3,yes,NO,0,1,16,19,yes,no,La guerra duró más de dos años.,0,Lo que Luis hizo a la mujer fue zarandearla.,19,6,0,1
0,no,0,0,0,100,0,no,yes,0,"[2.1083524227142334, 4.24721097946167, 0.37253761291503906, 0.39348864555358887, 0.3290700912475586, 0.3628864288330078, 0.3775045871734619, 0.4062647819519043, 1.0191049575805664]",Los niños corrieron a la plaza con sus amigos.,20,1,1,0
0,no,0,0,0,100,1,no,yes,0,"[1.865480661392212, 0.5151479244232178, 0.6690433025360107, 1.0896446704864502, 0.7525725364685059, 0.5370650291442871, 0.7376434803009033, 0.26639223098754883, 0.6477735042572021, 0.9127986431121826]",La conferencia empezará con puntualidad a las diez y media.,20,1,1,0
0,no,NO,E,1,100,2,no,yes,Llegaron a la universidad cuando ya estaba cerrada.,"[0.7962832450866699, 0.43648529052734375, 0.4109783172607422, 0.49205446243286133, 0.3837263584136963, 0.5102031230926514, 0.3617866039276123, 0.500786542892456, 0.3702983856201172, 0.5479474067687988]",Los estudiantes llegaron a la universidad antes de que cerrara.,20,1,1,0
0,no,0,0,0,100,3,no,yes,0,"[0.3908352851867676, 0.38645267486572266, 0.19318389892578125, 0.3508627414703369, 0.30431699752807617, 0.2921457290649414, 0.45493102073669434, 0.33587217330932617, 0.30466604232788086, 0.4572012424468994]",El ladrón escapó a toda prisa por la puerta trasera.,20,1,1,0
0,no,0,0,0,40,0,no,no,0,"[0.8200907707214355, 0.39908289909362793, 0.36391377449035645, 0.356860876083374, 0.3017749786376953, 0.3744175434112549, 0.3742053508758545, 0.3880581855773926, 0.38648152351379395, 0.7046976089477539, 1.2093310356140137]",Adrián percibió a la sombra detrás de él durante algunos minutos.,20,2,1,0
0,no,SI,A,1,41,1,no,no,Emma pasó semanas investigando.,"[0.3410787582397461, 0.5486574172973633, 0.44089651107788086, 0.32671284675598145, 0.5929520130157471, 0.48588037490844727, 0.44324779510498047, 0.40488624572753906, 0.4130737781524658, 0.45053768157958984, 0.4171280860900879]",Emma investigó a una empresaria en la ciudad durante varias semanas.,20,1,1,0
0,no,0,0,0,100,2,no,no,0,"[0.5527763366699219, 0.3334333896636963, 0.2948760986328125, 0.3360328674316406, 0.4655792713165283, 0.4064807891845703, 0.3881044387817383, 0.6293187141418457, 0.4208493232727051, 0.6800284385681152]",El avión aterrizó sin problemas en el aeropuerto de Madrid.,20,2,1,0
0,no,SI,A,1,28,3,no,no,Anna estaba en la escuela.,"[0.481356143951416, 0.3073561191558838, 0.3200078010559082, 0.30651378631591797, 0.3098015785217285, 0.26993703842163086, 0.3730301856994629, 0.3261830806732178, 0.4205787181854248, 0.6175334453582764]",Anna comprendió la tarea en la escuela en dos minutos.,20,5,1,0
0,no,0,0,0,101,4,no,no,0,"[0.49747800827026367, 0.29895567893981934, 0.1868577003479004, 0.24733376502990723, 0.2681453227996826, 1.441641092300415, 0.5047862529754639, 0.37883734703063965, 0.6659371852874756, 1.2440357208251953]",Mi primo viaja sola por Europa durante el verano próximo.,20,2,1,0
0,no,0,0,0,23,5,no,no,0,"[0.5086135864257812, 0.37320899963378906, 0.35724472999572754, 0.29715609550476074, 0.3494548797607422, 0.30675220489501953, 0.27509164810180664, 0.4132390022277832, 0.4159862995147705, 1.3086133003234863]",Daniel remolcó la enferma en la calle durante algunos minutos.,20,3,1,0
0,no,0,0,0,44,6,no,no,0,"[0.5097579956054688, 0.2778785228729248, 0.31609225273132324, 0.20617294311523438, 0.2163839340209961, 0.2111518383026123, 0.22106075286865234, 0.19805431365966797, 0.46491098403930664, 0.36016130447387695, 0.0053060054779052734]",Martín detectó a una intrusa en el hospital en dos minutos.,20,1,1,0
0,no,NO,E,1,100,7,no,no,El autobus llegó puntual.,"[0.391995906829834, 0.3630707263946533, 0.20697689056396484, 0.20087170600891113, 0.19149041175842285, 0.2137753963470459, 0.3999764919281006, 0.40651392936706543, 0.35065484046936035, 0.5203895568847656, 0.6557831764221191]",El autobús llegó con retraso a la parada equivocada del centro.,20,1,1,0
0,no,0,0,0,100,8,no,no,0,"[0.5575859546661377, 0.31953978538513184, 0.3089921474456787, 0.3427243232727051, 0.326326847076416, 0.3197660446166992, 0.31101226806640625, 0.36133241653442383, 0.41126298904418945, 0.42882418632507324, 0.45688819885253906]",El jefe asignó una tarea a cada empleado en la reunión.,20,0,1,0
0,no,0,0,0,33,9,no,no,0,"[0.2151179313659668, 0.5081515312194824, 0.34176087379455566, 0.3163480758666992, 0.31333255767822266, 0.3269369602203369, 0.3602638244628906, 0.3309447765350342, 0.4291050434112549, 0.5416381359100342, 2.325951337814331]",Marco imaginó a la fiesta en la playa durante dos minutos.,20,2,1,0
0,no,0,0,0,26,10,no,no,0,"[0.5226109027862549, 0.2947499752044678, 0.17875242233276367, 0.20696306228637695, 0.1667344570159912, 0.44185805320739746, 0.28802013397216797, 0.20895147323608398, 0.41454362869262695, 0.43294429779052734, 0.4889185428619385]",Juan escuchó a la vecina en el balcón durante una noche.,20,0,1,0
0,no,0,0,0,100,11,no,no,0,"[0.4437904357910156, 0.15190553665161133, 0.1721971035003662, 0.5756762027740479, 0.3310701847076416, 0.4136660099029541, 0.39932847023010254, 0.8016233444213867, 0.4752979278564453]",El viento soplaba fuerte durante la tormenta de anoche.,20,2,1,0
0,no,SI,A,1,8,12,no,no,Helena estaba en el patio.,"[0.4370720386505127, 0.36319851875305176, 0.3329493999481201, 0.2647883892059326, 0.2085418701171875, 0.37731504440307617, 0.32537841796875, 0.3328890800476074, 0.3560757637023926, 0.39708375930786133, 0.8552627563476562]",Helena colgó a una criminal en el patio en cinco minutos.,20,1,1,0
0,no,0,0,0,30,13,no,no,0,"[0.8381261825561523, 0.36695075035095215, 0.25069570541381836, 0.23424053192138672, 0.2539491653442383, 0.2570462226867676, 0.2454843521118164, 0.2074742317199707, 0.4929220676422119, 0.33363795280456543, 0.3830454349517822]",Carlos esperó a la profesora en la esquina durante una hora.,20,0,1,0
0,no,0,0,0,45,14,no,no,0,"[0.19742083549499512, 0.5491437911987305, 0.4441704750061035, 0.4140334129333496, 0.3854372501373291, 0.4014732837677002, 0.3371148109436035, 0.39485645294189453, 0.3885006904602051, 0.5232126712799072]",Gabriela localizó una amiga en la ciudad en dos minutos.,20,4,1,0
0,no,SI,A,1,101,15,no,no,El bebé sonrió a su madre.,"[0.3629739284515381, 0.3364744186401367, 0.3585374355316162, 1.1255602836608887, 0.4195680618286133, 0.36206698417663574, 0.33631300926208496, 0.6182961463928223, 0.4498450756072998, 0.9617362022399902]",El bebé sonreí dulcemente a su madre desde la cuna.,20,1,1,0
0,no,0,0,0,100,16,no,no,0,"[0.6960852146148682, 0.3909718990325928, 0.3723583221435547, 0.46452832221984863, 0.4430065155029297, 0.387714147567749, 0.37600278854370117, 0.38346147537231445, 0.4250771999359131, 0.6842350959777832]",Estuvieron caminando a la orilla del mar toda la tarde.,20,1,1,0
0,no,SI,A,1,100,17,no,no,Ana estaba en la biblioteca.,"[0.4176363945007324, 0.4010787010192871, 0.3660397529602051, 0.4050872325897217, 0.3673820495605469, 0.4070899486541748, 0.41526198387145996, 0.4303927421569824, 0.3795003890991211, 0.5935966968536377]",Nos encontramos con Ana después de clase en la biblioteca.,20,2,1,0
0,no,SI,A,1,15,18,no,no,Lucia estuvo en una pelea de bar.,"[0.3741159439086914, 0.3440673351287842, 0.33210039138793945, 0.33971643447875977, 0.3611445426940918, 0.36541032791137695, 0.739264726638794, 0.438845157623291, 0.8079941272735596, 1.9005334377288818]",Lucía destrozó una oponente en el bar en diez minutos.,20,4,1,0
0,no,0,0,0,101,19,no,no,0,"[0.4613335132598877, 0.3245837688446045, 0.3507809638977051, 0.3242180347442627, 0.2894129753112793, 0.3926575183868408, 0.3382456302642822, 0.42835211753845215, 2.1345512866973877]",Marta baila salsa con entusiasmo en las fiesta grandes.,20,2,1,0
0,no,0,0,0,100,20,no,no,0,"[0.3969419002532959, 0.37993764877319336, 0.36521029472351074, 0.31142592430114746, 0.20185112953186035, 0.28571653366088867, 0.31474900245666504, 0.3087618350982666, 0.5057260990142822]",Carlos estornudó fuerte en medio de la reunión ayer.,20,2,1,0
0,no,SI,A,1,100,21,no,no,La cena se preparó en casa.,"[0.5929226875305176, 0.32444119453430176, 0.3166024684906006, 0.2943003177642822, 0.32558703422546387, 0.34450435638427734, 0.3383510112762451, 0.3257880210876465, 0.3659555912017822, 0.3927788734436035, 0.5950369834899902]",Mi madre preparó la cena a toda la familia en casa.,20,0,1,0
0,no,NO,E,1,101,22,no,no,LLegaron a casa después del aconecher.,"[0.5239734649658203, 0.34073328971862793, 0.40698909759521484, 0.607898473739624, 0.4585554599761963, 0.3309488296508789, 0.40221595764160156, 0.34087705612182617, 0.3001821041107178, 0.5027720928192139]",Los campesinos llegaron cansado a casa justo antes del anochecer.,20,1,1,0
0,no,NO,E,1,100,23,no,no,El niño juega solo en el parque.,"[0.4482553005218506, 0.19739103317260742, 0.21686911582946777, 0.20720171928405762, 0.24158310890197754, 0.19990777969360352, 0.16701936721801758, 0.3254399299621582, 0.18026351928710938, 0.5140573978424072]",El niño juega en el parque con su mejor amigo.,20,2,1,0
0,no,0,0,0,29,24,no,no,0,"[0.6960675716400146, 0.21981406211853027, 0.25366926193237305, 0.25621652603149414, 0.17333602905273438, 0.23929071426391602, 0.2578623294830322, 0.16998744010925293, 0.28111886978149414, 0.483074426651001, 0.68581223487854]",Alfonso miró a una granjera en la colina durante dos horas.,20,1,1,0
0,no,0,0,0,5,25,no,no,0,"[0.44541311264038086, 0.41548633575439453, 0.3402063846588135, 0.185805082321167, 0.2949855327606201, 0.3568713665008545, 0.5234434604644775, 0.2960808277130127, 0.3824944496154785, 0.5058424472808838, 0.875030517578125]",Manuel abrazó a la señora en el parque en pocos instantes.,20,0,1,0
0,no,0,0,0,11,26,no,no,0,"[0.41205835342407227, 0.22470951080322266, 0.25676512718200684, 0.3305203914642334, 0.2425861358642578, 0.23224568367004395, 0.2776026725769043, 0.471588134765625, 0.3741493225097656, 2.196047067642212]",Valeria neutralizó una criminal en la frontera en cinco minutos.,20,4,1,0
0,no,SI,A,1,9,27,no,no,Había fuego en la plaza.,"[0.4337186813354492, 0.3679375648498535, 0.3426525592803955, 0.35629701614379883, 0.2972285747528076, 0.43512797355651855, 0.4158756732940674, 0.33284997940063477, 0.33460187911987305, 0.44895505905151367, 2.8585445880889893]",Carlos quemó a la página en la plaza en pocos minutos.,20,2,1,0
0,no,0,0,0,21,28,no,no,0,"[0.4206416606903076, 0.3954329490661621, 0.49991822242736816, 0.33146238327026367, 0.20099997520446777, 0.21001815795898438, 0.2054431438446045, 0.2596561908721924, 0.28519511222839355, 0.5170142650604248]",Hugo apaleó una rebelde en la calle durante varios minutos.,20,4,1,0
0,no,0,0,0,100,29,no,no,0,"[0.36016178131103516, 0.19757413864135742, 0.3387267589569092, 0.30478405952453613, 0.32855963706970215, 0.22245097160339355, 0.3221609592437744, 0.2743828296661377, 0.5310940742492676, 0.4677126407623291]",El anciano hablaba a solas consigo mismo en el jardín.,20,1,1,0
0,no,NO,E,1,101,30,no,no,El profesor y los alumnos estaban fuera del aula.,"[0.40151548385620117, 0.186110258102417, 0.17494869232177734, 0.18237948417663574, 0.17420649528503418, 0.28067731857299805, 0.29778361320495605, 0.395585298538208, 0.5871362686157227]",El profesor explicó la lección los alumnos en clase.,20,0,1,0
0,no,SI,A,1,101,31,no,no,Clara fue a la farmacia con su hermana.,"[0.23223042488098145, 0.38908815383911133, 0.5853266716003418, 0.33617615699768066, 0.26515650749206543, 0.4189629554748535, 0.30289316177368164, 0.28113651275634766, 0.44925451278686523, 0.354994535446167, 0.5574777126312256]",Clara fue con su hermanas a la farmacia después del desayuno.,20,1,1,0
0,no,0,0,0,101,32,no,no,0,"[0.20122623443603516, 0.46187663078308105, 0.32795238494873047, 0.30123424530029297, 0.29906654357910156, 0.28208017349243164, 0.3614814281463623, 1.4056980609893799]",Salimos temprano para evitar el tráfico la carretera.,20,2,1,0
0,no,SI,A,1,101,33,no,no,Maria y su hermana estaban en la biblioteca.,"[0.3727102279663086, 0.32556891441345215, 0.23575282096862793, 0.24182772636413574, 0.401531457901001, 0.38896894454956055, 0.3885626792907715, 0.5737283229827881, 1.488553762435913]",María dio el libro su hermana en la biblioteca.,20,0,1,0
0,no,NO,E,1,6,34,no,no,El beso tuvo lugar en un museo.,"[0.4461345672607422, 0.3524317741394043, 0.3130300045013428, 0.2762305736541748, 0.3748183250427246, 0.536085844039917, 0.3206048011779785, 0.3413412570953369, 0.4108757972717285, 1.101114273071289]",Francisco besó la novia en la iglesia durante unos segundos.,20,3,1,0
0,no,NO,E,1,31,35,no,no,Miguel tuvo que esperar una semana.,"[0.42301106452941895, 0.27741384506225586, 0.19219136238098145, 0.19124698638916016, 0.17700719833374023, 0.2704179286956787, 0.4931771755218506, 0.31120729446411133, 0.3323941230773926, 0.32433557510375977, 0.8370523452758789]",Miguel recibió a la invitada en la casa en un día.,20,0,1,0
0,no,0,0,0,35,36,no,no,0,"[0.4134223461151123, 0.32486701011657715, 0.21214556694030762, 0.20396757125854492, 0.3952357769012451, 0.12129807472229004, 0.272047758102417, 0.23261761665344238, 0.35964441299438477, 0.40831685066223145]",Carlos vigiló la operación en la habitación durante unas horas.,20,5,1,0
0,no,NO,A,1,2,37,no,no,La acción tuvo lugar en el parque.,"[0.28654980659484863, 0.46244025230407715, 0.4729123115539551, 0.494762659072876, 0.5640368461608887, 0.3638629913330078, 0.5612890720367432, 0.37029099464416504, 0.5160791873931885, 1.5206208229064941]",Simón pateó la pelota en la cancha en un instante.,20,5,1,0
0,no,0,0,0,24,38,no,no,0,"[0.40035438537597656, 0.4716808795928955, 0.2755470275878906, 0.20694303512573242, 0.17879056930541992, 0.2230665683746338, 0.15140485763549805, 0.5158734321594238, 0.34786081314086914, 0.5376763343811035]",Coral guió la decisión en el palacio en una hora.,20,5,1,0
0,no,0,0,0,17,39,no,no,0,"[0.20741510391235352, 0.5182497501373291, 0.28016185760498047, 0.18025755882263184, 0.2684814929962158, 0.32726597785949707, 0.18709325790405273, 0.1632535457611084, 0.11147189140319824, 0.45208024978637695, 0.3716764450073242]",Luis zarandeó a una mujer en la casa durante algunos minutos.,20,1,1,0
0,no,0,0,0,47,40,no,no,0,"[0.17040133476257324, 0.46384263038635254, 0.1853806972503662, 0.22943663597106934, 0.3252992630004883, 0.2406003475189209, 0.19039034843444824, 0.4208080768585205, 0.3527078628540039, 0.5743899345397949]",Marta descartó la aspirante en la selección en un día.,20,3,1,0
0,no,0,0,0,101,41,no,no,0,"[0.35718560218811035, 0.25807619094848633, 0.39087486267089844, 0.34733033180236816, 0.45289134979248047, 0.3790547847747803, 0.740380048751831, 0.5808336734771729, 0.9594149589538574, 1.1742732524871826]",El jefe convocó urgentemente a reunión a todos el empleados.,20,1,1,0
0,no,0,0,0,100,42,no,no,0,"[0.3612382411956787, 0.3643331527709961, 0.3303549289703369, 0.33760499954223633, 0.33020472526550293, 0.3494086265563965, 0.34862661361694336, 0.3579556941986084, 0.40051913261413574, 0.6027987003326416]",Isabel enseñó la receta a su prima en la cocina.,20,0,1,0
0,no,0,0,0,49,43,no,no,0,"[0.42681455612182617, 0.4434638023376465, 0.35052990913391113, 0.345782995223999, 0.39835333824157715, 0.40528297424316406, 0.4098019599914551, 0.6364679336547852, 0.5284101963043213, 1.2648825645446777]",Alba mencionó la ciudad en el teatro tras varios minutos.,20,5,1,0
0,no,0,0,0,101,44,no,no,0,"[0.4422295093536377, 0.3055078983306885, 0.2351689338684082, 0.26621508598327637, 0.3054506778717041, 0.34021592140197754, 0.3208000659942627, 0.39167118072509766, 0.4770355224609375, 1.1855411529541016]",Laura mostró las fotos a sus amigas en la parque.,20,0,1,0
0,no,0,0,0,42,45,no,no,0,"[0.35178518295288086, 0.5002000331878662, 0.4022972583770752, 0.40373992919921875, 0.37804722785949707, 0.4060957431793213, 0.38750624656677246, 0.423525333404541, 0.44051575660705566, 0.5149211883544922, 0.620901346206665]",Ismael encontró a la conocida en la carretera en pocas horas.,20,0,1,0
0,no,0,0,0,100,46,no,no,0,"[0.7384374141693115, 0.378709077835083, 0.30382227897644043, 0.19082307815551758, 0.6860330104827881, 0.1821746826171875, 0.40445470809936523, 0.3525979518890381, 0.3497474193572998, 0.4502696990966797]",Miguel alquiló una bicicleta a un turista en la estación.,20,0,1,0
0,no,SI,A,1,101,47,no,no,Ayer estudiaron matemáticas.,"[0.18808197975158691, 0.5733447074890137, 0.30274081230163574, 0.29781079292297363, 0.2858455181121826, 0.6927087306976318, 0.5357189178466797, 0.37677502632141113, 0.6677465438842773, 0.4537789821624756]",Nos sentamos juntos para estudiando matemáticas toda la tarde ayer.,20,2,1,0
0,no,SI,A,1,3,48,no,no,Lo que Pedro hizo fue un secuestro.,"[0.6633815765380859, 0.21289420127868652, 0.18029570579528809, 0.32186293601989746, 0.5936777591705322, 0.316800594329834, 0.34212732315063477, 0.5974698066711426, 0.21552395820617676, 0.45606541633605957, 0.5050508975982666]",Pablo secuestró a la turista en el aeropuerto durante una hora.,20,0,1,0
0,no,SI,A,1,100,49,no,no,El gato está sobre la manta cerca del sofá.,"[0.3523581027984619, 0.29895687103271484, 0.16327595710754395, 0.24468088150024414, 0.1784825325012207, 0.24235224723815918, 0.18385624885559082, 0.36141467094421387, 0.4931948184967041, 0.4865763187408447]",El gato duerme tranquilo sobre la manta cerca del sofá.,20,2,1,0
0,no,NO,E,1,100,50,no,no,Lucía y su compañero estaban en el salón.,"[0.5510447025299072, 0.1860339641571045, 0.2044072151184082, 0.20189261436462402, 0.262465238571167, 0.2954282760620117, 0.26055335998535156, 0.41253113746643066, 0.3134446144104004, 0.46904850006103516]",Lucía ofreció un café a su compañero en la cocina.,20,0,1,0
0,no,NO,E,1,46,51,no,no,Alejandro estaba en el centro comercial.,"[0.6183195114135742, 0.3068530559539795, 0.3183259963989258, 0.3230092525482178, 0.3150632381439209, 0.31771016120910645, 0.30315446853637695, 0.2793276309967041, 0.5733582973480225, 0.4073677062988281, 0.46906399726867676]",Alejandro identificó a la agresora en el aeropuerto en dos horas.,20,0,1,0
0,no,0,0,0,100,52,no,no,0,"[0.4160950183868408, 0.27034878730773926, 0.21877598762512207, 0.26803135871887207, 0.22802400588989258, 0.2423863410949707, 0.2740316390991211, 0.2755727767944336, 0.6973011493682861, 0.48276615142822266]",El gato saltó a la mesa para robar la comida.,20,1,1,0
0,no,0,0,0,100,53,no,no,0,"[0.44985532760620117, 0.319094181060791, 0.2084505558013916, 0.197831392288208, 0.4356257915496826, 0.29933595657348633, 0.21925568580627441, 0.45267653465270996, 0.3348124027252197, 0.5927920341491699]",Vamos caminando todos los días a pie hasta el colegio.,20,1,1,0
0,no,NO,E,1,100,54,no,no,El tren llegó con retraso.,"[0.45732641220092773, 0.1689927577972412, 0.13019895553588867, 0.47358107566833496, 0.49266529083251953, 0.29781317710876465, 0.4234776496887207, 0.3600277900695801, 0.3924236297607422, 0.6130921840667725]",El tren llegó puntual a la estación bajo la lluvia.,20,2,1,0
0,no,SI,A,1,100,55,no,no,Laura se fue a Inglaterra.,"[0.4404900074005127, 0.4192383289337158, 0.3172285556793213, 0.31090641021728516, 0.4040708541870117, 0.35577917098999023, 0.3225104808807373, 0.37443065643310547, 0.7074415683746338, 0.8037838935852051]",Laura se fue de vacaciones a Londres la semana pasada.,20,1,1,0
0,no,0,0,0,43,56,no,no,0,"[0.42377662658691406, 0.381319522857666, 0.4009387493133545, 0.4126152992248535, 0.3485703468322754, 0.31167078018188477, 0.7031095027923584, 0.4603142738342285, 0.44536280632019043, 2.8248655796051025]",Sofía conoció la verdad en el colegio en dos días.,20,5,1,0
0,no,0,0,0,19,57,no,no,0,"[0.37105274200439453, 0.2951395511627197, 0.21677613258361816, 0.3360302448272705, 0.29956769943237305, 0.309720516204834, 0.2591266632080078, 0.39080238342285156, 0.4161341190338135, 0.7664523124694824]",Lucas arrastró la víctima en la calle por un tiempo.,20,3,1,0
0,no,0,0,0,100,58,no,no,0,"[0.42083072662353516, 0.17518019676208496, 1.0400390625, 0.4045743942260742, 0.29422807693481445, 0.35605883598327637, 0.3299844264984131, 0.29075193405151367, 0.5413775444030762, 0.9676525592803955]",Los pájaros vuelan alto sobre los árboles en primavera alegre.,20,2,1,0
0,no,0,0,0,7,59,no,no,0,"[0.36596202850341797, 0.1953115463256836, 0.2698512077331543, 0.2434368133544922, 0.2817678451538086, 0.33233642578125, 0.3393065929412842, 1.0041344165802002, 0.42037010192871094, 0.42041802406311035, 0.6873993873596191]",Tomás empujó a la vieja a la puerta en pocos segundos.,20,0,1,0
0,no,NO,E,1,16,60,no,no,La guerra duró más de dos años.,"[0.24808692932128906, 0.43643784523010254, 0.34689855575561523, 0.2908496856689453, 0.20003700256347656, 0.3734252452850342, 0.5879318714141846, 0.1783618927001953, 0.3874843120574951, 0.634749174118042]",Valentina venció una adversaria en la guerra en dos años.,20,4,1,0
0,no,SI,A,1,0,61,no,no,La acción tuvo lugar en la calle.,"[0.487668514251709, 0.14733624458312988, 0.35365748405456543, 0.32091426849365234, 0.38878536224365234, 0.15439057350158691, 0.4238464832305908, 0.7501978874206543, 0.3726389408111572, 0.6737453937530518, 0.5670742988586426]",Juan golpeó a la piedra en la calle en diez segundos.,20,2,1,0
0,no,SI,A,1,32,62,no,no,Martin estaba en el hospital.,"[0.583486795425415, 0.32750725746154785, 0.19975566864013672, 0.18552136421203613, 0.3019826412200928, 0.30068111419677734, 0.16943097114562988, 0.1945643424987793, 0.4532320499420166, 0.37131452560424805]",Martín buscó una médica en el hospital durante dos horas.,20,4,1,0
0,no,NO,E,1,25,63,no,no,Pedro observó durante unos minutos.,"[0.43541669845581055, 0.2843472957611084, 0.19002318382263184, 0.26758885383605957, 0.17376065254211426, 0.5884702205657959, 0.343947172164917, 0.4477863311767578, 0.38619470596313477, 0.5578598976135254, 0.7507615089416504]",Pedro observó a la planta en la oficina durante una hora.,20,2,1,0
0,no,NO,E,1,34,64,no,no,Carmen vio una representación teatral.,"[0.5474400520324707, 0.39655303955078125, 0.37404608726501465, 0.4172813892364502, 0.3741486072540283, 0.3447730541229248, 0.381911039352417, 0.46027636528015137, 0.47395896911621094, 0.07733368873596191]",Carmen odió una vendedora en el cine durante la película.,20,4,1,0
0,no,0,0,0,48,65,no,no,0,"[0.5574040412902832, 0.606694221496582, 0.38915276527404785, 0.43176937103271484, 0.450514554977417, 0.6579844951629639, 0.21763992309570312, 0.49033665657043457, 0.9877231121063232, 0.6728997230529785]",Samuel descubrió la infiltrada en el museo en pocas horas.,20,3,1,0
0,no,0,0,0,36,66,no,no,0,"[0.5459721088409424, 0.2493131160736084, 0.19142627716064453, 0.2599818706512451, 0.22306323051452637, 0.1451270580291748, 0.7154190540313721, 0.2460780143737793, 0.1715385913848877, 0.4898509979248047, 0.6762676239013672]",Irene oyó a una niña en la sala durante una noche.,20,1,1,0
0,no,0,0,0,101,67,no,no,0,"[0.526024580001831, 0.35204529762268066, 0.34104037284851074, 0.340834379196167, 0.35373616218566895, 0.4022812843322754, 0.42224621772766113, 0.616508960723877, 1.139465570449829]",Pedro devolvió el libro la biblioteca el lunes pasado.,20,0,1,0
0,no,NO,E,1,101,68,no,no,Luis envió un paquete a su hermano.,"[0.5452673435211182, 0.41350865364074707, 0.8399217128753662, 0.44429731369018555, 0.4063100814819336, 0.3585638999938965, 0.5515923500061035, 0.3690671920776367, 0.6828548908233643]",Luis envíe un paquete a su primo en Alemania.,20,0,1,0
0,no,0,0,0,100,69,no,no,0,"[0.44585323333740234, 0.17314505577087402, 0.33624958992004395, 0.2049875259399414, 0.341494083404541, 0.32642459869384766, 0.41942715644836426, 0.4593982696533203, 0.4564847946166992, 0.9967901706695557]",El mensajero entregó el paquete a Marta en su casa.,20,0,1,0
0,no,0,0,0,101,70,no,no,0,"[0.35274767875671387, 0.32147908210754395, 0.17992854118347168, 0.19335532188415527, 0.2645432949066162, 0.27965855598449707, 0.4470195770263672, 0.5137646198272705, 0.5767049789428711]",Me gusta caminar la ciudad cuando hace buen tiempo.,20,2,1,0
0,no,NO,E,1,18,71,no,no,María iba en bicicleta.,"[0.7258265018463135, 0.37803220748901367, 0.47125935554504395, 0.3286280632019043, 0.31086039543151855, 0.42023444175720215, 0.2537357807159424, 0.3256263732910156, 0.4858520030975342, 0.3647611141204834, 0.6697003841400146]",María transportó a una mochilera en la furgoneta durante un día.,20,1,1,0
0,no,NO,E,1,100,72,no,no,Ayer fueron al teatro.,"[0.40348315238952637, 0.2893187999725342, 0.2790229320526123, 0.23940086364746094, 0.22657132148742676, 0.23951077461242676, 0.2365725040435791, 0.2646455764770508, 0.45778918266296387]",Ayer fueron al cine a ver una película divertida.,20,2,1,0
0,no,0,0,0,100,73,no,no,0,"[0.3144857883453369, 0.29406070709228516, 0.2249281406402588, 0.21871185302734375, 0.2255258560180664, 0.21834969520568848, 0.214888334274292, 0.20183658599853516, 0.40663957595825195, 0.4577059745788574]",Julia pasó la sal a su madre durante la cena.,20,0,1,0
0,no,0,0,0,38,74,no,no,0,"[0.35245513916015625, 0.5518031120300293, 0.2892317771911621, 0.18183588981628418, 0.21245574951171875, 0.21122026443481445, 0.20899748802185059, 0.2149677276611328, 0.23854470252990723, 0.38101863861083984, 0.5113234519958496]",Unai amó a la vida en su pueblo durante varios años.,20,2,1,0
0,no,SI,A,1,14,75,no,no,Helena estaba jugando un partido de fútbol.,"[0.713200569152832, 0.4101297855377197, 0.24753975868225098, 0.1934678554534912, 0.2849407196044922, 0.34040307998657227, 0.28830790519714355, 0.30869412422180176, 0.4104585647583008, 0.4534626007080078]",Helena derribó la futbolista en el campo durante el partido.,20,3,1,0
0,no,0,0,0,101,76,no,no,0,"[0.3807799816131592, 0.33571529388427734, 0.17602062225341797, 0.1700279712677002, 0.1790759563446045, 0.43222570419311523, 0.18957948684692383, 0.16805481910705566, 0.5287473201751709, 0.7067883014678955]",Sara contó la historia a sus hijo antes de dormir.,20,0,1,0
0,no,SI,A,1,100,77,no,no,Ellos corren en el centro.,"[0.6095783710479736, 0.2933218479156494, 0.21103882789611816, 0.2516782283782959, 0.2673683166503906, 0.2410120964050293, 0.23169803619384766, 0.21967434883117676, 0.45496177673339844, 0.6291112899780273]",Ellos corren todas las mañanas por el parque del centro.,20,2,1,0
0,no,0,0,0,13,78,no,no,0,"[0.35742759704589844, 0.36711597442626953, 0.27007031440734863, 0.21741580963134766, 0.2793118953704834, 0.33890533447265625, 0.2684438228607178, 0.25151491165161133, 0.33065080642700195, 0.3328983783721924, 0.6385927200317383]",Martina atropelló a la anciana en el aparcamiento en pocos minutos.,20,0,1,0
0,no,SI,A,1,27,79,no,no,Felipe es presentador de teatro.,"[0.3466472625732422, 0.21394729614257812, 0.2761962413787842, 0.17824840545654297, 0.2518608570098877, 0.2845146656036377, 0.320953369140625, 0.3724946975708008, 0.45328712463378906, 0.609870195388794]",Felipe anunció la actuación en el escenario en cinco minutos.,20,5,1,0
0,no,NO,E,1,12,80,no,no,El combate duró varias horas.,"[0.4558091163635254, 0.22015833854675293, 0.2537252902984619, 0.20357465744018555, 0.21509432792663574, 0.31388163566589355, 0.25518083572387695, 0.29793763160705566, 0.3068420886993408, 0.5049548149108887]",Paula abatió la contrincante en el ring en pocos minutos.,20,3,1,0
0,no,NO,A,1,100,81,no,no,Andrés contó una historia,"[0.5010995864868164, 0.19785475730895996, 0.17595529556274414, 0.18308734893798828, 0.17757415771484375, 0.43091511726379395, 0.3522508144378662, 0.3973219394683838, 0.32408857345581055, 0.6880927085876465]",Andrés cantó una canción a su hija antes de acostarla.,20,0,1,0
0,no,0,0,0,20,82,no,no,0,"[0.43531203269958496, 0.3249824047088623, 0.31112170219421387, 0.22703051567077637, 0.28182005882263184, 0.2725956439971924, 0.3056938648223877, 0.32987070083618164, 0.5128037929534912, 2.048050880432129]",Claudia maltrató la camiseta en la casa durante varios años.,20,5,1,0
0,no,0,0,0,10,83,no,no,0,"[0.20813965797424316, 0.3836545944213867, 0.2097301483154297, 0.20755529403686523, 0.20455455780029297, 0.2111210823059082, 0.25837159156799316, 0.24926090240478516, 0.3244297504425049, 0.43657922744750977, 0.34575891494750977]",Mateo eliminó a una rehén en el banco en pocos segundos.,20,1,1,0
0,no,0,0,0,100,84,no,no,0,"[0.42234373092651367, 0.17614340782165527, 0.16417574882507324, 0.3055858612060547, 0.2809159755706787, 0.5695500373840332, 0.3875875473022461, 0.201904296875, 0.4397156238555908, 0.4361145496368408, 0.4887967109680176]",El técnico reparó el ordenador a un cliente en la tienda.,20,0,1,0
0,no,SI,A,1,39,85,no,no,Valeria fue a un concierto.,"[0.4905092716217041, 0.396625280380249, 0.9853396415710449, 0.4448115825653076, 0.46333861351013184, 0.4670870304107666, 0.5381405353546143, 0.39487218856811523, 0.4737846851348877, 0.7146167755126953]",Valeria admiró la escenografía en el teatro durante el concierto.,20,5,1,0
0,no,No,E,1,100,86,no,no,El bebé dormía plácidamente.,"[0.20570921897888184, 0.38628721237182617, 0.31064915657043457, 0.2763094902038574, 0.30292534828186035, 0.316699743270874, 0.33493614196777344, 0.3894674777984619, 0.34221959114074707, 1.2397043704986572]",El bebé lloraba constantemente durante la noche sin razón aparente.,20,2,1,0
0,no,0,0,0,100,87,no,no,0,"[0.45260119438171387, 0.3028120994567871, 0.3425884246826172, 0.35257720947265625, 0.3356349468231201, 0.272691011428833, 0.26388072967529297, 0.23115873336791992, 0.2737452983856201, 0.2633373737335205, 0.6620705127716064]",Mi hermano vendió su coche a un amigo de la universidad.,20,0,1,0
0,no,0,0,0,100,88,no,no,0,"[0.19309759140014648, 0.5698623657226562, 0.18681645393371582, 0.29920125007629395, 0.3147392272949219, 0.33028173446655273, 0.2159137725830078, 0.39095592498779297, 0.4578864574432373, 0.38265061378479004, 0.7369420528411865]",Me encontré inesperadamente a Paula en el tren de las siete.,20,1,1,0
0,no,SI,A,1,37,89,no,no,Isabel miraba por la ventana.,"[0.6826033592224121, 0.21981596946716309, 0.23587846755981445, 0.27768898010253906, 0.2143104076385498, 0.3018958568572998, 0.729680061340332, 0.29106903076171875, 0.49863481521606445, 0.3107576370239258, 0.9101691246032715]",Isabel vió a la tormenta desde su ventana durante una mañana.,20,2,1,0
0,no,NO,E,1,101,90,no,no,El avión despegó con retraso.,"[0.4009742736816406, 0.28418421745300293, 0.25617003440856934, 0.2583343982696533, 0.44572877883911133, 0.18301606178283691, 0.168226957321167, 0.47046327590942383, 0.3194289207458496, 0.7695069313049316]",El avión despegó puntualmente a la siete de la mañana.,20,1,1,0
0,no,NO,E,1,100,91,no,no,Viajan a Argentina cada invierno.,"[0.3844723701477051, 0.33275699615478516, 0.16668987274169922, 0.2788209915161133, 0.22399306297302246, 0.4439430236816406, 0.3009769916534424, 0.6001696586608887, 0.41199803352355957]",Mis padres viajan en avión a Argentina cada verano.,20,1,1,0
0,no,0,0,0,101,92,no,no,0,"[0.38991832733154297, 0.15261507034301758, 0.15478110313415527, 0.29285454750061035, 0.4030880928039551, 0.3254358768463135, 0.7598237991333008, 0.3495497703552246, 0.4586217403411865]",La película empiezan exactamente a las ocho en punto.,20,1,1,0
0,no,SI,A,1,101,93,no,no,El camarero sonrió.,"[0.6650815010070801, 0.18105053901672363, 0.1737968921661377, 0.25792622566223145, 0.19391369819641113, 0.16303014755249023, 0.5986652374267578, 0.256744384765625, 0.5175871849060059, 0.31882405281066895, 0.49492359161376953]",El camarero trajo el cuenta a los clientes con una sonrisa.,20,0,1,0
0,no,0,0,0,101,94,no,no,0,"[0.41808104515075684, 0.18419504165649414, 0.25966358184814453, 0.18399882316589355, 0.16314697265625, 0.17203307151794434, 0.37539124488830566, 0.39237236976623535, 0.4098968505859375, 0.4988381862640381]",Jorge compró un regalo su novia en el centro comercial.,20,0,1,0
0,no,0,0,0,100,95,no,no,0,"[0.4401099681854248, 0.36235952377319336, 0.17267465591430664, 0.1515655517578125, 0.16333484649658203, 0.5768177509307861, 0.2680623531341553, 0.2569756507873535, 0.34312915802001953, 0.6047675609588623]",El niño duerme tranquilo en su cama todas las noches.,20,2,1,0
0,no,0,0,0,101,96,no,no,0,"[0.6488349437713623, 0.17842340469360352, 0.15914177894592285, 0.42098021507263184, 0.36826467514038086, 0.2808666229248047, 0.26874470710754395, 0.2798187732696533, 0.5435783863067627, 0.46477794647216797]",El perro ladran fuerte cada vez que pasa un coche.,20,2,1,0
0,no,0,0,0,101,97,no,no,0,"[0.6595680713653564, 0.3277428150177002, 0.22413015365600586, 0.21835565567016602, 0.26224422454833984, 0.29854559898376465, 0.5490963459014893, 0.3070700168609619, 0.31070947647094727, 0.4425067901611328]",María se despertó sobresaltado a los gritos de su hermano.,20,1,1,0
0,no,SI,A,1,22,98,no,no,Hubo un asedio en la región.,"[0.48217153549194336, 0.31754159927368164, 0.39389967918395996, 0.24029183387756348, 0.18558859825134277, 0.291414737701416, 0.17519021034240723, 0.19857382774353027, 0.2892453670501709, 0.3455986976623535, 0.4158182144165039]",Carla asedió a la ciudad en la región durante bastante tiempo.,20,2,1,0
0,no,0,0,0,100,99,no,no,0,"[0.36875391006469727, 0.3605077266693115, 0.19682002067565918, 0.16906261444091797, 0.246598482131958, 0.27884578704833984, 0.2066338062286377, 0.3155703544616699, 0.3774123191833496, 0.3713858127593994, 0.5009911060333252]",La lluvia cayó fuerte sobre el techo durante toda la noche.,20,2,1,0
0,no,0,0,0,100,100,no,no,0,"[0.5708653926849365, 0.45924830436706543, 0.19057655334472656, 0.2973361015319824, 0.24312853813171387, 0.24819469451904297, 0.27694106101989746, 0.4086005687713623, 0.28833436965942383, 0.4141829013824463]",Rosa recomendó un libro a su colega durante el almuerzo.,20,0,1,0
0,no,NO,E,1,100,101,no,no,El coche era azul.,"[0.3639359474182129, 0.19586586952209473, 0.2242722511291504, 0.18195080757141113, 0.24048328399658203, 0.40677952766418457, 0.2804248332977295, 0.2849159240722656, 0.3468434810638428, 0.5403599739074707]",El coche rojo aparcó frente a la casa de Marta.,20,2,1,0
0,no,NO,E,1,101,102,no,no,El dueño fue reconocido por su gato.,"[0.8577132225036621, 0.6537673473358154, 0.5527684688568115, 0.3195962905883789, 0.2941749095916748, 0.33907341957092285, 0.3395404815673828, 0.36812710762023926, 0.4550657272338867, 0.6865768432617188]",El perro corrió felizmente a su dueño cuando le reconoció.,20,1,1,0
0,no,NO,E,1,1,103,no,no,Carlos tardó mucho en hacer el asalto.,"[0.4743490219116211, 0.36341428756713867, 0.2886960506439209, 0.3016669750213623, 0.2770559787750244, 0.28401660919189453, 0.24544644355773926, 0.2565462589263916, 0.2375040054321289, 0.47576308250427246]",Carlos asaltó una conductora en el barrio en pocos instantes.,20,4,1,0
0,no,0,0,0,4,104,no,no,0,"[0.4515872001647949, 0.3128974437713623, 0.30435800552368164, 0.280411958694458, 0.313983678817749, 0.2775115966796875, 0.2782719135284424, 0.27814698219299316, 0.19026637077331543, 0.466336727142334]",Jorge arrolló la ciclista en la calle en un segundo.,20,3,1,0
0,no,SI,A,1,100,105,no,no,Ana escribió la carta desde la playa.,"[0.3850586414337158, 0.1826615333557129, 0.30028367042541504, 0.18670320510864258, 0.27732110023498535, 0.23476076126098633, 0.2616841793060303, 0.2983720302581787, 0.36986565589904785, 0.47138309478759766]",Ana escribió una carta a su abuela desde la playa.,20,0,1,0
3,no,0,0,0,100,0,yes,yes,0,0,La conferencia empezará con puntualidad a las diez y media.,20,1,1,0
4,no,0,0,0,100,1,yes,yes,0,0,El ladrón escapó a toda prisa por la puerta trasera.,20,1,1,0
3,no,0,0,0,100,2,yes,yes,0,0,Los niños corrieron a la plaza con sus amigos.,20,1,1,0
4,no,NO,0,1,100,3,yes,yes,Llegaron a la universidad cuando ya estaba cerrada.,0,Los estudiantes llegaron a la universidad antes de que cerrara.,20,1,1,0
0,no,SI,0,1,27,0,yes,no,Felipe es presentador de teatro.,0,Felipe anunció a la actuación en el escenario en cinco minutos.,20,2,1,0
2,no,SI,0,1,9,1,yes,no,Había fuego en la plaza.,0,Carlos quemó a la bruja en la plaza en pocos minutos.,20,0,1,0
3,no,0,0,0,11,2,yes,no,0,0,Valeria neutralizó la bomba en la frontera en cinco minutos.,20,5,1,0
4,no,SI,0,1,3,3,yes,no,Lo que Pedro hizo fue un secuestro.,0,Pablo secuestró a una turista en el aeropuerto durante una hora.,20,1,1,0
1,no,0,0,0,36,4,yes,no,0,0,Irene oyó una niña en la sala durante una noche.,20,4,1,0
3,no,0,0,0,10,5,yes,no,0,0,Mateo eliminó a una rehén en el banco en pocos segundos.,20,1,1,0
4,no,NO,0,1,12,6,yes,no,El combate duró varias horas.,0,Paula abatió a una contrincante en el ring en pocos minutos.,20,1,1,0
3,no,0,0,0,42,7,yes,no,0,0,Ismael encontró a la conocida en la carretera en pocas horas.,20,0,1,0
4,no,0,0,0,35,8,yes,no,0,0,Carlos vigiló una niña en la habitación durante unas horas.,20,4,1,0
3,no,SI,0,1,28,9,yes,no,Anna estaba en la escuela.,0,Anna comprendió la tarea en la escuela en dos minutos.,20,5,1,0
4,no,SI,0,1,37,10,yes,no,Isabel miraba por la ventana.,0,Isabel vió a la estudiante desde su ventana durante una mañana.,20,0,1,0
3,no,NO,0,1,1,11,yes,no,Carlos tardó mucho en hacer el asalto.,0,Carlos asaltó la conductora en el barrio en pocos instantes.,20,3,1,0
1,no,0,0,0,5,12,yes,no,0,0,Manuel abrazó la planta en el parque en pocos instantes.,20,5,1,0
1,no,NO,0,1,6,13,yes,no,El beso tuvo lugar en un museo.,0,Francisco besó a una novia en la iglesia durante unos segundos.,20,1,1,0
4,no,0,0,0,29,14,yes,no,0,0,Alfonso miró a la granjera en la colina durante dos horas.,20,0,1,0
0,no,NO,0,1,31,15,yes,no,Miguel tuvo que esperar una semana.,0,Miguel recibió la invitada en la casa en un día.,20,3,1,0
4,no,0,0,0,19,16,yes,no,0,0,Lucas arrastró a una víctima en la calle por un tiempo.,20,1,1,0
3,no,0,0,0,17,17,yes,no,0,0,Luis zarandeó a la mujer en la casa durante algunos minutos.,20,0,1,0
1,no,0,0,0,13,18,yes,no,0,0,Martina atropelló la carreta en el aparcamiento en pocos minutos.,20,5,1,0
0,no,SI,0,1,14,19,yes,no,Helena estaba jugando un partido de fútbol.,0,Helena derribó la futbolista en el campo durante el partido.,20,3,1,0
1,no,SI,0,1,22,20,yes,no,Hubo un asedio en la región.,0,Carla asedió a la ciudad en la región durante bastante tiempo.,20,2,1,0
1,no,SI,0,1,15,21,yes,no,Lucia estaba en un bar.,0,Lucía destrozó la mesa en el bar en diez minutos.,20,5,1,0
0,no,0,0,0,24,22,yes,no,0,0,Coral guió a la decisión en el palacio en una hora.,20,2,1,0
4,no,SI,0,1,32,23,yes,no,Martin estaba en el hospital.,0,Martín buscó la médica en el hospital durante dos horas.,20,3,1,0
2,no,NO,0,1,34,24,yes,no,Carmen vio una representación teatral.,0,Carmen odió a la música en el cine durante la película.,20,2,1,0
4,no,0,0,0,23,25,yes,no,0,0,Daniel remolcó a una enferma en la calle durante algunos minutos.,20,1,1,0
1,no,NO,0,1,46,26,yes,no,Alejandro estaba en el centro comercial.,0,Alejandro identificó a la amenaza en el aeropuerto en dos horas.,20,2,1,0
3,no,SI,0,1,39,27,yes,no,Valeria fue a un concierto.,0,Valeria admiró una cantante en el teatro durante el concierto.,20,4,1,0
1,no,0,0,0,21,28,yes,no,0,0,Hugo apaleó una rebelde en la calle durante varios minutos.,20,4,1,0
0,no,0,0,0,7,29,yes,no,0,0,Tomás empujó a la vieja a la puerta en pocos segundos.,20,0,1,0
4,no,0,0,0,30,30,yes,no,0,0,Carlos esperó a la profesora en la esquina durante una hora.,20,0,1,0
4,no,NO,0,1,25,31,yes,no,Pedro observó durante unos minutos.,0,Pedro observó a una secretaria en la oficina durante una hora.,20,1,1,0
4,no,NO,0,1,18,32,yes,no,María iba en bicicleta.,0,María transportó la guitarra en la furgoneta durante un día.,20,5,1,0
1,no,0,0,0,20,33,yes,no,0,0,Claudia maltrató una compañera en la casa durante varios años.,20,4,1,0
0,no,0,0,0,47,34,yes,no,0,0,Marta descartó la sospecha en la selección en un día.,20,5,1,0
2,no,NO,0,1,16,35,yes,no,La guerra duró más de dos años.,0,Valentina venció la resistencia en la guerra en dos años.,20,5,1,0
1,no,SI,0,1,0,36,yes,no,La acción tuvo lugar en la calle.,0,Juan golpeó la actriz en la calle en diez segundos.,20,3,1,0
3,no,0,0,0,26,37,yes,no,0,0,Juan escuchó una vecina en el balcón durante una noche.,20,4,1,0
3,no,NO,0,1,2,38,yes,no,La acción tuvo lugar en el parque.,0,Simón pateó a la jugadora en la cancha en un instante.,20,0,1,0
0,no,0,0,0,40,39,yes,no,0,0,Adrián percibió a la sombra detrás de él durante algunos minutos.,20,2,1,0
1,no,0,0,0,38,40,yes,no,0,0,Unai amó a la jovencita en su pueblo durante varios años.,20,0,1,0
3,no,SI,0,1,41,41,yes,no,Emma pasó semanas investigando.,0,Emma investigó una empresaria en la ciudad durante varias semanas.,20,4,1,0
0,no,0,0,0,33,42,yes,no,0,0,Marco imaginó a la fiesta en la playa durante dos minutos.,20,2,1,0
3,no,0,0,0,44,43,yes,no,0,0,Martín detectó la intrusa en el hospital en dos minutos.,20,3,1,0
3,no,0,0,0,49,44,yes,no,0,0,Alba mencionó la ciudad en el teatro tras varios minutos.,20,5,1,0
1,no,0,0,0,48,45,yes,no,0,0,Samuel descubrió a la tabla en el museo en pocas horas.,20,2,1,0
4,no,SI,0,1,8,46,yes,no,Helena estaba en el patio.,0,Helena colgó una criminal en el patio en cinco minutos.,20,4,1,0
4,no,0,0,0,45,47,yes,no,0,0,Gabriela localizó la amiga en la ciudad en dos minutos.,20,3,1,0
3,no,0,0,0,43,48,yes,no,0,0,Sofía conoció la chica en el colegio en dos días.,20,3,1,0
3,no,0,0,0,4,49,yes,no,0,0,Jorge arrolló a una ciclista en la calle en un segundo.,20,1,1,0
4,yes,0,0,0,4,0,yes,no,0,0,Lo que Paula hizo a la contrincante fue abatirla.,20,6,1,0
4,yes,0,0,0,4,1,yes,no,0,0,Lo que Manuel hizo a la señora fue abrazarla.,20,6,1,0
4,yes,0,0,0,4,2,yes,no,0,0,Lo que Adrián hizo a la mujer fue percibirla.,20,6,1,0
2,yes,0,0,0,4,3,yes,no,0,0,Lo que Carlos hizo a la profesora fue esperarla.,20,6,1,0
4,yes,0,0,0,4,4,yes,no,0,0,Lo que Mateo hizo a la rehén fue eliminarla.,20,6,1,0
3,yes,0,0,0,4,5,yes,no,0,0,Lo que Daniel hizo a la enferma fue remolcarla.,20,6,1,0
3,yes,0,0,0,4,6,yes,no,0,0,Lo que Martina hizo a la anciana fue atropellarla.,20,6,1,0
4,yes,0,0,0,4,7,yes,no,0,0,Lo que Carlos le hizo a la conductora fue asaltarla.,20,6,1,0
4,yes,0,0,0,4,8,yes,no,0,0,Lo que Simón le hizo a la jugadora fue patearla.,20,6,1,0
4,yes,0,0,0,4,9,yes,no,0,0,Lo que Martín hizo a la intrusa fue detectarla.,20,6,1,0
3,yes,0,0,0,4,10,yes,no,0,0,Lo que Samuel hizo a la infiltrada fue descubrirla.,20,6,1,0
2,yes,0,0,0,4,11,yes,no,0,0,Lo que Juan hizo a la vecina fue escucharla.,20,6,1,0
4,yes,0,0,0,4,12,yes,no,0,0,Lo que Valeria hizo a la criminal fue neutralizarla.,20,6,1,0
1,yes,0,0,0,4,13,yes,no,0,0,Lo que Alba hizo a la actriz fue mencionarla.,20,6,1,0
2,yes,0,0,0,4,14,yes,no,0,0,Lo que Francisco hizo a la novia fue besarla.,20,6,1,0
3,yes,0,0,0,4,15,yes,no,0,0,Lo que Alejandro hizo a la agresora fue identificarla.,20,6,1,0
2,yes,0,0,0,4,16,yes,no,0,0,Lo que Isabel hizo a la estudiante fue verla.,20,6,1,0
2,yes,0,0,0,4,17,yes,no,0,0,Lo que Alfonso hizo a la granjera fue mirarla.,20,6,1,0
2,yes,0,0,0,4,18,yes,no,0,0,Lo que Miguel hizo a la invitada fue recibirla.,20,6,1,0
3,yes,0,0,0,4,19,yes,no,0,0,Lo que Maria hizo a la mochilera fue transportarla.,20,6,1,0
0,no,0,0,0,100,0,no,yes,0,"[2.5083425045013428, 1.0131030082702637, 0.8739655017852783, 1.6232867240905762, 0.8046188354492188, 1.1004807949066162, 1.080312728881836, 0.8432998657226562, 0.7870707511901855, 1.6105537414550781]",La conferencia empezará con puntualidad a las diez y media.,21,1,0,0
0,no,0,0,0,100,1,no,yes,0,"[5.281066179275513, 1.367405891418457, 0.892498254776001, 0.7968978881835938, 0.9762678146362305, 0.9129917621612549, 0.7428116798400879, 0.8656854629516602, 0.8924016952514648, 0.7225363254547119]",El ladrón escapó a toda prisa por la puerta trasera.,21,1,0,0
0,no,NO,A,1,100,2,no,yes,Llegaron a la universidad cuando ya estaba cerrada.,"[0.9170854091644287, 0.5760254859924316, 0.8622353076934814, 0.7638814449310303, 0.7961881160736084, 0.776808500289917, 0.659416913986206, 0.6616475582122803, 0.5821454524993896, 4.877344369888306]",Los estudiantes llegaron a la universidad antes de que cerrara.,21,1,0,0
0,no,0,0,0,100,3,no,yes,0,"[0.8898859024047852, 0.7652873992919922, 0.833101749420166, 0.4963960647583008, 0.7421166896820068, 0.724740743637085, 0.19823932647705078, 0.8787035942077637, 0.7997643947601318]",Los niños corrieron a la plaza con sus amigos.,21,1,0,0
0,no,SI,A,1,0,0,no,no,La acción tuvo lugar en la calle.,"[1.052471399307251, 1.0334994792938232, 0.4443695545196533, 0.48090171813964844, 0.6326320171356201, 0.5562849044799805, 0.5551249980926514, 0.5231349468231201, 0.5205771923065186, 0.6148672103881836, 0.6325082778930664]",Juan golpeó a la actriz en la calle en diez segundos.,21,0,0,0
0,no,0,0,0,101,1,no,no,0,"[0.49097681045532227, 0.22820782661437988, 1.2316906452178955, 0.7204885482788086, 0.5071921348571777, 0.5802931785583496, 1.9699251651763916, 1.3002643585205078, 0.5938599109649658, 0.7550990581512451]",Sara contó la historia a sus hijo antes de dormir.,21,0,0,0
0,no,NO,E,1,31,2,no,no,Miguel tuvo que esperar una semana.,"[2.390763759613037, 1.4999005794525146, 0.6510541439056396, 1.4886093139648438, 0.8637099266052246, 0.8597805500030518, 0.6645140647888184, 0.4834122657775879, 0.5112795829772949, 0.8583836555480957]",Miguel recibió la invitada en la casa en un día.,21,3,0,0
0,no,0,0,0,29,3,no,no,0,"[1.3160812854766846, 0.7982656955718994, 0.5344386100769043, 0.7491888999938965, 0.5562295913696289, 0.4649980068206787, 0.6683788299560547, 0.5724117755889893, 0.5030269622802734, 0.3689584732055664]",Alfonso miró la estrella en la colina durante dos horas.,21,5,0,0
0,no,NO,A,1,16,4,no,no,La guerra duró más de dos años.,"[0.8309421539306641, 0.005733966827392578, 1.224311113357544, 0.7120106220245361, 0.5569107532501221, 0.3570263385772705, 0.42685508728027344, 0.3827474117279053, 0.4136075973510742, 0.561126708984375]",Valentina venció la resistencia en la guerra en dos años.,21,5,0,0
0,no,NO,E,1,100,5,no,no,El coche era azul.,"[0.5051977634429932, 0.43605613708496094, 0.7611002922058105, 0.9378705024719238, 1.233433485031128, 0.5388643741607666, 0.4886634349822998, 0.7371172904968262, 0.7194788455963135, 0.6560194492340088]",El coche rojo aparcó frente a la casa de Marta.,21,2,0,0
0,no,0,0,0,100,6,no,no,0,"[0.5455119609832764, 0.9175460338592529, 0.774228572845459, 0.4945816993713379, 0.6262834072113037, 0.45441436767578125, 0.4452507495880127, 0.6687419414520264, 0.44115495681762695, 0.35051393508911133, 2.2530550956726074]",El técnico reparó el ordenador a un cliente en la tienda.,21,0,0,0
0,no,NO,E,1,100,7,no,no,Andrés contó una historia,"[0.6935112476348877, 0.6230638027191162, 0.5289206504821777, 0.48319172859191895, 0.4459340572357178, 0.6523098945617676, 0.5828700065612793, 0.6224100589752197, 0.3455989360809326, 0.7808399200439453]",Andrés cantó una canción a su hija antes de acostarla.,21,0,0,0
0,no,0,0,0,101,8,no,no,0,"[0.7966737747192383, 1.0380609035491943, 1.013103723526001, 2.1650075912475586, 0.8534502983093262, 0.467235803604126, 0.19566082954406738, 0.5550613403320312, 0.19376921653747559, 0.1797037124633789]",María se despertó sobresaltado a los gritos de su hermano.,21,1,0,0
0,no,0,0,0,11,9,no,no,0,"[0.684722900390625, 0.8864634037017822, 0.4997262954711914, 0.6343173980712891, 0.551048755645752, 0.35866785049438477, 0.45312023162841797, 0.5362317562103271, 0.654954195022583, 0.6689093112945557]",Valeria neutralizó la bomba en la frontera en cinco minutos.,21,5,0,0
0,no,SI,A,1,14,10,no,no,Helena estaba jugando un partido de fútbol.,"[0.7665202617645264, 1.4440345764160156, 0.5136263370513916, 0.7979226112365723, 0.5291967391967773, 0.5088369846343994, 0.20081591606140137, 0.620213508605957, 0.4943406581878662, 0.671959400177002]",Helena derribó una futbolista en el campo durante el partido.,21,4,0,0
0,no,0,0,0,100,11,no,no,0,"[0.5479378700256348, 0.6476244926452637, 0.5529994964599609, 0.5040457248687744, 0.5767593383789062, 0.5566310882568359, 0.502476692199707, 0.5959670543670654, 0.55961012840271]",El viento soplaba fuerte durante la tormenta de anoche.,21,2,0,0
0,no,NO,E,1,101,12,no,no,El dueño fue reconocido por su gato.,"[0.5414373874664307, 0.5488524436950684, 0.5565078258514404, 0.6435384750366211, 0.5262629985809326, 0.5882115364074707, 0.6223492622375488, 0.577765941619873, 0.5724880695343018, 1.020693063735962]",El perro corrió felizmente a su dueño cuando le reconoció.,21,1,0,0
0,no,0,0,0,101,13,no,no,0,"[0.8419449329376221, 0.9029150009155273, 0.5199193954467773, 0.004891157150268555, 1.3257858753204346, 0.4055047035217285, 0.3294076919555664, 0.3232555389404297, 0.31388139724731445, 0.4724702835083008]",Laura mostró las fotos a sus amigas en la parque.,21,0,0,0
0,no,0,0,0,24,14,no,no,0,"[1.0105481147766113, 0.37784624099731445, 0.4936983585357666, 2.2307112216949463, 1.4389939308166504, 0.6650607585906982, 0.2952280044555664, 0.40982747077941895, 0.7515912055969238, 0.35555481910705566, 0.4576272964477539]",Coral guió a la decisión en el palacio en una hora.,21,2,0,0
0,no,0,0,0,23,15,no,no,0,"[0.8205020427703857, 0.9570956230163574, 0.6805260181427002, 0.6411638259887695, 0.004874229431152344, 1.0047776699066162, 0.7565009593963623, 0.7857406139373779, 0.7559995651245117, 0.6195733547210693]",Daniel remolcó la motocicleta en la calle durante algunos minutos.,21,5,0,0
0,no,0,0,0,100,16,no,no,0,"[0.6131746768951416, 0.6721889972686768, 0.6400868892669678, 0.6588115692138672, 0.5828955173492432, 0.6339213848114014, 0.6237103939056396, 0.6072788238525391, 0.6005110740661621, 0.6373245716094971]",Miguel alquiló una bicicleta a un turista en la estación.,21,0,0,0
0,no,SI,A,1,100,17,no,no,Ana estaba en la biblioteca.,"[0.6680502891540527, 0.8291409015655518, 0.6598305702209473, 0.7789380550384521, 0.6547586917877197, 0.5621352195739746, 0.6754283905029297, 0.5557575225830078, 0.47513771057128906, 0.5293843746185303]",Nos encontramos con Ana después de clase en la biblioteca.,21,2,0,0
0,no,NO,E,1,100,18,no,no,El niño juega solo en el parque.,"[0.629631757736206, 0.6709980964660645, 0.9518165588378906, 1.1272788047790527, 0.6363272666931152, 1.0806639194488525, 0.8604526519775391, 0.7667880058288574, 0.6676309108734131, 0.6635894775390625]",El niño juega en el parque con su mejor amigo.,21,2,0,0
0,no,0,0,0,10,19,no,no,0,"[0.7198333740234375, 1.0300884246826172, 0.6180040836334229, 0.5843198299407959, 1.0553243160247803, 1.077737808227539, 0.8322014808654785, 0.6391375064849854, 0.6428372859954834, 0.5828661918640137, 0.468353271484375]",Mateo eliminó a la carpeta en el banco en pocos segundos.,21,2,0,0
0,no,NO,E,1,12,20,no,no,El combate duró varias horas.,"[0.677802324295044, 1.1613507270812988, 1.3511013984680176, 0.7161910533905029, 0.678701639175415, 0.4833958148956299, 0.370067834854126, 0.6561260223388672, 0.43455076217651367, 0.49138569831848145]",Paula abatió la resistencia en el ring en pocos minutos.,21,5,0,0
0,no,NO,E,1,100,21,no,no,Viajan a Argentina cada invierno.,"[0.9737451076507568, 0.7136785984039307, 0.9177489280700684, 0.4430050849914551, 0.6586833000183105, 0.44823455810546875, 0.5450634956359863, 0.39927005767822266, 0.38553881645202637]",Mis padres viajan en avión a Argentina cada verano.,21,1,0,0
0,no,0,0,0,101,22,no,no,0,"[0.4973595142364502, 0.5800433158874512, 0.4604973793029785, 0.5597562789916992, 0.5056633949279785, 0.49172401428222656, 0.47162413597106934, 0.4063386917114258, 0.8332207202911377]",Pedro devolvió el libro la biblioteca el lunes pasado.,21,0,0,0
0,no,NO,E,1,101,23,no,no,LLegaron a casa después del aconecher.,"[0.5320255756378174, 0.6263234615325928, 0.7537243366241455, 1.7606863975524902, 0.7993698120117188, 0.6553647518157959, 1.3738434314727783, 0.4043543338775635, 0.3549163341522217, 0.5650720596313477]",Los campesinos llegaron cansado a casa justo antes del anochecer.,21,1,0,0
0,no,0,0,0,30,24,no,no,0,"[1.3033339977264404, 0.6098916530609131, 0.5409514904022217, 0.6723062992095947, 0.5030415058135986, 0.48137617111206055, 0.47690391540527344, 0.4508044719696045, 0.4584934711456299, 0.5521066188812256]",Carlos esperó la furgoneta en la esquina durante una hora.,21,5,0,0
0,no,0,0,0,100,25,no,no,0,"[0.5053098201751709, 0.5328629016876221, 0.5672674179077148, 0.5450265407562256, 0.5079100131988525, 0.5676319599151611, 0.5656089782714844, 0.4378674030303955, 0.41088342666625977, 0.7429332733154297]",Los pájaros vuelan alto sobre los árboles en primavera alegre.,21,2,0,0
0,no,SI,A,1,100,26,no,no,Ellos corren en el centro.,"[0.6129062175750732, 0.5429942607879639, 0.5320019721984863, 0.5125424861907959, 0.48847103118896484, 0.4411280155181885, 0.4695141315460205, 0.5253403186798096, 0.39159703254699707, 1.1648280620574951]",Ellos corren todas las mañanas por el parque del centro.,21,2,0,0
0,no,0,0,0,101,27,no,no,0,"[0.6873717308044434, 0.6553196907043457, 1.2248706817626953, 1.4714553356170654, 1.4457910060882568, 0.8955368995666504, 1.8482067584991455, 0.802898645401001, 0.8033292293548584]",Me gusta caminar la ciudad cuando hace buen tiempo.,21,2,0,0
0,no,0,0,0,101,28,no,no,0,"[0.7575910091400146, 0.6848158836364746, 0.9196929931640625, 0.8582465648651123, 0.7392539978027344, 1.2196540832519531, 0.660984992980957, 0.5944793224334717, 0.39980220794677734, 0.20551705360412598]",El jefe convocó urgentemente a reunión a todos el empleados.,21,1,0,0
0,no,SI,A,1,9,29,no,no,Había fuego en la plaza.,"[1.2669923305511475, 0.8429811000823975, 1.200756549835205, 1.2882118225097656, 0.10797357559204102, 0.9964580535888672, 0.638648509979248, 0.7299461364746094, 0.5992734432220459, 0.5653033256530762]",Carlos quemó una bruja en la plaza en pocos minutos.,21,4,0,0
0,no,SI,A,1,101,30,no,no,Ayer estudiaron matemáticas.,"[0.5389573574066162, 0.6856296062469482, 0.8375365734100342, 0.6798057556152344, 1.0187044143676758, 0.8881943225860596, 1.256176233291626, 0.5821645259857178, 0.44837307929992676, 1.1302707195281982]",Nos sentamos juntos para estudiando matemáticas toda la tarde ayer.,21,2,0,0
0,no,SI,A,1,101,31,no,no,El bebé sonrió a su madre.,"[0.775794506072998, 0.6352758407592773, 1.1055231094360352, 0.7273578643798828, 0.636711597442627, 0.5790567398071289, 1.4697444438934326, 0.38031911849975586, 0.39127039909362793, 0.41818785667419434]",El bebé sonreí dulcemente a su madre desde la cuna.,21,1,0,0
0,no,0,0,0,101,32,no,no,0,"[0.5897200107574463, 0.6356997489929199, 0.5784640312194824, 0.4629957675933838, 0.7346169948577881, 0.6567654609680176, 0.5080499649047852, 0.9172415733337402, 0.6023099422454834]",Marta baila salsa con entusiasmo en las fiesta grandes.,21,2,0,0
0,no,NO,A,1,1,33,no,no,Carlos tardó mucho en hacer el asalto.,"[0.559190034866333, 0.639216423034668, 0.5183968544006348, 0.7654948234558105, 0.6099655628204346, 0.5264625549316406, 0.19997692108154297, 0.657045841217041, 0.53794264793396, 0.4143238067626953, 0.49738073348999023]",Carlos asaltó a la conductora en el barrio en pocos instantes.,21,0,0,0
0,no,NO,A,1,101,34,no,no,El profesor y los alumnos estaban fuera del aula.,"[0.6767022609710693, 0.6662681102752686, 0.5249383449554443, 0.7185215950012207, 0.6693391799926758, 0.6458215713500977, 0.6123502254486084, 0.4522695541381836, 0.49971699714660645]",El profesor explicó la lección los alumnos en clase.,21,0,0,0
0,no,0,0,0,38,35,no,no,0,"[0.5954093933105469, 0.6351618766784668, 0.526212215423584, 0.41014552116394043, 0.6115150451660156, 0.4491446018218994, 0.43056321144104004, 0.5444276332855225, 0.5173935890197754, 0.41683220863342285, 0.547515869140625]",Unai amó a la vida en su pueblo durante varios años.,21,2,0,0
0,no,No,E,1,100,36,no,no,El bebé dormía plácidamente.,"[0.5774824619293213, 0.5385138988494873, 0.6172890663146973, 0.5510025024414062, 0.5695545673370361, 0.552370548248291, 0.6419758796691895, 0.5940945148468018, 0.9113173484802246, 0.8716084957122803]",El bebé lloraba constantemente durante la noche sin razón aparente.,21,2,0,0
0,no,0,0,0,17,37,no,no,0,"[0.6202058792114258, 0.4864778518676758, 0.6045312881469727, 0.5356199741363525, 0.5703918933868408, 0.5225679874420166, 0.4856109619140625, 0.5083818435668945, 0.43816661834716797, 0.4208829402923584, 0.5407223701477051]",Luis zarandeó a la mujer en la casa durante algunos minutos.,21,0,0,0
0,no,SI,A,1,101,38,no,no,El camarero sonrió.,"[0.47551441192626953, 0.5650088787078857, 0.4492177963256836, 0.5204846858978271, 0.4547882080078125, 0.47565484046936035, 0.48505163192749023, 0.493577241897583, 0.9179158210754395, 0.6915717124938965, 0.501427173614502]",El camarero trajo el cuenta a los clientes con una sonrisa.,21,0,0,0
0,no,0,0,0,100,39,no,no,0,"[0.5575344562530518, 0.5314669609069824, 0.5384645462036133, 0.46024250984191895, 0.5057063102722168, 0.40206146240234375, 0.37390875816345215, 0.3399653434753418, 0.34092211723327637, 0.3614380359649658, 0.5580732822418213]",Me encontré inesperadamente a Paula en el tren de las siete.,21,1,0,0
0,no,0,0,0,100,40,no,no,0,"[0.36048173904418945, 0.34992051124572754, 0.3553445339202881, 0.44618844985961914, 0.3958554267883301, 0.3776051998138428, 0.3561584949493408, 0.45707011222839355, 0.3666222095489502, 0.39249706268310547, 0.42663097381591797]",El jefe asignó una tarea a cada empleado en la reunión.,21,0,0,0
0,no,0,0,0,100,41,no,no,0,"[0.39510035514831543, 0.3844122886657715, 0.49031591415405273, 0.413074254989624, 0.39145469665527344, 0.3828394412994385, 0.41144561767578125, 0.3997960090637207, 0.47043538093566895]",Carlos estornudó fuerte en medio de la reunión ayer.,21,2,0,0
0,no,NO,E,1,100,42,no,no,Lucía y su compañero estaban en el salón.,"[0.4746558666229248, 0.3863334655761719, 0.3978159427642822, 0.38957905769348145, 0.42110109329223633, 0.3933873176574707, 0.3825645446777344, 0.4052708148956299, 0.36686110496520996, 0.4462316036224365]",Lucía ofreció un café a su compañero en la cocina.,21,0,0,0
0,no,0,0,0,20,43,no,no,0,"[0.4933645725250244, 0.41071176528930664, 0.49491286277770996, 0.33963751792907715, 0.3420414924621582, 0.3280153274536133, 0.3034214973449707, 0.3259155750274658, 0.3281700611114502, 0.3276512622833252, 0.39145874977111816]",Claudia maltrató a la compañera en la casa durante varios años.,21,0,0,0
0,no,0,0,0,101,44,no,no,0,"[0.43605828285217285, 0.3306467533111572, 0.44710874557495117, 0.356870174407959, 0.3972024917602539, 0.3917262554168701, 0.36886167526245117, 0.33437681198120117, 0.3756122589111328, 0.3539609909057617]",El perro ladran fuerte cada vez que pasa un coche.,21,2,0,0
0,no,SI,A,1,101,45,no,no,Clara fue a la farmacia con su hermana.,"[0.44559693336486816, 0.36835217475891113, 0.3727242946624756, 0.38352346420288086, 0.37504053115844727, 0.6588273048400879, 0.39692234992980957, 0.45654940605163574, 0.33873915672302246, 0.3521921634674072, 0.3332061767578125]",Clara fue con su hermanas a la farmacia después del desayuno.,21,1,0,0
0,no,0,0,0,13,46,no,no,0,"[0.5581016540527344, 0.5750265121459961, 0.5983219146728516, 0.5698895454406738, 0.4471774101257324, 0.4670569896697998, 0.4172697067260742, 0.4311807155609131, 0.3692028522491455, 0.3364748954772949, 0.32525062561035156]",Martina atropelló a una anciana en el aparcamiento en pocos minutos.,21,1,0,0
0,no,SI,A,1,32,47,no,no,Martin estaba en el hospital.,"[0.36340904235839844, 0.5539395809173584, 0.3609592914581299, 0.4702324867248535, 0.4060099124908447, 0.4901120662689209, 0.39606213569641113, 0.41459226608276367, 0.35161757469177246, 0.5093059539794922]",Martín buscó una médica en el hospital durante dos horas.,21,4,0,0
0,no,SI,A,1,3,48,no,no,Lo que Pedro hizo fue un secuestro.,"[0.579925537109375, 0.574429988861084, 0.4824063777923584, 0.5367932319641113, 0.5538578033447266, 0.5124044418334961, 0.5835163593292236, 0.5968108177185059, 0.39616942405700684, 0.3312084674835205]",Pablo secuestró una turista en el aeropuerto durante una hora.,21,4,0,0
0,no,NO,E,1,34,49,no,no,Carmen vio una representación teatral.,"[0.6980571746826172, 1.2217984199523926, 0.370281457901001, 0.41324543952941895, 0.34430503845214844, 0.3854217529296875, 0.3858780860900879, 0.382382869720459, 0.3627910614013672, 0.7105693817138672]",Carmen odió una vendedora en el cine durante la película.,21,4,0,0
0,no,0,0,0,101,50,no,no,0,"[0.532656192779541, 0.510894775390625, 0.6397655010223389, 0.46318745613098145, 0.3751051425933838, 0.345165491104126, 0.2927699089050293, 0.3116598129272461]",Salimos temprano para evitar el tráfico la carretera.,21,2,0,0
0,no,SI,A,1,15,51,no,no,Lucia estuvo en una pelea de bar.,"[1.9886474609375, 0.8803763389587402, 0.7153186798095703, 0.6349472999572754, 0.5067338943481445, 0.3977053165435791, 0.41913700103759766, 0.4844179153442383, 0.5013790130615234, 0.6176490783691406]",Lucía destrozó la oponente en el bar en diez minutos.,21,3,0,0
0,no,0,0,0,100,52,no,no,0,"[0.48990654945373535, 1.2334849834442139, 0.46632909774780273, 0.5156009197235107, 0.4072456359863281, 0.38425779342651367, 0.33957338333129883, 0.4450700283050537, 0.3329477310180664, 0.3283982276916504, 0.5320801734924316]",Mi hermano vendió su coche a un amigo de la universidad.,21,0,0,0
0,no,NO,E,1,6,53,no,no,El beso tuvo lugar en un museo.,"[0.747403621673584, 0.43273425102233887, 0.40566110610961914, 0.35486650466918945, 0.37531089782714844, 0.3746650218963623, 0.3654325008392334, 0.37530970573425293, 0.37918972969055176, 0.4683074951171875]",Francisco besó la novia en la iglesia durante unos segundos.,21,3,0,0
0,no,SI,A,1,8,54,no,no,Helena estaba en el patio.,"[0.6257507801055908, 0.38519740104675293, 0.48053503036499023, 1.0374512672424316, 0.48166441917419434, 0.4521787166595459, 0.5194799900054932, 0.5192570686340332, 0.3555760383605957, 0.44695281982421875]",Helena colgó la criminal en el patio en cinco minutos.,21,3,0,0
0,no,0,0,0,100,55,no,no,0,"[0.5434608459472656, 0.5108344554901123, 0.5503244400024414, 0.5813901424407959, 0.5684239864349365, 0.5418305397033691, 0.464855432510376, 0.3752727508544922, 0.34921956062316895, 0.35173940658569336]",El anciano hablaba a solas consigo mismo en el jardín.,21,1,0,0
0,no,0,0,0,49,56,no,no,0,"[0.9941279888153076, 0.5951611995697021, 0.40813350677490234, 0.45550537109375, 0.41855716705322266, 0.5543067455291748, 0.32340145111083984, 0.3317725658416748, 0.37351131439208984, 0.3372156620025635, 0.39545750617980957]",Alba mencionó a la ciudad en el teatro tras varios minutos.,21,2,0,0
0,no,NO,E,1,101,57,no,no,Luis envió un paquete a su hermano.,"[0.5606265068054199, 0.5401594638824463, 0.558272123336792, 0.5407044887542725, 0.4787323474884033, 0.49698686599731445, 0.43509864807128906, 0.4910142421722412, 0.5702695846557617]",Luis envíe un paquete a su primo en Alemania.,21,0,0,0
0,no,0,0,0,100,58,no,no,0,"[0.6799509525299072, 0.5891072750091553, 0.549705982208252, 0.4896845817565918, 0.44675731658935547, 0.4831399917602539, 0.4536590576171875, 0.4945104122161865, 0.45679545402526855, 0.4278895854949951, 1.3933022022247314]",La lluvia cayó fuerte sobre el techo durante toda la noche.,21,2,0,0
0,no,0,0,0,26,59,no,no,0,"[0.46656155586242676, 0.47457385063171387, 0.4525630474090576, 0.4619255065917969, 0.439957857131958, 0.39011240005493164, 0.454287052154541, 0.42383742332458496, 0.4060630798339844, 0.41596460342407227, 0.4498577117919922]",Juan escuchó a una vecina en el balcón durante una noche.,21,1,0,0
0,no,NO,E,1,18,60,no,no,María iba en bicicleta.,"[0.43024182319641113, 0.46410131454467773, 0.4456503391265869, 0.4245791435241699, 0.4603888988494873, 0.4096107482910156, 0.46454477310180664, 0.41312360763549805, 0.4468822479248047, 0.4025533199310303, 0.3677079677581787]",María transportó a la guitarra en la furgoneta durante un día.,21,2,0,0
0,no,NO,E,1,100,61,no,no,Ayer fueron al teatro.,"[0.5187005996704102, 0.6511602401733398, 0.6237647533416748, 0.54593825340271, 0.5014479160308838, 0.4572429656982422, 0.45977187156677246, 0.4086802005767822, 0.39057469367980957]",Ayer fueron al cine a ver una película divertida.,21,2,0,0
0,no,0,0,0,35,62,no,no,0,"[0.5759580135345459, 0.5781409740447998, 0.5610733032226562, 0.4935448169708252, 0.44873952865600586, 0.4603457450866699, 0.5301268100738525, 0.47269606590270996, 0.427842378616333, 0.4077327251434326, 0.4051485061645508]",Carlos vigiló a una niña en la habitación durante unas horas.,21,1,0,0
0,no,0,0,0,42,63,no,no,0,"[0.513622522354126, 0.4613349437713623, 0.4093163013458252, 0.4252173900604248, 0.3875303268432617, 0.5644533634185791, 0.4191920757293701, 0.40905046463012695, 0.3842589855194092, 0.35914111137390137, 0.39411282539367676]",Ismael encontró a la dificultad en la carretera en pocas horas.,21,2,0,0
0,no,NO,E,1,46,64,no,no,Alejandro estaba en el centro comercial.,"[0.4594686031341553, 0.42064690589904785, 0.47666072845458984, 0.4088442325592041, 0.41729068756103516, 0.3639082908630371, 0.3833749294281006, 0.455005407333374, 0.3890204429626465, 0.692608118057251]",Alejandro identificó la amenaza en el aeropuerto en dos horas.,21,5,0,0
0,no,SI,A,1,100,65,no,no,Laura se fue a Inglaterra.,"[0.4114058017730713, 0.3329346179962158, 0.32947802543640137, 0.27083611488342285, 0.38635969161987305, 0.24325227737426758, 0.29752588272094727, 0.29298901557922363, 0.339505672454834, 0.4640028476715088]",Laura se fue de vacaciones a Londres la semana pasada.,21,1,0,0
0,no,0,0,0,100,66,no,no,0,"[0.4986612796783447, 0.46342992782592773, 0.4518921375274658, 0.4268965721130371, 0.4820830821990967, 0.34520983695983887, 0.42909812927246094, 0.33243846893310547, 0.39532470703125, 0.5302286148071289]",Estuvieron caminando a la orilla del mar toda la tarde.,21,1,0,0
0,no,0,0,0,47,67,no,no,0,"[0.39104247093200684, 0.3483603000640869, 0.4644618034362793, 0.34570789337158203, 0.31857967376708984, 0.3884754180908203, 0.27388644218444824, 0.28369927406311035, 0.35655784606933594, 0.37201523780822754, 0.33344388008117676]",Marta descartó a una aspirante en la selección en un día.,21,1,0,0
0,no,0,0,0,40,68,no,no,0,"[0.6413462162017822, 0.35234594345092773, 0.4602055549621582, 0.3160698413848877, 0.3373427391052246, 0.3194239139556885, 0.29868292808532715, 0.3300130367279053, 0.9150917530059814, 0.3837001323699951]",Adrián percibió la sombra detrás de él durante algunos minutos.,21,5,0,0
0,no,0,0,0,100,69,no,no,0,"[0.5203430652618408, 0.47524428367614746, 0.3920774459838867, 0.41439247131347656, 0.4497487545013428, 0.5212950706481934, 0.4436221122741699, 0.3883798122406006, 0.44507431983947754, 0.9130251407623291]",Isabel enseñó la receta a su prima en la cocina.,21,0,0,0
0,no,SI,A,1,41,70,no,no,Emma pasó semanas investigando.,"[0.6954376697540283, 0.4783284664154053, 0.4809401035308838, 0.46378231048583984, 0.46098875999450684, 0.36421751976013184, 0.4109213352203369, 0.43481993675231934, 0.4577951431274414, 0.467540979385376]",Emma investigó una empresaria en la ciudad durante varias semanas.,21,4,0,0
0,no,0,0,0,100,71,no,no,0,"[0.9178557395935059, 0.6476187705993652, 0.6261496543884277, 1.046954870223999, 0.399883508682251, 0.4547555446624756, 0.41759157180786133, 0.3874239921569824, 0.36044931411743164, 0.635073184967041]",El gato saltó a la mesa para robar la comida.,21,1,0,0
0,no,NO,E,1,100,72,no,no,El tren llegó con retraso.,"[0.7418844699859619, 0.33379411697387695, 0.42348527908325195, 0.3119471073150635, 0.2935793399810791, 0.27739787101745605, 0.2508425712585449, 0.3478429317474365, 0.2775387763977051, 0.27569103240966797]",El tren llegó puntual a la estación bajo la lluvia.,21,2,0,0
0,no,0,0,0,7,73,no,no,0,"[0.4467785358428955, 0.3216426372528076, 0.7377047538757324, 0.8873581886291504, 0.40256333351135254, 0.3905911445617676, 0.32730579376220703, 0.2963104248046875, 0.28375792503356934, 0.27186155319213867, 0.3065791130065918]",Tomás empujó a la silla a la puerta en pocos segundos.,21,2,0,0
0,no,0,0,0,48,74,no,no,0,"[0.2835698127746582, 0.3358187675476074, 0.25296640396118164, 0.25642895698547363, 0.27852606773376465, 0.31889963150024414, 0.2830781936645508, 0.3238046169281006, 0.2740795612335205, 0.3269345760345459]",Samuel descubrió una infiltrada en el museo en pocas horas.,21,4,0,0
0,no,0,0,0,4,75,no,no,0,"[0.3471205234527588, 0.697458028793335, 0.351062536239624, 0.34615588188171387, 0.3276479244232178, 0.5578746795654297, 0.45792126655578613, 0.40236401557922363, 0.490314245223999, 0.36193418502807617, 1.3736627101898193]",Jorge arrolló a una ciclista en la calle en un segundo.,21,1,0,0
0,no,SI,A,1,22,76,no,no,Hubo un asedio en la región.,"[0.5000476837158203, 0.34486889839172363, 0.6068766117095947, 0.44425368309020996, 1.710299015045166, 0.5435333251953125, 0.43494510650634766, 1.0293550491333008, 0.4693129062652588, 1.8351125717163086, 0.9175205230712891]",Carla asedió a la contrincante en la región durante bastante tiempo.,21,0,0,0
0,no,0,0,0,100,77,no,no,0,"[0.6822001934051514, 0.7489457130432129, 0.6107783317565918, 0.4662606716156006, 0.06368160247802734, 0.568488359451294, 0.8061256408691406, 1.2021145820617676, 0.5648682117462158, 0.411818265914917]",Vamos caminando todos los días a pie hasta el colegio.,21,1,0,0
0,no,0,0,0,100,78,no,no,0,"[0.5635912418365479, 0.47075963020324707, 0.494640588760376, 0.4010484218597412, 0.35066819190979004, 0.3022727966308594, 0.29712486267089844, 0.29114842414855957, 0.3337392807006836, 0.34487271308898926]",El avión aterrizó sin problemas en el aeropuerto de Madrid.,21,2,0,0
0,no,NO,E,1,101,79,no,no,El avión despegó con retraso.,"[0.3413074016571045, 0.31668853759765625, 0.2710394859313965, 0.3493776321411133, 0.3566319942474365, 0.3642420768737793, 0.34880518913269043, 0.33063817024230957, 0.32851505279541016, 0.31398773193359375]",El avión despegó puntualmente a la siete de la mañana.,21,1,0,0
0,no,0,0,0,101,80,no,no,0,"[0.3638119697570801, 0.29818177223205566, 0.3841702938079834, 0.2752847671508789, 0.36463165283203125, 0.29354143142700195, 0.33144187927246094, 0.3584730625152588, 0.33359551429748535]",La película empiezan exactamente a las ocho en punto.,21,1,0,0
0,no,0,0,0,21,81,no,no,0,"[0.004946708679199219, 0.3382132053375244, 0.44454121589660645, 0.3319270610809326, 0.31389784812927246, 0.3150472640991211, 0.3157222270965576, 0.3179738521575928, 0.29061079025268555, 0.34200525283813477]",Hugo apaleó la rebelde en la calle durante varios minutos.,21,3,0,0
0,no,SI,A,1,37,82,no,no,Isabel miraba por la ventana.,"[0.6458585262298584, 0.4924781322479248, 0.365922212600708, 0.4809236526489258, 0.39346814155578613, 0.4123094081878662, 0.34189271926879883, 0.2930607795715332, 0.004484415054321289, 0.3289618492126465]",Isabel vió una estudiante desde su ventana durante una mañana.,21,4,0,0
0,no,SI,A,1,28,83,no,no,Anna estaba en la escuela.,"[0.4996194839477539, 0.6659865379333496, 0.42791128158569336, 0.5653905868530273, 0.49251341819763184, 0.45006227493286133, 0.44828057289123535, 0.3870079517364502, 0.3457028865814209, 0.43290114402770996]",Anna comprendió la tarea en la escuela en dos minutos.,21,5,0,0
0,no,SI,A,1,100,84,no,no,La cena se preparó en casa.,"[0.7699246406555176, 0.503049373626709, 1.3183343410491943, 0.6321299076080322, 0.5014703273773193, 0.4894523620605469, 0.404510498046875, 0.4230649471282959, 0.33599400520324707, 0.3641352653503418, 0.3423905372619629]",Mi madre preparó la cena a toda la familia en casa.,21,0,0,0
0,no,SI,E,1,27,85,no,no,Felipe es presentador de teatro.,"[0.544081449508667, 0.472806453704834, 0.4268956184387207, 1.1000409126281738, 0.8864905834197998, 0.4295501708984375, 0.5439414978027344, 0.7124037742614746, 0.4555675983428955, 0.36687755584716797]",Felipe anunció la cantante en el escenario en cinco minutos.,21,3,0,0
0,no,0,0,0,100,86,no,no,0,"[0.4333915710449219, 0.33893585205078125, 0.5379724502563477, 0.3512859344482422, 0.3453211784362793, 0.31092047691345215, 0.3445727825164795, 0.4896085262298584, 0.4890556335449219, 0.6520543098449707]",El mensajero entregó el paquete a Marta en su casa.,21,0,0,0
0,no,0,0,0,100,87,no,no,0,"[0.40593767166137695, 0.6863589286804199, 0.32744407653808594, 0.3697071075439453, 0.36673879623413086, 0.34169769287109375, 0.4719057083129883, 0.3778257369995117, 0.42257261276245117, 0.5029318332672119]",Julia pasó la sal a su madre durante la cena.,21,0,0,0
0,no,0,0,0,100,88,no,no,0,"[0.36412572860717773, 0.4593052864074707, 0.5324630737304688, 0.6757924556732178, 0.4071991443634033, 0.4688267707824707, 0.4512958526611328, 0.5724818706512451, 0.3779270648956299, 0.7378442287445068]",Rosa recomendó un libro a su colega durante el almuerzo.,21,0,0,0
0,no,0,0,0,33,89,no,no,0,"[0.6779828071594238, 0.5568315982818604, 0.9178466796875, 0.39281725883483887, 0.42293834686279297, 0.4108867645263672, 0.36812281608581543, 0.6186912059783936, 0.4839816093444824, 0.43083858489990234, 0.7290771007537842]",Marco imaginó a la fiesta en la playa durante dos minutos.,21,2,0,0
0,no,0,0,0,100,90,no,no,0,"[0.593069314956665, 0.4476900100708008, 0.4996774196624756, 0.5522751808166504, 0.4858837127685547, 0.5349633693695068, 0.4426393508911133, 0.4826686382293701, 0.43590593338012695, 0.3410336971282959]",El niño duerme tranquilo en su cama todas las noches.,21,2,0,0
0,no,SI,A,1,100,91,no,no,El gato está sobre la manta cerca del sofá.,"[0.4926738739013672, 0.4200625419616699, 0.4004955291748047, 0.4108397960662842, 0.36170172691345215, 0.385728120803833, 0.39497995376586914, 0.34918642044067383, 0.3433840274810791, 0.6859509944915771]",El gato duerme tranquilo sobre la manta cerca del sofá.,21,2,0,0
0,no,0,0,0,19,92,no,no,0,"[0.005572319030761719, 0.5739755630493164, 0.3588426113128662, 0.3264739513397217, 0.2654550075531006, 0.3314399719238281, 0.3346240520477295, 0.31404638290405273, 0.3214423656463623, 0.3177177906036377, 0.42819809913635254]",Lucas arrastró a una víctima en la calle por un tiempo.,21,1,0,0
0,no,0,0,0,101,93,no,no,0,"[0.47241759300231934, 0.4138369560241699, 0.3303391933441162, 0.40178704261779785, 0.36827826499938965, 0.7413885593414307, 0.4465954303741455, 0.3678405284881592, 0.4425990581512451, 0.8747389316558838]",Jorge compró un regalo su novia en el centro comercial.,21,0,0,0
0,no,SI,A,1,100,94,no,no,Ana escribió la carta desde la playa.,"[0.6258718967437744, 0.41566991806030273, 0.477337121963501, 0.4032301902770996, 0.37456607818603516, 0.37012243270874023, 0.3237168788909912, 0.3737373352050781, 0.3479442596435547, 0.3642582893371582]",Ana escribió una carta a su abuela desde la playa.,21,0,0,0
0,no,0,0,0,101,95,no,no,0,"[0.3800992965698242, 0.3653123378753662, 0.34642672538757324, 0.37125134468078613, 0.46277523040771484, 0.41660308837890625, 0.34530115127563477, 0.3529846668243408, 0.30912280082702637, 0.3235304355621338]",Mi primo viaja sola por Europa durante el verano próximo.,21,2,0,0
0,no,NO,E,1,25,96,no,no,Pedro observó durante unos minutos.,"[0.5840907096862793, 0.34397101402282715, 0.365858793258667, 0.37145400047302246, 0.5918166637420654, 0.35874295234680176, 0.3144688606262207, 0.3891787528991699, 0.3654744625091553, 0.35852670669555664, 0.5179009437561035]",Pedro observó a la secretaria en la oficina durante una hora.,21,0,0,0
0,no,SI,A,1,39,97,no,no,Valeria fue a un concierto.,"[0.6715798377990723, 0.4395334720611572, 0.3948225975036621, 0.40091395378112793, 0.3894538879394531, 0.3749814033508301, 0.4585988521575928, 0.40367555618286133, 0.4628322124481201, 0.42380309104919434]",Valeria admiró la cantante en el teatro durante el concierto.,21,3,0,0
0,no,NO,E,1,2,98,no,no,La acción tuvo lugar en el parque.,"[0.5058367252349854, 0.4780313968658447, 0.43555331230163574, 0.5025172233581543, 0.3266472816467285, 0.4139237403869629, 0.25233006477355957, 0.13331246376037598, 0.021112918853759766, 0.5909461975097656, 0.40493345260620117]",Simón pateó a la jugadora en la cancha en un instante.,21,0,0,0
0,no,0,0,0,43,99,no,no,0,"[0.5082621574401855, 0.6416106224060059, 0.5567910671234131, 0.46796655654907227, 0.46838927268981934, 0.4756772518157959, 0.38235902786254883, 0.5766291618347168, 0.4242591857910156, 0.3767726421356201, 0.36917567253112793]",Sofía conoció a la chica en el colegio en dos días.,21,0,0,0
0,no,SI,A,1,101,100,no,no,Maria y su hermana estaban en la biblioteca.,"[0.9824361801147461, 0.7971138954162598, 0.854154109954834, 0.7235608100891113, 0.6640510559082031, 0.5198631286621094, 0.5121464729309082, 0.45199036598205566, 0.5890865325927734]",María dio el libro su hermana en la biblioteca.,21,0,0,0
0,no,0,0,0,44,101,no,no,0,"[0.5267806053161621, 0.4608154296875, 0.4381694793701172, 0.33246397972106934, 0.37003231048583984, 0.4341928958892822, 0.3435647487640381, 0.3823099136352539, 0.32657337188720703, 0.45603179931640625, 0.6175353527069092]",Martín detectó a la intrusa en el hospital en dos minutos.,21,0,0,0
0,no,NO,E,1,100,102,no,no,El autobus llegó puntual.,"[0.5847585201263428, 0.5341200828552246, 0.4078812599182129, 0.37904810905456543, 0.4211304187774658, 0.34562087059020996, 0.313748836517334, 0.44698357582092285, 0.3232400417327881, 0.38541197776794434, 0.5195326805114746]",El autobús llegó con retraso a la parada equivocada del centro.,21,1,0,0
0,no,0,0,0,36,103,no,no,0,"[0.4702925682067871, 0.5990431308746338, 0.37145113945007324, 0.3678905963897705, 0.34956979751586914, 0.36601805686950684, 0.35268735885620117, 0.4999697208404541, 0.47801995277404785, 0.6421098709106445]",Irene oyó la niña en la sala durante una noche.,21,3,0,0
0,no,0,0,0,45,104,no,no,0,"[0.5182409286499023, 0.4086434841156006, 0.35437583923339844, 0.3444864749908447, 0.4644341468811035, 0.3409554958343506, 0.3143954277038574, 0.35802412033081055, 0.31763434410095215, 0.30252647399902344, 0.4083878993988037]",Gabriela localizó a una amiga en la ciudad en dos minutos.,21,1,0,0
0,no,0,0,0,5,105,no,no,0,"[0.5614824295043945, 0.3318824768066406, 0.34578466415405273, 0.3468914031982422, 0.35063838958740234, 0.33243513107299805, 0.40430116653442383, 0.35234522819519043, 0.3367197513580322, 0.3126070499420166, 0.392427921295166]",Manuel abrazó a una señora en el parque en pocos instantes.,21,1,0,0
4,no,0,0,0,100,0,yes,yes,0,0,La conferencia empezará con puntualidad a las diez y media.,21,1,0,0
4,no,NO,0,1,100,1,yes,yes,Llegaron a la universidad cuando ya estaba cerrada.,0,Los estudiantes llegaron a la universidad antes de que cerrara.,21,1,0,0
3,no,0,0,0,100,2,yes,yes,0,0,Los niños corrieron a la plaza con sus amigos.,21,1,0,0
3,no,0,0,0,100,3,yes,yes,0,0,El ladrón escapó a toda prisa por la puerta trasera.,21,1,0,0
1,no,NO,0,1,31,0,yes,no,Miguel tuvo que esperar una semana.,0,Miguel recibió a una invitada en la casa en un día.,21,1,0,0
0,no,NO,0,1,16,1,yes,no,La guerra duró más de dos años.,0,Valentina venció una adversaria en la guerra en dos años.,21,4,0,0
4,no,NO,0,1,12,2,yes,no,El combate duró varias horas.,0,Paula abatió a una contrincante en el ring en pocos minutos.,21,1,0,0
3,no,0,0,0,35,3,yes,no,0,0,Carlos vigiló una niña en la habitación durante unas horas.,21,4,0,0
3,no,0,0,0,5,4,yes,no,0,0,Manuel abrazó a la señora en el parque en pocos instantes.,21,0,0,0
3,no,SI,0,1,0,5,yes,no,La acción tuvo lugar en la calle.,0,Juan golpeó una actriz en la calle en diez segundos.,21,4,0,0
0,no,SI,0,1,14,6,yes,no,Helena estaba jugando un partido de fútbol.,0,Helena derribó la futbolista en el campo durante el partido.,21,3,0,0
4,no,0,0,0,30,7,yes,no,0,0,Carlos esperó a una profesora en la esquina durante una hora.,21,1,0,0
2,no,0,0,0,26,8,yes,no,0,0,Juan escuchó a la alarma en el balcón durante una noche.,21,2,0,0
2,no,NO,0,1,2,9,yes,no,La acción tuvo lugar en el parque.,0,Simón pateó la jugadora en la cancha en un instante.,21,3,0,0
4,no,SI,0,1,22,10,yes,no,Hubo un asedio en la región.,0,Carla asedió a una contrincante en la región durante bastante tiempo.,21,1,0,0
1,no,0,0,0,45,11,yes,no,0,0,Gabriela localizó la amiga en la ciudad en dos minutos.,21,3,0,0
2,no,SI,0,1,28,12,yes,no,Anna estaba en la escuela.,0,Anna comprendió la tarea en la escuela en dos minutos.,21,5,0,0
2,no,0,0,0,17,13,yes,no,0,0,Luis zarandeó una mujer en la casa durante algunos minutos.,21,4,0,0
4,no,0,0,0,19,14,yes,no,0,0,Lucas arrastró a una víctima en la calle por un tiempo.,21,1,0,0
3,no,0,0,0,36,15,yes,no,0,0,Irene oyó la discusión en la sala durante una noche.,21,5,0,0
1,no,NO,0,1,18,16,yes,no,María iba en bicicleta.,0,María transportó una mochilera en la furgoneta durante un día.,21,4,0,0
4,no,SI,0,1,32,17,yes,no,Martin estaba en el hospital.,0,Martín buscó a una médica en el hospital durante dos horas.,21,1,0,0
2,no,0,0,0,29,18,yes,no,0,0,Alfonso miró a la granjera en la colina durante dos horas.,21,0,0,0
0,no,0,0,0,38,19,yes,no,0,0,Unai amó a la vida en su pueblo durante varios años.,21,2,0,0
0,no,0,0,0,20,20,yes,no,0,0,Claudia maltrató la camiseta en la casa durante varios años.,21,5,0,0
0,no,SI,0,1,41,21,yes,no,Emma pasó semanas investigando.,0,Emma investigó a la epidemia en la ciudad durante varias semanas.,21,2,0,0
1,no,SI,0,1,37,22,yes,no,Isabel miraba por la ventana.,0,Isabel vió la estudiante desde su ventana durante una mañana.,21,3,0,0
1,no,0,0,0,44,23,yes,no,0,0,Martín detectó la enfermedad en el hospital en dos minutos.,21,5,0,0
0,no,0,0,0,24,24,yes,no,0,0,Coral guió a una turista en el palacio en una hora.,21,1,0,0
2,no,NO,0,1,6,25,yes,no,El beso tuvo lugar en un museo.,0,Francisco besó la novia en la iglesia durante unos segundos.,21,3,0,0
0,no,SI,0,1,8,26,yes,no,Helena estaba en el patio.,0,Helena colgó a la criminal en el patio en cinco minutos.,21,0,0,0
4,no,NO,0,1,25,27,yes,no,Pedro observó durante unos minutos.,0,Pedro observó a la secretaria en la oficina durante una hora.,21,0,0,0
0,no,0,0,0,40,28,yes,no,0,0,Adrián percibió a la sombra detrás de él durante algunos minutos.,21,2,0,0
0,no,0,0,0,47,29,yes,no,0,0,Marta descartó una aspirante en la selección en un día.,21,4,0,0
0,no,0,0,0,43,30,yes,no,0,0,Sofía conoció a la verdad en el colegio en dos días.,21,2,0,0
3,no,0,0,0,4,31,yes,no,0,0,Jorge arrolló a la valla en la calle en un segundo.,21,2,0,0
3,no,0,0,0,49,32,yes,no,0,0,Alba mencionó a la actriz en el teatro tras varios minutos.,21,0,0,0
2,no,SI,0,1,9,33,yes,no,Había fuego en la plaza.,0,Carlos quemó a la bruja en la plaza en pocos minutos.,21,0,0,0
2,no,0,0,0,23,34,yes,no,0,0,Daniel remolcó a la enferma en la calle durante algunos minutos.,21,0,0,0
1,no,NO,0,1,1,35,yes,no,Carlos tardó mucho en hacer el asalto.,0,Carlos asaltó a la conductora en el barrio en pocos instantes.,21,0,0,0
2,no,SI,0,1,3,36,yes,no,Lo que Pedro hizo fue un secuestro.,0,Pablo secuestró a la turista en el aeropuerto durante una hora.,21,0,0,0
0,no,0,0,0,10,37,yes,no,0,0,Mateo eliminó la carpeta en el banco en pocos segundos.,21,5,0,0
0,no,0,0,0,33,38,yes,no,0,0,Marco imaginó a la fiesta en la playa durante dos minutos.,21,2,0,0
3,no,0,0,0,11,39,yes,no,0,0,Valeria neutralizó una criminal en la frontera en cinco minutos.,21,4,0,0
3,no,SI,0,1,27,40,yes,no,Felipe es presentador de teatro.,0,Felipe anunció la actuación en el escenario en cinco minutos.,21,5,0,0
3,no,0,0,0,48,41,yes,no,0,0,Samuel descubrió la tabla en el museo en pocas horas.,21,5,0,0
0,no,0,0,0,13,42,yes,no,0,0,Martina atropelló la carreta en el aparcamiento en pocos minutos.,21,5,0,0
0,no,0,0,0,42,43,yes,no,0,0,Ismael encontró a una conocida en la carretera en pocas horas.,21,1,0,0
0,no,0,0,0,7,44,yes,no,0,0,Tomás empujó a la silla a la puerta en pocos segundos.,21,2,0,0
4,no,NO,0,1,46,45,yes,no,Alejandro estaba en el centro comercial.,0,Alejandro identificó la agresora en el aeropuerto en dos horas.,21,3,0,0
4,no,0,0,0,21,46,yes,no,0,0,Hugo apaleó una rebelde en la calle durante varios minutos.,21,4,0,0
3,no,SI,0,1,39,47,yes,no,Valeria fue a un concierto.,0,Valeria admiró la cantante en el teatro durante el concierto.,21,3,0,0
1,no,NO,0,1,34,48,yes,no,Carmen vio una representación teatral.,0,Carmen odió la vendedora en el cine durante la película.,21,3,0,0
3,no,SI,0,1,15,49,yes,no,Lucia estaba en un bar.,0,Lucía destrozó la mesa en el bar en diez minutos.,21,5,0,0
4,yes,SI,0,1,15,0,yes,no,Lucia estaba en un bar.,0,Lo que Tomás hizo a la vieja fue empujarla.,21,6,0,0
4,yes,SI,0,1,15,1,yes,no,Lucia estaba en un bar.,0,Lo que Emma hizo a la empresaria fue investigarla.,21,6,0,0
4,yes,SI,0,1,15,2,yes,no,Lucia estaba en un bar.,0,Lo que Martina hizo a la anciana fue atropellarla.,21,6,0,0
4,yes,SI,0,1,15,3,yes,no,Lucia estaba en un bar.,0,Lo que Manuel hizo a la señora fue abrazarla.,21,6,0,0
4,yes,SI,0,1,15,4,yes,no,Lucia estaba en un bar.,0,Lo que Alba hizo a la actriz fue mencionarla.,21,6,0,0
4,yes,SI,0,1,15,5,yes,no,Lucia estaba en un bar.,0,Lo que Carlos hizo a la bruja fue quemarla.,21,6,0,0
4,yes,SI,0,1,15,6,yes,no,Lucia estaba en un bar.,0,Lo que Hugo hizo a la rebelde fue apalearla.,21,6,0,0
4,yes,SI,0,1,15,7,yes,no,Lucia estaba en un bar.,0,Lo que Irene hizo a la niña fue oírla.,21,6,0,0
4,yes,SI,0,1,15,8,yes,no,Lucia estaba en un bar.,0,Lo que Samuel hizo a la infiltrada fue descubrirla.,21,6,0,0
2,yes,SI,0,1,15,9,yes,no,Lucia estaba en un bar.,0,Lo que Maria hizo a la mochilera fue transportarla.,21,6,0,0
4,yes,SI,0,1,15,10,yes,no,Lucia estaba en un bar.,0,Lo que Simón le hizo a la jugadora fue patearla.,21,6,0,0
4,yes,SI,0,1,15,11,yes,no,Lucia estaba en un bar.,0,Lo que Pedro hizo a la secretaria fue observarla.,21,6,0,0
4,yes,SI,0,1,15,12,yes,no,Lucia estaba en un bar.,0,Lo que Juan hizo a la vecina fue escucharla.,21,6,0,0
4,yes,SI,0,1,15,13,yes,no,Lucia estaba en un bar.,0,Lo que Pablo hizo a la turista fue secuestrarla.,21,6,0,0
2,yes,SI,0,1,15,14,yes,no,Lucia estaba en un bar.,0,Lo que Gabriela hizo a la amiga fue localizarla.,21,6,0,0
4,yes,SI,0,1,15,15,yes,no,Lucia estaba en un bar.,0,Lo que Adrián hizo a la mujer fue percibirla.,21,6,0,0
3,yes,SI,0,1,15,16,yes,no,Lucia estaba en un bar.,0,Lo que Juan le hizo a la actriz fue golpearla.,21,6,0,0
4,yes,SI,0,1,15,17,yes,no,Lucia estaba en un bar.,0,Lo que Alfonso hizo a la granjera fue mirarla.,21,6,0,0
3,yes,SI,0,1,15,18,yes,no,Lucia estaba en un bar.,0,Lo que Carla hizo a la contrincante fue asediarla.,21,6,0,0
4,yes,SI,0,1,15,19,yes,no,Lucia estaba en un bar.,0,Lo que Valeria hizo a la cantante fue admirarla.,21,6,0,0
0,no,NO,E,1,100,0,no,yes,Llegaron a la universidad cuando ya estaba cerrada.,"[1.5337321758270264, 0.8265595436096191, 0.7278628349304199, 0.6828715801239014, 0.6991081237792969, 0.6286053657531738, 0.5813639163970947, 0.5545446872711182, 0.5412566661834717, 0.15526485443115234]",Los estudiantes llegaron a la universidad antes de que cerrara.,22,1,1,0
0,no,0,0,0,100,1,no,yes,0,"[0.7306756973266602, 0.4498410224914551, 0.4898245334625244, 0.46485352516174316, 0.4407825469970703, 0.4098050594329834, 0.4902646541595459, 0.5133664608001709, 0.4951629638671875, 1.091468334197998]",El ladrón escapó a toda prisa por la puerta trasera.,22,1,1,0
0,no,0,0,0,100,2,no,yes,0,"[2.6211001873016357, 0.8500831127166748, 0.6474912166595459, 0.6918034553527832, 0.77571702003479, 0.4637453556060791, 0.398090124130249, 0.42574477195739746, 0.7669107913970947]",Los niños corrieron a la plaza con sus amigos.,22,1,1,0
0,no,0,0,0,100,3,no,yes,0,"[5.836095333099365, 0.770747184753418, 0.6274914741516113, 7.409966230392456, 0.6565866470336914, 0.44428157806396484, 0.4225947856903076, 0.4098076820373535, 0.42702770233154297, 0.5743911266326904]",La conferencia empezará con puntualidad a las diez y media.,22,1,1,0
0,no,NO,E,1,1,0,no,no,Carlos tardó mucho en hacer el asalto.,"[0.8179295063018799, 0.6040093898773193, 0.4323744773864746, 0.4523282051086426, 0.551976203918457, 0.5440318584442139, 0.4939079284667969, 0.5243043899536133, 0.5402581691741943, 0.6774828433990479, 0.9595704078674316]",Carlos asaltó a una conductora en el barrio en pocos instantes.,22,1,1,0
0,no,SI,A,1,101,1,no,no,Ayer estudiaron matemáticas.,"[1.2813491821289062, 0.44025373458862305, 0.45845508575439453, 0.38423895835876465, 0.5571699142456055, 0.9628469944000244, 1.217339038848877, 0.3506488800048828, 0.3681454658508301, 0.4158346652984619]",Nos sentamos juntos para estudiando matemáticas toda la tarde ayer.,22,2,1,0
0,no,0,0,0,101,2,no,no,0,"[0.7591087818145752, 0.44225215911865234, 0.39476990699768066, 0.42208409309387207, 0.39448022842407227, 0.3909778594970703, 0.39060139656066895, 1.510185956954956, 0.4619460105895996, 0.7436270713806152]",Sara contó la historia a sus hijo antes de dormir.,22,0,1,0
0,no,NO,E,1,101,3,no,no,LLegaron a casa después del aconecher.,"[1.0916094779968262, 0.4961550235748291, 0.6001286506652832, 0.5335729122161865, 0.498950719833374, 0.4195733070373535, 0.4346461296081543, 0.42653393745422363, 0.42278385162353516, 0.48883748054504395]",Los campesinos llegaron cansado a casa justo antes del anochecer.,22,1,1,0
0,no,0,0,0,29,4,no,no,0,"[0.636786937713623, 0.45259809494018555, 0.40836524963378906, 0.4017751216888428, 0.3617980480194092, 0.3575592041015625, 0.37131714820861816, 0.35964322090148926, 0.4081709384918213, 0.44510650634765625, 0.5430214405059814]",Alfonso miró a la estrella en la colina durante dos horas.,22,2,1,0
0,no,SI,A,1,28,5,no,no,Anna estaba en la escuela.,"[0.7567930221557617, 0.42253565788269043, 0.4251363277435303, 0.4226095676422119, 0.42764830589294434, 0.383955717086792, 0.4822347164154053, 0.3983879089355469, 0.4237642288208008, 0.4432501792907715]",Anna comprendió una maestra en la escuela en dos minutos.,22,4,1,0
0,no,SI,A,1,100,6,no,no,La cena se preparó en casa.,"[0.23938965797424316, 0.7945926189422607, 0.7833056449890137, 0.5073549747467041, 0.5669279098510742, 0.5200326442718506, 0.5088310241699219, 0.6300609111785889, 0.4682295322418213, 0.39322829246520996, 0.46571969985961914]",Mi madre preparó la cena a toda la familia en casa.,22,0,1,0
0,no,0,0,0,100,7,no,no,0,"[0.7502295970916748, 0.4330270290374756, 0.9413816928863525, 0.5478813648223877, 0.4448697566986084, 0.43193745613098145, 0.45186519622802734, 0.4465315341949463, 0.5192642211914062]",Carlos estornudó fuerte en medio de la reunión ayer.,22,2,1,0
0,no,0,0,0,10,8,no,no,0,"[1.3256490230560303, 0.41405463218688965, 0.46679186820983887, 0.9912154674530029, 0.4705367088317871, 0.4250349998474121, 0.41902756690979004, 0.4459073543548584, 0.9470682144165039, 0.5036370754241943]",Mateo eliminó una rehén en el banco en pocos segundos.,22,4,1,0
0,no,0,0,0,100,9,no,no,0,"[0.8330752849578857, 0.3990743160247803, 0.4591703414916992, 0.4251701831817627, 0.4445364475250244, 0.6087043285369873, 0.6736047267913818, 0.42111873626708984, 0.44341111183166504, 0.6407968997955322]",El anciano hablaba a solas consigo mismo en el jardín.,22,1,1,0
0,no,NO,E,1,18,10,no,no,María iba en bicicleta.,"[0.768601655960083, 0.8422436714172363, 0.6939883232116699, 0.4370131492614746, 0.4252016544342041, 0.430464506149292, 0.4578516483306885, 0.38715267181396484, 0.39615464210510254, 0.46562910079956055, 0.4213221073150635]",María transportó a la mochilera en la furgoneta durante un día.,22,0,1,0
0,no,0,0,0,35,11,no,no,0,"[0.764578104019165, 0.4381866455078125, 0.5237102508544922, 0.7385797500610352, 0.3833608627319336, 0.4068727493286133, 0.44562363624572754, 0.4235854148864746, 0.4426412582397461, 0.3868834972381592]",Carlos vigiló una niña en la habitación durante unas horas.,22,4,1,0
0,no,NO,E,1,100,12,no,no,Ayer fueron al teatro.,"[0.6670801639556885, 0.35451221466064453, 0.40779805183410645, 0.39543604850769043, 0.3494863510131836, 0.38104963302612305, 0.3887491226196289, 0.5041899681091309, 0.5055820941925049]",Ayer fueron al cine a ver una película divertida.,22,2,1,0
0,no,SI,A,1,100,13,no,no,El gato está sobre la manta cerca del sofá.,"[0.7165861129760742, 0.3794703483581543, 0.3977639675140381, 0.40016818046569824, 0.44766831398010254, 0.4528677463531494, 0.40657830238342285, 0.37659215927124023, 0.44374752044677734, 0.6593854427337646]",El gato duerme tranquilo sobre la manta cerca del sofá.,22,2,1,0
0,no,NO,E,1,6,14,no,no,El beso tuvo lugar en un museo.,"[0.4489328861236572, 0.4642319679260254, 0.3988621234893799, 0.4357168674468994, 0.43448781967163086, 0.4267392158508301, 0.4560060501098633, 0.4759080410003662, 0.4452676773071289, 0.5245702266693115, 0.5464925765991211]",Francisco besó a la cruz en la iglesia durante unos segundos.,22,2,1,0
0,no,NO,E,1,12,15,no,no,El combate duró varias horas.,"[0.6434798240661621, 0.5026748180389404, 0.49832940101623535, 0.4485025405883789, 0.4886589050292969, 1.1277832984924316, 0.45049047470092773, 0.47095632553100586, 0.45732760429382324, 0.4353523254394531, 0.4543280601501465]",Paula abatió a una contrincante en el ring en pocos minutos.,22,1,1,0
0,no,NO,E,1,101,16,no,no,El avión despegó con retraso.,"[0.4091184139251709, 0.5194928646087646, 0.4246807098388672, 0.46882128715515137, 0.5998735427856445, 0.4306612014770508, 0.528872013092041, 0.4995598793029785, 0.4364321231842041, 0.560971736907959]",El avión despegó puntualmente a la siete de la mañana.,22,1,1,0
0,no,SI,A,1,100,17,no,no,Ana escribió la carta desde la playa.,"[0.7594616413116455, 0.6432394981384277, 0.5209338665008545, 0.46903491020202637, 0.5205368995666504, 0.5746328830718994, 0.4164886474609375, 0.3933138847351074, 0.44251084327697754, 0.4924459457397461]",Ana escribió una carta a su abuela desde la playa.,22,0,1,0
0,no,0,0,0,21,18,no,no,0,"[0.5022354125976562, 0.44098806381225586, 0.3936941623687744, 0.4497215747833252, 0.43686914443969727, 0.43476295471191406, 0.47531604766845703, 0.5078034400939941, 0.5709764957427979, 0.5425553321838379, 0.6711301803588867]",Hugo apaleó a la muñeca en la calle durante varios minutos.,22,2,1,0
0,no,0,0,0,100,19,no,no,0,"[0.7047860622406006, 0.47626161575317383, 0.4621894359588623, 0.41931843757629395, 0.3943650722503662, 0.4215536117553711, 0.3998138904571533, 0.40662407875061035, 0.46866846084594727, 0.43078136444091797]",Vamos caminando todos los días a pie hasta el colegio.,22,1,1,0
0,no,0,0,0,43,20,no,no,0,"[0.5473208427429199, 0.4495213031768799, 0.5921497344970703, 0.38946080207824707, 0.3523216247558594, 0.3336641788482666, 0.38109540939331055, 0.43137383460998535, 0.4852256774902344, 0.4914095401763916, 0.4565141201019287]",Sofía conoció a la chica en el colegio en dos días.,22,0,1,0
0,no,SI,A,1,9,21,no,no,Había fuego en la plaza.,"[0.7937474250793457, 0.5509774684906006, 0.5204837322235107, 0.6206943988800049, 0.5118474960327148, 0.5951049327850342, 0.16413116455078125, 0.7567076683044434, 0.457425594329834, 0.08221435546875]",Carlos quemó la bruja en la plaza en pocos minutos.,22,3,1,0
0,no,0,0,0,101,22,no,no,0,"[0.4702146053314209, 0.45392704010009766, 0.3710324764251709, 0.42496371269226074, 0.4143857955932617, 0.47577738761901855, 0.5917835235595703, 0.6645908355712891, 0.5556271076202393]",Me gusta caminar la ciudad cuando hace buen tiempo.,22,2,1,0
0,no,0,0,0,100,23,no,no,0,"[0.8011267185211182, 0.4193143844604492, 0.42455053329467773, 0.4257650375366211, 0.5190756320953369, 0.47148609161376953, 0.45496034622192383, 0.4378509521484375, 0.3963279724121094, 0.5178053379058838]",Estuvieron caminando a la orilla del mar toda la tarde.,22,1,1,0
0,no,0,0,0,101,24,no,no,0,"[0.4578733444213867, 0.4015486240386963, 0.39336514472961426, 0.3655524253845215, 0.408632755279541, 0.3810842037200928, 0.4199244976043701, 0.37550830841064453, 0.3886735439300537]",La película empiezan exactamente a las ocho en punto.,22,1,1,0
0,no,SI,A,1,39,25,no,no,Valeria fue a un concierto.,"[0.41467738151550293, 0.4134812355041504, 0.37952280044555664, 0.7118639945983887, 0.6529977321624756, 0.5573804378509521, 0.49239420890808105, 0.4217374324798584, 0.4685783386230469, 0.480327844619751]",Valeria admiró la escenografía en el teatro durante el concierto.,22,5,1,0
0,no,0,0,0,38,26,no,no,0,"[0.6464922428131104, 0.49770045280456543, 0.4822671413421631, 0.4710664749145508, 0.43947553634643555, 0.3925938606262207, 0.4666292667388916, 0.455430269241333, 0.5226430892944336, 0.9496655464172363]",Unai amó la vida en su pueblo durante varios años.,22,5,1,0
0,no,0,0,0,100,27,no,no,0,"[0.5841331481933594, 0.3758563995361328, 0.3519434928894043, 0.4464278221130371, 0.37156248092651367, 0.3790926933288574, 0.40245485305786133, 0.45628976821899414, 0.4302346706390381, 0.49738311767578125]",Los pájaros vuelan alto sobre los árboles en primavera alegre.,22,2,1,0
0,no,SI,A,1,37,28,no,no,Isabel miraba por la ventana.,"[0.4934267997741699, 0.411632776260376, 0.3693506717681885, 0.4134209156036377, 0.4023916721343994, 0.41237473487854004, 0.43659520149230957, 0.3848292827606201, 0.4129495620727539, 0.4590160846710205, 0.41547608375549316]",Isabel vió a la tormenta desde su ventana durante una mañana.,22,2,1,0
0,no,0,0,0,47,29,no,no,0,"[0.4034614562988281, 0.8600063323974609, 0.45172715187072754, 0.37477540969848633, 0.4270200729370117, 0.5372445583343506, 0.5093362331390381, 0.5409693717956543, 0.437732458114624, 0.45523738861083984, 0.47879528999328613]",Marta descartó a la sospecha en la selección en un día.,22,2,1,0
0,no,NO,E,1,34,30,no,no,Carmen vio una representación teatral.,"[0.5976312160491943, 0.4709165096282959, 0.4986453056335449, 0.5188944339752197, 0.4438741207122803, 0.399188756942749, 0.43018007278442383, 0.5044505596160889, 0.8539688587188721, 1.3993234634399414]",Carmen odió la música en el cine durante la película.,22,5,1,0
0,no,No,E,1,100,31,no,no,El bebé dormía plácidamente.,"[0.9671757221221924, 0.9089534282684326, 0.8357701301574707, 0.8299028873443604, 0.6335036754608154, 0.45100975036621094, 0.9691677093505859, 0.2667818069458008, 0.6090719699859619, 0.5762865543365479]",El bebé lloraba constantemente durante la noche sin razón aparente.,22,2,1,0
0,no,0,0,0,100,32,no,no,0,"[0.6014506816864014, 0.430023193359375, 0.7062118053436279, 0.6470804214477539, 0.6110324859619141, 0.5606403350830078, 0.590416669845581, 0.5503458976745605, 0.6022143363952637, 0.5751373767852783, 0.7327620983123779]",El técnico reparó el ordenador a un cliente en la tienda.,22,0,1,0
0,no,0,0,0,11,33,no,no,0,"[0.5999867916107178, 0.5717151165008545, 0.6056928634643555, 0.5286247730255127, 0.5140266418457031, 0.5087778568267822, 0.522686243057251, 0.64449143409729, 0.5905771255493164, 0.5572619438171387, 1.110274314880371]",Valeria neutralizó a la bomba en la frontera en cinco minutos.,22,2,1,0
0,no,SI,A,1,101,34,no,no,Maria y su hermana estaban en la biblioteca.,"[0.6564908027648926, 0.5478498935699463, 0.564626932144165, 0.5477194786071777, 0.6871809959411621, 0.5812528133392334, 0.6163992881774902, 0.5732388496398926, 0.8400232791900635]",María dio el libro su hermana en la biblioteca.,22,0,1,0
0,no,NO,E,1,101,35,no,no,Luis envió un paquete a su hermano.,"[0.6453540325164795, 0.4975595474243164, 0.5695669651031494, 1.2315678596496582, 0.5653865337371826, 0.6888084411621094, 0.44125986099243164, 0.3821992874145508, 0.457211971282959]",Luis envíe un paquete a su primo en Alemania.,22,0,1,0
0,no,0,0,0,101,36,no,no,0,"[0.5092747211456299, 0.42296409606933594, 0.5651652812957764, 0.40071630477905273, 0.48206162452697754, 0.5248243808746338, 0.458176851272583, 0.4515233039855957, 0.6293785572052002]",Marta baila salsa con entusiasmo en las fiesta grandes.,22,2,1,0
0,no,NO,E,1,25,37,no,no,Pedro observó durante unos minutos.,"[0.5108950138092041, 0.4392733573913574, 0.3951401710510254, 0.38979387283325195, 0.43628549575805664, 0.49636077880859375, 0.48275160789489746, 0.4316384792327881, 0.3975532054901123, 0.44333481788635254, 0.6506564617156982]",Pedro observó a la secretaria en la oficina durante una hora.,22,0,1,0
0,no,0,0,0,100,38,no,no,0,"[0.5477380752563477, 0.37083864212036133, 0.38047099113464355, 0.3826606273651123, 0.41553330421447754, 0.37570810317993164, 0.34874534606933594, 0.46935606002807617, 0.43769359588623047, 1.3809964656829834]",Julia pasó la sal a su madre durante la cena.,22,0,1,0
0,no,0,0,0,101,39,no,no,0,"[0.7685606479644775, 0.40426039695739746, 0.36855626106262207, 0.4074680805206299, 0.3922994136810303, 0.5298328399658203, 0.45230817794799805, 0.411792516708374, 0.5014574527740479, 0.5849943161010742]",Jorge compró un regalo su novia en el centro comercial.,22,0,1,0
0,no,NO,E,1,101,40,no,no,El dueño fue reconocido por su gato.,"[1.0113542079925537, 0.4689934253692627, 0.39401769638061523, 0.43261194229125977, 0.44811534881591797, 0.4692819118499756, 0.3961327075958252, 0.542236328125, 0.5944631099700928, 1.1710538864135742]",El perro corrió felizmente a su dueño cuando le reconoció.,22,1,1,0
0,no,SI,E,1,14,41,no,no,Helena estaba jugando un partido de fútbol.,"[0.5127568244934082, 0.4644663333892822, 1.2686784267425537, 0.4350740909576416, 0.5674986839294434, 0.5450210571289062, 0.5112752914428711, 0.47393083572387695, 0.4664778709411621, 0.5131151676177979]",Helena derribó una futbolista en el campo durante el partido.,22,4,1,0
0,no,NO,E,1,2,42,no,no,La acción tuvo lugar en el parque.,"[0.70066237449646, 0.6586003303527832, 0.6806633472442627, 0.6081056594848633, 1.0918619632720947, 0.6521854400634766, 0.45653629302978516, 0.4594888687133789, 0.410400390625, 0.5473861694335938]",Simón pateó la jugadora en la cancha en un instante.,22,3,1,0
0,no,0,0,0,101,43,no,no,0,"[0.4430406093597412, 0.48401355743408203, 0.4682924747467041, 0.48673081398010254, 1.0160579681396484, 0.47450852394104004, 0.401688814163208, 0.48326992988586426, 0.5478453636169434, 0.6548898220062256]",El perro ladran fuerte cada vez que pasa un coche.,22,2,1,0
0,no,0,0,0,100,44,no,no,0,"[0.9706909656524658, 0.4581258296966553, 0.3996756076812744, 0.4019315242767334, 0.4484822750091553, 0.42901611328125, 0.440044641494751, 0.5679092407226562, 0.5254402160644531, 0.47606968879699707]",El gato saltó a la mesa para robar la comida.,22,1,1,0
0,no,SI,A,1,41,45,no,no,Emma pasó semanas investigando.,"[0.47873401641845703, 0.4846067428588867, 0.41663312911987305, 0.42452216148376465, 0.417402982711792, 0.45848798751831055, 0.4478108882904053, 0.4552609920501709, 0.40662264823913574, 0.42707395553588867, 0.5206117630004883]",Emma investigó a la empresaria en la ciudad durante varias semanas.,22,0,1,0
0,no,SI,A,1,22,46,no,no,Hubo un asedio en la región.,"[0.7943906784057617, 0.598931074142456, 0.5554430484771729, 0.7490153312683105, 0.6480379104614258, 0.5307388305664062, 0.5503571033477783, 0.5747544765472412, 0.7247014045715332, 0.5534436702728271]",Carla asedió una contrincante en la región durante bastante tiempo.,22,4,1,0
0,no,0,0,0,24,47,no,no,0,"[0.5948374271392822, 1.1667168140411377, 0.48142099380493164, 0.43018245697021484, 0.4370849132537842, 0.5306339263916016, 0.627596378326416, 0.8053543567657471, 0.5930747985839844, 0.5247421264648438, 1.1313345432281494]",Coral guió a una turista en el palacio en una hora.,22,1,1,0
0,no,NO,E,1,16,48,no,no,La guerra duró más de dos años.,"[0.6379573345184326, 0.48076796531677246, 0.5930781364440918, 0.6007566452026367, 0.5413088798522949, 0.6334505081176758, 0.5266945362091064, 0.5498261451721191, 0.5546059608459473, 1.0244872570037842]",Valentina venció la resistencia en la guerra en dos años.,22,5,1,0
0,no,0,0,0,5,49,no,no,0,"[0.5448741912841797, 0.46851396560668945, 0.4465177059173584, 0.5142173767089844, 0.8360488414764404, 0.5548551082611084, 0.5460860729217529, 0.4682600498199463, 0.4996669292449951, 1.0026969909667969]",Manuel abrazó una señora en el parque en pocos instantes.,22,4,1,0
0,no,0,0,0,30,50,no,no,0,"[0.533534049987793, 0.4490208625793457, 0.5560829639434814, 0.5103428363800049, 0.4554786682128906, 0.5291557312011719, 0.5571191310882568, 0.4447932243347168, 0.48510026931762695, 0.4653775691986084, 0.5195169448852539]",Carlos esperó a la profesora en la esquina durante una hora.,22,0,1,0
0,no,0,0,0,7,51,no,no,0,"[0.6071853637695312, 0.5043463706970215, 0.5333328247070312, 0.45296168327331543, 0.4573948383331299, 0.5389924049377441, 0.5246868133544922, 0.48824644088745117, 0.5376749038696289, 0.4486258029937744, 0.5668766498565674]",Tomás empujó a la vieja a la puerta en pocos segundos.,22,0,1,0
0,no,0,0,0,45,52,no,no,0,"[0.5942208766937256, 0.47886133193969727, 0.48621034622192383, 0.45494556427001953, 0.5131082534790039, 0.5133423805236816, 0.4978768825531006, 0.5026905536651611, 0.44264698028564453, 0.6218597888946533]",Gabriela localizó la amiga en la ciudad en dos minutos.,22,3,1,0
0,no,SI,E,1,101,53,no,no,Clara fue a la farmacia con su hermana.,"[0.5744736194610596, 0.5777807235717773, 0.5141642093658447, 0.4167594909667969, 0.467510461807251, 0.5872297286987305, 0.6044840812683105, 0.6098110675811768, 0.7023434638977051, 0.5612583160400391, 0.6284356117248535]",Clara fue con su hermanas a la farmacia después del desayuno.,22,1,1,0
0,no,SI,A,1,101,54,no,no,El bebé sonrió a su madre.,"[0.8896942138671875, 1.2949740886688232, 1.2848515510559082, 1.2543625831604004, 0.4807007312774658, 0.43886876106262207, 0.38735175132751465, 0.4003632068634033, 0.4141988754272461, 0.6173665523529053]",El bebé sonreí dulcemente a su madre desde la cuna.,22,1,1,0
0,no,0,0,0,101,55,no,no,0,"[0.6392643451690674, 0.5262517929077148, 0.5926830768585205, 0.5183663368225098, 0.5364241600036621, 0.7613921165466309, 0.4685189723968506, 0.6236190795898438, 0.6240079402923584]",Pedro devolvió el libro la biblioteca el lunes pasado.,22,0,1,0
0,no,0,0,0,33,56,no,no,0,"[0.5283794403076172, 0.4970433712005615, 0.49550747871398926, 0.46391892433166504, 0.4829986095428467, 0.48534202575683594, 0.583003044128418, 0.7353672981262207, 0.5004792213439941, 0.43309807777404785, 0.6158664226531982]",Marco imaginó a una amiga en la playa durante dos minutos.,22,1,1,0
0,no,NO,E,1,100,57,no,no,El tren llegó con retraso.,"[0.4900362491607666, 0.4555070400238037, 0.44928503036499023, 0.47036170959472656, 0.5013008117675781, 0.48447346687316895, 0.4736328125, 0.4268207550048828, 0.5062825679779053, 0.5495021343231201]",El tren llegó puntual a la estación bajo la lluvia.,22,2,1,0
0,no,0,0,0,101,58,no,no,0,"[0.6781401634216309, 0.515268087387085, 0.47257280349731445, 0.5333187580108643, 0.6266078948974609, 0.5458939075469971, 0.6312508583068848, 1.0763609409332275]",Salimos temprano para evitar el tráfico la carretera.,22,2,1,0
0,no,NO,E,1,101,59,no,no,El profesor y los alumnos estaban fuera del aula.,"[0.5006024837493896, 1.193436622619629, 0.6938412189483643, 0.71506667137146, 0.6662354469299316, 0.600548267364502, 0.6838488578796387, 0.5296745300292969, 0.6148276329040527]",El profesor explicó la lección los alumnos en clase.,22,0,1,0
0,no,SI,A,1,100,60,no,no,Laura se fue a Inglaterra.,"[0.7204122543334961, 0.3759946823120117, 0.474184513092041, 0.3966500759124756, 0.4639103412628174, 0.4836719036102295, 0.5842440128326416, 0.4378213882446289, 0.5343265533447266, 1.1847496032714844]",Laura se fue de vacaciones a Londres la semana pasada.,22,1,1,0
0,no,0,0,0,23,61,no,no,0,"[0.5057451725006104, 0.42429089546203613, 1.4594697952270508, 0.4245889186859131, 0.4241619110107422, 0.41617536544799805, 0.43788981437683105, 0.4002845287322998, 0.43288326263427734, 0.3966343402862549, 0.5206677913665771]",Daniel remolcó a la enferma en la calle durante algunos minutos.,22,0,1,0
0,no,SI,A,1,101,62,no,no,El camarero sonrió.,"[0.45664310455322266, 0.43039369583129883, 0.38568758964538574, 0.41925501823425293, 0.38345956802368164, 0.6772868633270264, 0.5838680267333984, 0.4966726303100586, 0.7507801055908203, 0.39638614654541016, 0.5549468994140625]",El camarero trajo el cuenta a los clientes con una sonrisa.,22,0,1,0
0,no,SI,A,1,3,63,no,no,Lo que Pedro hizo fue un secuestro.,"[0.4714620113372803, 0.6243066787719727, 0.5390009880065918, 0.487393856048584, 0.4634103775024414, 0.4753384590148926, 0.6900625228881836, 0.6653923988342285, 0.5852324962615967, 0.8829159736633301]",Pablo secuestró la turista en el aeropuerto durante una hora.,22,3,1,0
0,no,0,0,0,19,64,no,no,0,"[0.5075790882110596, 0.4129292964935303, 0.48918724060058594, 0.48815131187438965, 0.46291017532348633, 1.6581332683563232, 0.4805328845977783, 0.4481987953186035, 0.4308180809020996, 0.41883134841918945, 0.5149891376495361]",Lucas arrastró a una víctima en la calle por un tiempo.,22,1,1,0
0,no,0,0,0,36,65,no,no,0,"[0.6394803524017334, 0.7289330959320068, 0.5561087131500244, 0.7521095275878906, 0.6421427726745605, 0.5631048679351807, 0.5589745044708252, 0.5035140514373779, 0.45315122604370117, 0.4176938533782959]",Irene oyó la discusión en la sala durante una noche.,22,5,1,0
0,no,0,0,0,100,66,no,no,0,"[0.4891963005065918, 0.4136343002319336, 0.49119114875793457, 0.4461216926574707, 0.41667866706848145, 0.4048335552215576, 0.4341611862182617, 0.42096972465515137, 0.6226835250854492, 0.7015566825866699]",Rosa recomendó un libro a su colega durante el almuerzo.,22,0,1,0
0,no,SI,A,1,100,67,no,no,Ana estaba en la biblioteca.,"[0.5942678451538086, 0.534064531326294, 0.5225749015808105, 0.47607946395874023, 0.5228312015533447, 0.4685330390930176, 0.6061577796936035, 0.5696220397949219, 0.507035493850708, 0.5743293762207031]",Nos encontramos con Ana después de clase en la biblioteca.,22,2,1,0
0,no,0,0,0,101,68,no,no,0,"[0.6423933506011963, 0.4818248748779297, 0.5007236003875732, 0.576418399810791, 1.1337363719940186, 0.5910592079162598, 0.5181138515472412, 0.39943575859069824, 0.4325847625732422, 0.47218966484069824]",María se despertó sobresaltado a los gritos de su hermano.,22,1,1,0
0,no,NO,E,1,100,69,no,no,El coche era azul.,"[0.4279210567474365, 0.40466904640197754, 0.3877222537994385, 0.45076656341552734, 0.39211082458496094, 0.4187490940093994, 0.4382014274597168, 0.45760488510131836, 0.7759819030761719, 0.5173788070678711]",El coche rojo aparcó frente a la casa de Marta.,22,2,1,0
0,no,SI,A,1,8,70,no,no,Helena estaba en el patio.,"[0.49956750869750977, 0.3999350070953369, 0.38251304626464844, 0.41704511642456055, 0.40033626556396484, 0.4224426746368408, 0.30255794525146484, 0.4785804748535156, 0.4012155532836914, 0.4202079772949219]",Helena colgó la fotografía en el patio en cinco minutos.,22,5,1,0
0,no,0,0,0,100,71,no,no,0,"[0.9289536476135254, 0.6619734764099121, 1.158900499343872, 0.6231379508972168, 0.5248658657073975, 0.5135176181793213, 0.4788930416107178, 0.4467651844024658, 0.4902932643890381, 0.522852897644043, 0.7536396980285645]",Mi hermano vendió su coche a un amigo de la universidad.,22,0,1,0
0,no,0,0,0,20,72,no,no,0,"[0.7795596122741699, 0.5147814750671387, 0.4096219539642334, 0.3823854923248291, 0.3654444217681885, 0.3856470584869385, 0.3488163948059082, 0.3918471336364746, 0.350111722946167, 0.7168271541595459, 0.5074872970581055]",Claudia maltrató a una compañera en la casa durante varios años.,22,1,1,0
0,no,SI,A,1,100,73,no,no,Ellos corren en el centro.,"[0.6315591335296631, 0.33347272872924805, 0.31498003005981445, 0.296006441116333, 0.3064713478088379, 0.32910799980163574, 0.3327007293701172, 0.34090638160705566, 0.3695845603942871, 1.544762372970581]",Ellos corren todas las mañanas por el parque del centro.,22,2,1,0
0,no,NO,E,1,100,74,no,no,El autobus llegó puntual.,"[0.6483707427978516, 0.3699915409088135, 0.5051760673522949, 0.3495650291442871, 0.32964134216308594, 0.371279239654541, 0.6913979053497314, 0.3354051113128662, 0.33460164070129395, 0.48231935501098633, 0.7090113162994385]",El autobús llegó con retraso a la parada equivocada del centro.,22,1,1,0
0,no,0,0,0,100,75,no,no,0,"[0.4139273166656494, 0.3574073314666748, 0.3398628234863281, 0.32242918014526367, 0.3561229705810547, 0.3606100082397461, 0.7883319854736328, 0.44888925552368164, 0.42481565475463867, 0.33078455924987793, 0.3775475025177002]",La lluvia cayó fuerte sobre el techo durante toda la noche.,22,2,1,0
0,no,0,0,0,100,76,no,no,0,"[0.3591501712799072, 0.3512115478515625, 0.38059496879577637, 1.3898143768310547, 0.9471666812896729, 0.44800400733947754, 0.34929609298706055, 0.3799617290496826, 0.5044543743133545]",El viento soplaba fuerte durante la tormenta de anoche.,22,2,1,0
0,no,SI,E,1,27,77,no,no,Felipe es presentador de teatro.,"[0.6185884475708008, 0.3599560260772705, 0.41298413276672363, 0.3750433921813965, 1.0437359809875488, 0.41908884048461914, 0.4756612777709961, 0.5608117580413818, 0.5037059783935547, 0.5415658950805664]",Felipe anunció la actuación en el escenario en cinco minutos.,22,5,1,0
0,no,0,0,0,100,78,no,no,0,"[0.6978154182434082, 0.5550839900970459, 0.4367551803588867, 0.5468282699584961, 0.576650857925415, 0.4889359474182129, 0.48854899406433105, 0.4823596477508545, 0.6063976287841797, 0.8823096752166748]",Isabel enseñó la receta a su prima en la cocina.,22,0,1,0
0,no,0,0,0,13,79,no,no,0,"[0.5767385959625244, 0.4038681983947754, 0.44225597381591797, 0.45835232734680176, 0.39223313331604004, 0.599797248840332, 0.4953439235687256, 0.4482581615447998, 0.5002892017364502, 0.5921201705932617]",Martina atropelló la anciana en el aparcamiento en pocos minutos.,22,3,1,0
0,no,NO,E,1,46,80,no,no,Alejandro estaba en el centro comercial.,"[1.8267366886138916, 0.9575536251068115, 0.8369367122650146, 0.6617281436920166, 0.5712180137634277, 0.47288084030151367, 0.5005800724029541, 0.5704615116119385, 0.5106792449951172, 0.6094517707824707]",Alejandro identificó la amenaza en el aeropuerto en dos horas.,22,5,1,0
0,no,0,0,0,42,81,no,no,0,"[0.673858642578125, 0.7300887107849121, 0.6087667942047119, 0.49492907524108887, 0.5859968662261963, 0.6710281372070312, 0.5628361701965332, 1.1422150135040283, 0.7024214267730713, 0.6950619220733643, 0.9376347064971924]",Ismael encontró a la dificultad en la carretera en pocas horas.,22,2,1,0
0,no,0,0,0,17,82,no,no,0,"[0.4778873920440674, 0.5076215267181396, 2.621666431427002, 0.8854846954345703, 0.5274522304534912, 0.6125814914703369, 0.46512913703918457, 0.5827882289886475, 0.46514415740966797, 0.4014143943786621]",Luis zarandeó la mujer en la casa durante algunos minutos.,22,3,1,0
0,no,0,0,0,101,83,no,no,0,"[0.5536293983459473, 0.49895572662353516, 0.4894082546234131, 0.1336841583251953, 1.0178296566009521, 0.5201921463012695, 0.5345604419708252, 0.5109875202178955, 0.40731096267700195, 0.40849804878234863]",El jefe convocó urgentemente a reunión a todos el empleados.,22,1,1,0
0,no,0,0,0,101,84,no,no,0,"[0.5105686187744141, 0.4294617176055908, 0.4260704517364502, 0.4799058437347412, 0.5102081298828125, 0.5157177448272705, 0.7082936763763428, 0.620577335357666, 0.46839308738708496, 0.4506223201751709]",Mi primo viaja sola por Europa durante el verano próximo.,22,2,1,0
0,no,0,0,0,100,85,no,no,0,"[0.4553360939025879, 0.44910454750061035, 0.399813175201416, 0.41913414001464844, 0.44415736198425293, 0.4375278949737549, 0.40128588676452637, 0.3666064739227295, 0.5703647136688232, 0.5242562294006348]",El niño duerme tranquilo en su cama todas las noches.,22,2,1,0
0,no,0,0,0,49,86,no,no,0,"[0.551304817199707, 0.42234182357788086, 0.4248955249786377, 0.4518735408782959, 0.38486289978027344, 0.39905357360839844, 0.42492103576660156, 0.42977476119995117, 0.5657248497009277, 0.24996161460876465, 0.8597140312194824]",Alba mencionó a la actriz en el teatro tras varios minutos.,22,0,1,0
0,no,NO,E,1,100,87,no,no,El niño juega solo en el parque.,"[1.0515892505645752, 0.4109766483306885, 0.4660778045654297, 0.4049234390258789, 1.0582544803619385, 0.8075015544891357, 0.6685843467712402, 0.5297703742980957, 0.7235426902770996, 0.5864105224609375]",El niño juega en el parque con su mejor amigo.,22,2,1,0
0,no,0,0,0,100,88,no,no,0,"[0.5255563259124756, 0.43548059463500977, 0.4580385684967041, 0.45933079719543457, 0.5800855159759521, 0.4380812644958496, 0.3723783493041992, 0.49480128288269043, 0.37537217140197754, 0.3466453552246094]",El avión aterrizó sin problemas en el aeropuerto de Madrid.,22,2,1,0
0,no,0,0,0,48,89,no,no,0,"[0.4670872688293457, 0.4459104537963867, 0.7128634452819824, 0.6164371967315674, 0.5451364517211914, 0.40195369720458984, 0.4885587692260742, 0.5441811084747314, 0.6898581981658936, 0.8085346221923828]",Samuel descubrió una infiltrada en el museo en pocas horas.,22,4,1,0
0,no,0,0,0,100,90,no,no,0,"[0.43422818183898926, 0.3458082675933838, 0.3431227207183838, 0.5695371627807617, 0.5286335945129395, 0.5153694152832031, 0.5414607524871826, 0.5415878295898438, 0.5470421314239502, 0.49239301681518555, 0.5280189514160156]",El jefe asignó una tarea a cada empleado en la reunión.,22,0,1,0
0,no,0,0,0,44,91,no,no,0,"[0.6420390605926514, 0.5545403957366943, 0.5288918018341064, 0.5052947998046875, 0.531670331954956, 0.5465655326843262, 0.5794408321380615, 0.5520141124725342, 0.5672004222869873, 0.5564045906066895, 0.4432070255279541]",Martín detectó a una intrusa en el hospital en dos minutos.,22,1,1,0
0,no,0,0,0,40,92,no,no,0,"[0.5312948226928711, 0.4314558506011963, 0.7199573516845703, 0.4554266929626465, 0.48230862617492676, 0.44718313217163086, 0.5121922492980957, 0.9316010475158691, 0.6782217025756836, 0.6092784404754639]",Adrián percibió una mujer detrás de él durante algunos minutos.,22,4,1,0
0,no,NO,A,1,31,93,no,no,Miguel tuvo que esperar una semana.,"[0.944319486618042, 0.6672892570495605, 1.0217669010162354, 0.6173093318939209, 0.6172192096710205, 0.7866549491882324, 0.6600894927978516, 0.6658604145050049, 0.5013706684112549, 0.5197734832763672, 1.1610119342803955]",Miguel recibió a la invitada en la casa en un día.,22,0,1,0
0,no,0,0,0,100,94,no,no,0,"[0.7431538105010986, 0.6566698551177979, 0.7908329963684082, 0.6015894412994385, 0.7035620212554932, 0.6480991840362549, 0.554283857345581, 0.5623409748077393, 0.5469605922698975, 0.49328184127807617]",El mensajero entregó el paquete a Marta en su casa.,22,0,1,0
0,no,0,0,0,100,95,no,no,0,"[0.4914093017578125, 0.5580470561981201, 1.1968529224395752, 0.558565616607666, 0.49649786949157715, 0.55122971534729, 0.4961261749267578, 0.5209307670593262, 0.4889664649963379, 0.47637200355529785, 0.6821706295013428]",Me encontré inesperadamente a Paula en el tren de las siete.,22,1,1,0
0,no,NO,E,1,100,96,no,no,Andrés contó una historia,"[2.671910524368286, 0.6826205253601074, 0.6682379245758057, 0.6440243721008301, 0.5244572162628174, 0.44420599937438965, 0.4312317371368408, 0.4721248149871826, 0.37150001525878906, 0.6960489749908447]",Andrés cantó una canción a su hija antes de acostarla.,22,0,1,0
0,no,0,0,0,101,97,no,no,0,"[0.8321433067321777, 0.5514078140258789, 0.5553097724914551, 0.5352301597595215, 0.4879627227783203, 0.5007772445678711, 0.41701412200927734, 0.7985565662384033, 0.5015168190002441, 0.4528379440307617]",Laura mostró las fotos a sus amigas en la parque.,22,0,1,0
0,no,SI,A,1,0,98,no,no,La acción tuvo lugar en la calle.,"[0.4813807010650635, 0.4785332679748535, 0.435286283493042, 0.45534586906433105, 0.4521291255950928, 0.46909356117248535, 0.45432114601135254, 0.4093291759490967, 0.4448709487915039, 0.4704256057739258]",Juan golpeó la actriz en la calle en diez segundos.,22,3,1,0
0,no,0,0,0,4,99,no,no,0,"[0.68015456199646, 0.517237663269043, 0.6250262260437012, 0.8869173526763916, 0.520930290222168, 0.5066401958465576, 0.49886631965637207, 0.4990370273590088, 0.4864485263824463, 0.4887819290161133, 0.568004846572876]",Jorge arrolló a la valla en la calle en un segundo.,22,2,1,0
0,no,NO,E,1,100,100,no,no,Viajan a Argentina cada invierno.,"[0.6066091060638428, 0.45133399963378906, 0.49251246452331543, 0.4677445888519287, 0.44855785369873047, 0.4100973606109619, 0.500093936920166, 0.45453667640686035, 0.577470064163208]",Mis padres viajan en avión a Argentina cada verano.,22,1,1,0
0,no,0,0,0,100,101,no,no,0,"[0.6832492351531982, 0.5486428737640381, 0.5092127323150635, 0.596583366394043, 0.5930767059326172, 0.48871874809265137, 0.5045919418334961, 0.5503168106079102, 0.4863898754119873, 0.9777250289916992]",Miguel alquiló una bicicleta a un turista en la estación.,22,0,1,0
0,no,SI,A,1,32,102,no,no,Martin estaba en el hospital.,"[0.5730211734771729, 0.47994542121887207, 0.5332732200622559, 0.6124553680419922, 0.6147048473358154, 0.7633581161499023, 0.8440115451812744, 1.0358519554138184, 0.563554048538208, 0.7359788417816162]",Martín buscó la médica en el hospital durante dos horas.,22,3,1,0
0,no,SI,A,1,15,103,no,no,Lucia estuvo en una pelea de bar.,"[1.6710636615753174, 0.8481826782226562, 0.7731258869171143, 0.7081656455993652, 0.6224691867828369, 0.6030764579772949, 0.5536282062530518, 0.553264856338501, 0.5052130222320557, 0.5608096122741699, 0.5885481834411621]",Lucía destrozó a una oponente en el bar en diez minutos.,22,1,1,0
0,no,0,0,0,26,104,no,no,0,"[0.7478954792022705, 0.5123364925384521, 0.44025206565856934, 0.5322785377502441, 0.5130970478057861, 0.5093674659729004, 0.8015921115875244, 0.5051364898681641, 0.6384012699127197, 0.664325475692749]",Juan escuchó la alarma en el balcón durante una noche.,22,5,1,0
0,no,NO,E,1,100,105,no,no,Lucía y su compañero estaban en el salón.,"[0.6118259429931641, 0.6375315189361572, 0.5948944091796875, 0.5861561298370361, 0.7090210914611816, 0.5986723899841309, 0.6326742172241211, 0.6840972900390625, 0.6624481678009033, 0.7825741767883301]",Lucía ofreció un café a su compañero en la cocina.,22,0,1,0
4,no,NO,0,1,100,0,yes,yes,Llegaron a la universidad cuando ya estaba cerrada.,0,Los estudiantes llegaron a la universidad antes de que cerrara.,22,1,1,0
4,no,0,0,0,100,1,yes,yes,0,0,Los niños corrieron a la plaza con sus amigos.,22,1,1,0
4,no,0,0,0,100,2,yes,yes,0,0,El ladrón escapó a toda prisa por la puerta trasera.,22,1,1,0
4,no,0,0,0,100,3,yes,yes,0,0,La conferencia empezará con puntualidad a las diez y media.,22,1,1,0
4,no,0,0,0,13,0,yes,no,0,0,Martina atropelló a la carreta en el aparcamiento en pocos minutos.,22,2,1,0
4,no,0,0,0,29,1,yes,no,0,0,Alfonso miró a la granjera en la colina durante dos horas.,22,0,1,0
3,no,NO,0,1,31,2,yes,no,Miguel tuvo que esperar una semana.,0,Miguel recibió la invitada en la casa en un día.,22,3,1,0
4,no,0,0,0,35,3,yes,no,0,0,Carlos vigiló la operación en la habitación durante unas horas.,22,5,1,0
4,no,NO,0,1,46,4,yes,no,Alejandro estaba en el centro comercial.,0,Alejandro identificó la amenaza en el aeropuerto en dos horas.,22,5,1,0
2,no,SI,0,1,37,5,yes,no,Isabel miraba por la ventana.,0,Isabel vió la estudiante desde su ventana durante una mañana.,22,3,1,0
4,no,0,0,0,49,6,yes,no,0,0,Alba mencionó la ciudad en el teatro tras varios minutos.,22,5,1,0
2,no,NO,0,1,2,7,yes,no,La acción tuvo lugar en el parque.,0,Simón pateó a la pelota en la cancha en un instante.,22,2,1,0
4,no,SI,0,1,15,8,yes,no,Lucia estaba en un bar.,0,Lucía destrozó la mesa en el bar en diez minutos.,22,5,1,0
4,no,NO,0,1,12,9,yes,no,El combate duró varias horas.,0,Paula abatió la resistencia en el ring en pocos minutos.,22,5,1,0
4,no,NO,0,1,1,10,yes,no,Carlos tardó mucho en hacer el asalto.,0,Carlos asaltó a la conductora en el barrio en pocos instantes.,22,0,1,0
2,no,0,0,0,26,11,yes,no,0,0,Juan escuchó a una vecina en el balcón durante una noche.,22,1,1,0
4,no,0,0,0,17,12,yes,no,0,0,Luis zarandeó a la muñeca en la casa durante algunos minutos.,22,2,1,0
4,no,SI,0,1,14,13,yes,no,Helena estaba jugando un partido de fútbol.,0,Helena derribó la futbolista en el campo durante el partido.,22,3,1,0
4,no,0,0,0,7,14,yes,no,0,0,Tomás empujó una vieja a la puerta en pocos segundos.,22,4,1,0
4,no,NO,0,1,34,15,yes,no,Carmen vio una representación teatral.,0,Carmen odió la vendedora en el cine durante la película.,22,3,1,0
4,no,NO,0,1,16,16,yes,no,La guerra duró más de dos años.,0,Valentina venció a una adversaria en la guerra en dos años.,22,1,1,0
4,no,0,0,0,19,17,yes,no,0,0,Lucas arrastró a una víctima en la calle por un tiempo.,22,1,1,0
4,no,0,0,0,30,18,yes,no,0,0,Carlos esperó a una profesora en la esquina durante una hora.,22,1,1,0
4,no,0,0,0,21,19,yes,no,0,0,Hugo apaleó la rebelde en la calle durante varios minutos.,22,3,1,0
4,no,SI,0,1,3,20,yes,no,Lo que Pedro hizo fue un secuestro.,0,Pablo secuestró una turista en el aeropuerto durante una hora.,22,4,1,0
4,no,0,0,0,10,21,yes,no,0,0,Mateo eliminó la carpeta en el banco en pocos segundos.,22,5,1,0
3,no,0,0,0,5,22,yes,no,0,0,Manuel abrazó la señora en el parque en pocos instantes.,22,3,1,0
3,no,0,0,0,47,23,yes,no,0,0,Marta descartó una aspirante en la selección en un día.,22,4,1,0
4,no,SI,0,1,32,24,yes,no,Martin estaba en el hospital.,0,Martín buscó a la médica en el hospital durante dos horas.,22,0,1,0
4,no,0,0,0,45,25,yes,no,0,0,Gabriela localizó a una amiga en la ciudad en dos minutos.,22,1,1,0
2,no,0,0,0,36,26,yes,no,0,0,Irene oyó a la niña en la sala durante una noche.,22,0,1,0
2,no,SI,0,1,28,27,yes,no,Anna estaba en la escuela.,0,Anna comprendió una maestra en la escuela en dos minutos.,22,4,1,0
4,no,SI,0,1,22,28,yes,no,Hubo un asedio en la región.,0,Carla asedió la ciudad en la región durante bastante tiempo.,22,5,1,0
4,no,0,0,0,11,29,yes,no,0,0,Valeria neutralizó una criminal en la frontera en cinco minutos.,22,4,1,0
2,no,0,0,0,42,30,yes,no,0,0,Ismael encontró a la dificultad en la carretera en pocas horas.,22,2,1,0
4,no,SI,0,1,27,31,yes,no,Felipe es presentador de teatro.,0,Felipe anunció a una cantante en el escenario en cinco minutos.,22,1,1,0
2,no,NO,0,1,18,32,yes,no,María iba en bicicleta.,0,María transportó a la guitarra en la furgoneta durante un día.,22,2,1,0
3,no,SI,0,1,39,33,yes,no,Valeria fue a un concierto.,0,Valeria admiró a la escenografía en el teatro durante el concierto.,22,2,1,0
4,no,SI,0,1,9,34,yes,no,Había fuego en la plaza.,0,Carlos quemó a una bruja en la plaza en pocos minutos.,22,1,1,0
4,no,0,0,0,48,35,yes,no,0,0,Samuel descubrió a la infiltrada en el museo en pocas horas.,22,0,1,0
3,no,0,0,0,43,36,yes,no,0,0,Sofía conoció la chica en el colegio en dos días.,22,3,1,0
4,no,0,0,0,38,37,yes,no,0,0,Unai amó una jovencita en su pueblo durante varios años.,22,4,1,0
4,no,0,0,0,33,38,yes,no,0,0,Marco imaginó a la amiga en la playa durante dos minutos.,22,0,1,0
2,no,SI,0,1,41,39,yes,no,Emma pasó semanas investigando.,0,Emma investigó la empresaria en la ciudad durante varias semanas.,22,3,1,0
4,no,NO,0,1,6,40,yes,no,El beso tuvo lugar en un museo.,0,Francisco besó la cruz en la iglesia durante unos segundos.,22,5,1,0
2,no,0,0,0,4,41,yes,no,0,0,Jorge arrolló a la valla en la calle en un segundo.,22,2,1,0
1,no,0,0,0,20,42,yes,no,0,0,Claudia maltrató una compañera en la casa durante varios años.,22,4,1,0
2,no,0,0,0,24,43,yes,no,0,0,Coral guió a una turista en el palacio en una hora.,22,1,1,0
3,no,NO,0,1,25,44,yes,no,Pedro observó durante unos minutos.,0,Pedro observó a la planta en la oficina durante una hora.,22,2,1,0
4,no,SI,0,1,0,45,yes,no,La acción tuvo lugar en la calle.,0,Juan golpeó a la actriz en la calle en diez segundos.,22,0,1,0
4,no,0,0,0,40,46,yes,no,0,0,Adrián percibió la sombra detrás de él durante algunos minutos.,22,5,1,0
4,no,0,0,0,44,47,yes,no,0,0,Martín detectó a la intrusa en el hospital en dos minutos.,22,0,1,0
4,no,SI,0,1,8,48,yes,no,Helena estaba en el patio.,0,Helena colgó a la criminal en el patio en cinco minutos.,22,0,1,0
4,no,0,0,0,23,49,yes,no,0,0,Daniel remolcó una enferma en la calle durante algunos minutos.,22,4,1,0
4,yes,0,0,0,23,0,yes,no,0,0,Lo que Adrián hizo a la mujer fue percibirla.,22,6,1,0
4,yes,0,0,0,23,1,yes,no,0,0,Lo que Helena hizo a la criminal fue colgarla.,22,6,1,0
4,yes,0,0,0,23,2,yes,no,0,0,Lo que Martín hizo a la médica fue buscarla.,22,6,1,0
4,yes,0,0,0,23,3,yes,no,0,0,Lo que Miguel hizo a la invitada fue recibirla.,22,6,1,0
4,yes,0,0,0,23,4,yes,no,0,0,Lo que Hugo hizo a la rebelde fue apalearla.,22,6,1,0
4,yes,0,0,0,23,5,yes,no,0,0,Lo que Simón le hizo a la jugadora fue patearla.,22,6,1,0
3,yes,0,0,0,23,6,yes,no,0,0,Lo que Felipe hizo a la cantante fue anunciarla.,22,6,1,0
3,yes,0,0,0,23,7,yes,no,0,0,Lo que Juan hizo a la vecina fue escucharla.,22,6,1,0
3,yes,0,0,0,23,8,yes,no,0,0,Lo que Carlos hizo a la bruja fue quemarla.,22,6,1,0
3,yes,0,0,0,23,9,yes,no,0,0,Lo que Helena hizo a la futbolista fue derribarla.,22,6,1,0
3,yes,0,0,0,23,10,yes,no,0,0,Lo que Lucas hizo a la víctima fue arrastrarla.,22,6,1,0
3,yes,0,0,0,23,11,yes,no,0,0,Lo que Martín hizo a la intrusa fue detectarla.,22,6,1,0
3,yes,0,0,0,23,12,yes,no,0,0,Lo que Anna hizo a la maestra fue comprenderla.,22,6,1,0
4,yes,0,0,0,23,13,yes,no,0,0,Lo que Valeria hizo a la cantante fue admirarla.,22,6,1,0
4,yes,0,0,0,23,14,yes,no,0,0,Lo que Ismael hizo a la conocida fue encontrarla.,22,6,1,0
4,yes,0,0,0,23,15,yes,no,0,0,Lo que Valentina hizo a la adversaria fue vencerla.,22,6,1,0
4,yes,0,0,0,23,16,yes,no,0,0,Lo que Carlos le hizo a la conductora fue asaltarla.,22,6,1,0
3,yes,0,0,0,23,17,yes,no,0,0,Lo que Tomás hizo a la vieja fue empujarla.,22,6,1,0
3,yes,0,0,0,23,18,yes,no,0,0,Lo que Pablo hizo a la turista fue secuestrarla.,22,6,1,0
3,yes,0,0,0,23,19,yes,no,0,0,Lo que Irene hizo a la niña fue oírla.,22,6,1,0
0,no,0,0,0,100,0,no,yes,0,"[1.8809759616851807, 1.2203021049499512, 0.9235975742340088, 0.580101490020752, 1.8246512413024902, 0.7040669918060303, 0.6260414123535156, 0.914560079574585, 0.7403101921081543, 2.8255393505096436]",La conferencia empezará con puntualidad a las diez y media.,23,1,0,0
0,no,0,0,0,100,1,no,yes,0,"[1.2371177673339844, 0.9775910377502441, 0.6324167251586914, 0.8287472724914551, 0.3990926742553711, 0.4139707088470459, 0.4470384120941162, 0.5385034084320068, 0.40199732780456543, 1.4541714191436768]",El ladrón escapó a toda prisa por la puerta trasera.,23,1,0,0
0,no,0,0,0,100,2,no,yes,0,"[7.517666578292847, 0.49631452560424805, 0.6076536178588867, 0.40786123275756836, 0.5964930057525635, 0.45042872428894043, 0.48528575897216797, 0.466005802154541, 1.540604591369629]",Los niños corrieron a la plaza con sus amigos.,23,1,0,0
0,no,NO,E,1,100,3,no,yes,Llegaron a la universidad cuando ya estaba cerrada.,"[0.9957053661346436, 0.45172643661499023, 0.40793514251708984, 0.6561899185180664, 0.3883800506591797, 0.760284423828125, 0.5061285495758057, 0.37407565116882324, 0.409665584564209, 0.9644749164581299]",Los estudiantes llegaron a la universidad antes de que cerrara.,23,1,0,0
0,no,0,0,0,45,0,no,no,0,"[1.5121350288391113, 0.7490906715393066, 0.39218831062316895, 0.37364840507507324, 0.3768613338470459, 0.6861062049865723, 0.45446014404296875, 0.43131375312805176, 0.3836708068847656, 2.4028844833374023]",Gabriela localizó la amiga en la ciudad en dos minutos.,23,3,0,0
0,no,0,0,0,101,1,no,no,0,"[0.8665857315063477, 0.3351764678955078, 0.3780021667480469, 0.32090187072753906, 0.35621213912963867, 0.29224228858947754, 0.32239651679992676, 0.3407022953033447, 0.307842493057251, 2.3149430751800537]",Laura mostró las fotos a sus amigas en la parque.,23,0,0,0
0,no,NO,E,1,101,2,no,no,El profesor y los alumnos estaban fuera del aula.,"[0.9756407737731934, 0.30936312675476074, 0.3912527561187744, 0.3944065570831299, 0.3237936496734619, 0.34935903549194336, 0.6576642990112305, 0.3687124252319336, 1.764688491821289]",El profesor explicó la lección los alumnos en clase.,23,0,0,0
0,no,0,0,0,19,3,no,no,0,"[0.750166654586792, 0.4966013431549072, 0.3133847713470459, 0.45262908935546875, 2.987257957458496, 0.5053019523620605, 0.41620421409606934, 0.4471745491027832, 0.4207923412322998, 0.358903169631958, 1.5347449779510498]",Lucas arrastró a la víctima en la calle por un tiempo.,23,0,0,0
0,no,0,0,0,100,4,no,no,0,"[1.0940570831298828, 0.4399292469024658, 0.3951151371002197, 0.402651309967041, 0.31517910957336426, 0.49332618713378906, 0.33333253860473633, 0.4254324436187744, 0.4433736801147461, 0.38202381134033203, 1.2918195724487305]",El jefe asignó una tarea a cada empleado en la reunión.,23,0,0,0
0,no,NO,E,1,100,5,no,no,El autobus llegó puntual.,"[1.6228759288787842, 0.36800527572631836, 0.36346936225891113, 0.8166468143463135, 0.4048187732696533, 1.0438296794891357, 0.3222777843475342, 0.3765251636505127, 0.626079797744751, 0.5063767433166504, 1.144918441772461]",El autobús llegó con retraso a la parada equivocada del centro.,23,1,0,0
0,no,0,0,0,100,6,no,no,0,"[1.9835588932037354, 0.40857625007629395, 0.240767240524292, 0.39925265312194824, 0.28921055793762207, 0.31313014030456543, 0.3366048336029053, 0.4349527359008789, 0.35794806480407715, 0.30744004249572754, 0.4523017406463623]",La lluvia cayó fuerte sobre el techo durante toda la noche.,23,2,0,0
0,no,NO,E,1,6,7,no,no,El beso tuvo lugar en un museo.,"[1.0830795764923096, 0.4491398334503174, 0.3263664245605469, 0.26859188079833984, 1.2143466472625732, 0.2464156150817871, 0.44057798385620117, 0.733759880065918, 0.4558064937591553, 0.36810302734375, 0.7033565044403076]",Francisco besó a la novia en la iglesia durante unos segundos.,23,0,0,0
0,no,0,0,0,100,8,no,no,0,"[0.6586060523986816, 0.2929694652557373, 0.20989775657653809, 0.6344008445739746, 0.3303523063659668, 0.28986692428588867, 1.3867149353027344, 0.500572919845581, 0.3142232894897461, 1.7577054500579834]",El niño duerme tranquilo en su cama todas las noches.,23,2,0,0
0,no,0,0,0,26,9,no,no,0,"[0.5939574241638184, 0.25764918327331543, 0.3901998996734619, 0.2848191261291504, 0.683281421661377, 0.35549163818359375, 0.34052181243896484, 0.4222128391265869, 0.38956141471862793, 1.4472661018371582]",Juan escuchó una vecina en el balcón durante una noche.,23,4,0,0
0,no,0,0,0,44,10,no,no,0,"[0.7834892272949219, 0.3879587650299072, 0.4975264072418213, 0.38257741928100586, 0.36925387382507324, 0.3688802719116211, 0.4474821090698242, 0.44365763664245605, 0.4004185199737549, 1.213413953781128]",Martín detectó la enfermedad en el hospital en dos minutos.,23,5,0,0
0,no,0,0,0,42,11,no,no,0,"[1.2401251792907715, 0.34879255294799805, 0.46463823318481445, 0.7522320747375488, 0.46700286865234375, 0.37312889099121094, 0.30303215980529785, 1.480712890625, 0.3503563404083252, 0.5267846584320068]",Ismael encontró la dificultad en la carretera en pocas horas.,23,5,0,0
0,no,0,0,0,4,12,no,no,0,"[0.9698433876037598, 0.6240935325622559, 0.34512901306152344, 0.4215214252471924, 0.5405616760253906, 1.3985896110534668, 0.3870699405670166, 0.8342163562774658, 0.39776611328125, 0.5287907123565674]",Jorge arrolló la valla en la calle en un segundo.,23,5,0,0
0,no,SI,A,1,101,13,no,no,El bebé sonrió a su madre.,"[1.075425624847412, 0.749755859375, 0.38510870933532715, 2.3110287189483643, 0.33798766136169434, 0.5435171127319336, 0.3951680660247803, 0.3757472038269043, 0.32527756690979004, 0.4314689636230469]",El bebé sonreí dulcemente a su madre desde la cuna.,23,1,0,0
0,no,SI,A,1,100,14,no,no,Ellos corren en el centro.,"[1.1948776245117188, 0.6617228984832764, 0.33081626892089844, 0.25299692153930664, 0.45397448539733887, 0.6589982509613037, 0.5259618759155273, 0.774012565612793, 0.4947025775909424, 0.388167142868042]",Ellos corren todas las mañanas por el parque del centro.,23,2,0,0
0,no,NO,E,1,16,15,no,no,La guerra duró más de dos años.,"[2.7092950344085693, 0.38517117500305176, 0.8082268238067627, 0.8530292510986328, 0.612156867980957, 0.29523134231567383, 0.488234281539917, 0.3636925220489502, 0.38852572441101074, 2.7236645221710205]",Valentina venció una adversaria en la guerra en dos años.,23,4,0,0
0,no,NO,E,1,18,16,no,no,María iba en bicicleta.,"[0.9908261299133301, 0.47325658798217773, 0.322587251663208, 0.32011842727661133, 1.350083589553833, 0.3084239959716797, 0.36612558364868164, 0.759258508682251, 0.3190653324127197, 0.43866872787475586]",María transportó una mochilera en la furgoneta durante un día.,23,4,0,0
0,no,0,0,0,101,17,no,no,0,"[0.7724740505218506, 0.4316127300262451, 0.3717470169067383, 0.3499898910522461, 0.49863100051879883, 0.7317047119140625, 0.665642261505127, 0.3932802677154541, 1.8177309036254883]",Me gusta caminar la ciudad cuando hace buen tiempo.,23,2,0,0
0,no,NO,E,1,1,18,no,no,Carlos tardó mucho en hacer el asalto.,"[0.6153583526611328, 0.2716186046600342, 0.35184788703918457, 1.5437898635864258, 0.27139711380004883, 0.25798630714416504, 0.7538411617279053, 0.376049280166626, 0.3628051280975342, 0.4638087749481201]",Carlos asaltó la camioneta en el barrio en pocos instantes.,23,5,0,0
0,no,0,0,0,101,19,no,no,0,"[0.7558274269104004, 0.5749609470367432, 0.6021394729614258, 2.6701550483703613, 0.2842226028442383, 0.35111451148986816, 0.3313448429107666, 0.3494083881378174, 0.35831236839294434, 1.4550867080688477]",María se despertó sobresaltado a los gritos de su hermano.,23,1,0,0
0,no,0,0,0,100,20,no,no,0,"[0.6395435333251953, 0.3374900817871094, 0.4225947856903076, 0.37702059745788574, 0.36833620071411133, 0.3956339359283447, 0.3071160316467285, 0.4298100471496582, 0.5471086502075195, 0.27239084243774414, 0.7406089305877686]",Mi hermano vendió su coche a un amigo de la universidad.,23,0,0,0
0,no,0,0,0,7,21,no,no,0,"[0.612464427947998, 0.35557007789611816, 0.34174656867980957, 1.557798147201538, 0.28897619247436523, 0.9894168376922607, 0.27941370010375977, 0.43672680854797363, 0.4033370018005371, 0.32790422439575195, 0.9838850498199463]",Tomás empujó a una vieja a la puerta en pocos segundos.,23,1,0,0
0,no,0,0,0,11,22,no,no,0,"[1.1455378532409668, 0.34810829162597656, 2.8495326042175293, 0.4284336566925049, 0.8354413509368896, 0.3190178871154785, 0.39290714263916016, 0.5989217758178711, 0.3066895008087158, 0.5648071765899658]",Valeria neutralizó una criminal en la frontera en cinco minutos.,23,4,0,0
0,no,NO,E,1,101,23,no,no,LLegaron a casa después del aconecher.,"[0.48990654945373535, 0.421771764755249, 1.5152993202209473, 0.3928537368774414, 2.513094425201416, 0.25719261169433594, 0.5690369606018066, 0.3961305618286133, 0.39305591583251953, 1.9261689186096191]",Los campesinos llegaron cansado a casa justo antes del anochecer.,23,1,0,0
0,no,NO,E,1,12,24,no,no,El combate duró varias horas.,"[1.291356086730957, 1.506042718887329, 0.3266139030456543, 0.32961487770080566, 1.0790603160858154, 0.44338464736938477, 0.2171316146850586, 0.22926712036132812, 1.7390503883361816, 0.38799381256103516, 0.3880436420440674]",Paula abatió a la resistencia en el ring en pocos minutos.,23,2,0,0
0,no,0,0,0,100,25,no,no,0,"[0.5659096240997314, 0.3341860771179199, 0.6451773643493652, 0.6509006023406982, 0.45444822311401367, 0.42548561096191406, 2.0187699794769287, 0.36883068084716797, 0.48233604431152344, 1.7283048629760742]",Rosa recomendó un libro a su colega durante el almuerzo.,23,0,0,0
0,no,SI,E,1,9,26,no,no,Había fuego en la plaza.,"[0.9011402130126953, 0.3662843704223633, 0.3418858051300049, 0.32593607902526855, 2.259739398956299, 0.43682003021240234, 3.2415354251861572, 0.4746975898742676, 0.6280646324157715, 0.3722507953643799, 0.8067731857299805]",Carlos quemó a la página en la plaza en pocos minutos.,23,2,0,0
0,no,0,0,0,101,27,no,no,0,"[0.7603352069854736, 0.4793241024017334, 0.3383004665374756, 0.4494187831878662, 2.353044271469116, 0.3189568519592285, 0.39773130416870117, 0.27324938774108887, 0.319155216217041, 1.8747456073760986]",Mi primo viaja sola por Europa durante el verano próximo.,23,2,0,0
0,no,0,0,0,100,28,no,no,0,"[0.5380864143371582, 0.38785266876220703, 0.2931537628173828, 1.7617521286010742, 0.824505090713501, 0.4022555351257324, 1.9422805309295654, 0.50274658203125, 1.2614355087280273]",El viento soplaba fuerte durante la tormenta de anoche.,23,2,0,0
0,no,SI,A,1,101,29,no,no,El camarero sonrió.,"[0.584007978439331, 0.29256772994995117, 0.503361701965332, 0.32464027404785156, 0.41565465927124023, 1.6700718402862549, 0.3710169792175293, 1.6337900161743164, 0.2850828170776367, 0.34325456619262695, 0.5780501365661621]",El camarero trajo el cuenta a los clientes con una sonrisa.,23,0,0,0
0,no,0,0,0,21,30,no,no,0,"[0.610626220703125, 0.41135668754577637, 0.4203009605407715, 0.3899962902069092, 1.4528803825378418, 0.2960529327392578, 0.2511601448059082, 0.7805652618408203, 0.39763307571411133, 0.3420095443725586, 0.46470046043395996]",Hugo apaleó a la muñeca en la calle durante varios minutos.,23,2,0,0
0,no,0,0,0,48,31,no,no,0,"[1.2548348903656006, 0.4770011901855469, 0.3616182804107666, 0.1903994083404541, 0.6982288360595703, 0.38025760650634766, 0.38010215759277344, 1.2462944984436035, 0.3019287586212158, 0.36921072006225586, 1.1448607444763184]",Samuel descubrió a la tabla en el museo en pocas horas.,23,2,0,0
0,no,0,0,0,101,32,no,no,0,"[1.4952895641326904, 0.2746622562408447, 0.4004058837890625, 0.306854248046875, 1.7904586791992188, 0.3512301445007324, 1.2226157188415527, 0.262836217880249, 0.38596081733703613, 0.8008184432983398]",Jorge compró un regalo su novia en el centro comercial.,23,0,0,0
0,no,NO,E,1,2,33,no,no,La acción tuvo lugar en el parque.,"[1.2239775657653809, 0.6073915958404541, 0.3085904121398926, 0.31948256492614746, 0.7170073986053467, 0.47338271141052246, 0.4141819477081299, 0.7078001499176025, 0.31601619720458984, 0.5123693943023682, 0.7426149845123291]",Simón pateó a la jugadora en la cancha en un instante.,23,0,0,0
0,no,NO,E,1,101,34,no,no,El dueño fue reconocido por su gato.,"[2.7878386974334717, 0.5776009559631348, 0.753615140914917, 0.9377925395965576, 0.337230920791626, 0.2918405532836914, 0.5018537044525146, 1.0963702201843262, 0.28969717025756836, 0.9152035713195801]",El perro corrió felizmente a su dueño cuando le reconoció.,23,1,0,0
0,no,NO,E,1,100,35,no,no,El tren llegó con retraso.,"[0.9759447574615479, 0.4856414794921875, 1.1100122928619385, 0.32218241691589355, 0.3460402488708496, 0.3381178379058838, 0.6614017486572266, 0.44388294219970703, 0.5160629749298096, 1.8885552883148193]",El tren llegó puntual a la estación bajo la lluvia.,23,2,0,0
0,no,0,0,0,100,36,no,no,0,"[0.5209646224975586, 0.6926267147064209, 0.8488039970397949, 0.38495588302612305, 0.2993135452270508, 0.22537946701049805, 0.47167205810546875, 0.2998194694519043, 0.3600015640258789, 0.534520149230957]",El gato saltó a la mesa para robar la comida.,23,1,0,0
0,no,0,0,0,17,37,no,no,0,"[1.053734540939331, 0.2814357280731201, 0.5502243041992188, 0.2297039031982422, 0.47397613525390625, 0.3308572769165039, 0.4838571548461914, 0.44357800483703613, 0.2649857997894287, 0.42055273056030273]",Luis zarandeó la muñeca en la casa durante algunos minutos.,23,5,0,0
0,no,0,0,0,101,38,no,no,0,"[1.430722951889038, 0.3032186031341553, 0.3779749870300293, 0.331402063369751, 0.41809892654418945, 0.2843749523162842, 0.33713507652282715, 1.8108620643615723]",Salimos temprano para evitar el tráfico la carretera.,23,2,0,0
0,no,SI,A,1,28,39,no,no,Anna estaba en la escuela.,"[2.1571106910705566, 0.3591592311859131, 0.49286723136901855, 0.3059711456298828, 1.6950490474700928, 0.28856992721557617, 0.39731478691101074, 1.1525163650512695, 0.24114251136779785, 0.4199981689453125, 0.5236144065856934]",Anna comprendió a una maestra en la escuela en dos minutos.,23,1,0,0
0,no,NO,E,1,101,40,no,no,Luis envió un paquete a su hermano.,"[0.8285248279571533, 0.5728285312652588, 0.4159731864929199, 2.8544774055480957, 0.36171603202819824, 0.32196950912475586, 0.6058251857757568, 0.3177306652069092, 0.7434790134429932]",Luis envíe un paquete a su primo en Alemania.,23,0,0,0
0,no,SI,A,1,39,41,no,no,Valeria fue a un concierto.,"[1.2286415100097656, 0.33159518241882324, 0.3392302989959717, 0.33655285835266113, 0.8282186985015869, 0.3357112407684326, 0.3152499198913574, 0.6736335754394531, 0.39883995056152344, 0.3456697463989258, 1.390512466430664]",Valeria admiró a la cantante en el teatro durante el concierto.,23,0,0,0
0,no,NO,E,1,31,42,no,no,Miguel tuvo que esperar una semana.,"[0.13320517539978027, 1.8506872653961182, 1.8906333446502686, 0.42914915084838867, 0.9053082466125488, 0.501028299331665, 0.2879209518432617, 0.36523985862731934, 0.36513829231262207, 0.9329795837402344]",Miguel recibió la invitada en la casa en un día.,23,3,0,0
0,no,0,0,0,100,43,no,no,0,"[0.6093785762786865, 0.28162574768066406, 0.44370555877685547, 0.32510924339294434, 0.7308495044708252, 0.2827601432800293, 0.42476511001586914, 0.5108296871185303, 0.3703749179840088, 1.0797193050384521]",Julia pasó la sal a su madre durante la cena.,23,0,0,0
0,no,0,0,0,101,44,no,no,0,"[0.5835027694702148, 0.3812851905822754, 0.2780148983001709, 2.798258066177368, 0.2640724182128906, 0.45241212844848633, 0.3190608024597168, 0.3905487060546875, 0.30002856254577637, 0.7967910766601562]",El perro ladran fuerte cada vez que pasa un coche.,23,2,0,0
0,no,NO,E,1,34,45,no,no,Carmen vio una representación teatral.,"[0.8380599021911621, 0.37547731399536133, 1.6100952625274658, 1.2525153160095215, 0.291043758392334, 0.3102259635925293, 0.5132646560668945, 0.39534497261047363, 0.34546875953674316, 2.1846671104431152]",Carmen odió una vendedora en el cine durante la película.,23,4,0,0
0,no,SI,A,1,100,46,no,no,La cena se preparó en casa.,"[0.6662378311157227, 0.6149215698242188, 0.8263370990753174, 0.3659324645996094, 0.3636751174926758, 0.2798337936401367, 0.28799986839294434, 0.24869441986083984, 0.3330087661743164, 0.33701634407043457, 1.1642067432403564]",Mi madre preparó la cena a toda la familia en casa.,23,0,0,0
0,no,0,0,0,29,47,no,no,0,"[0.8811678886413574, 0.3461308479309082, 0.3476834297180176, 0.4151473045349121, 0.26985788345336914, 0.9315338134765625, 0.308013916015625, 1.2333240509033203, 0.3224785327911377, 0.41250109672546387, 1.1237494945526123]",Alfonso miró a la estrella en la colina durante dos horas.,23,2,0,0
0,no,0,0,0,101,48,no,no,0,"[0.7404806613922119, 0.3219034671783447, 0.3509209156036377, 0.344470739364624, 0.30956530570983887, 0.29001355171203613, 0.8705828189849854, 0.6379590034484863, 0.7226240634918213, 0.9177305698394775]",Sara contó la historia a sus hijo antes de dormir.,23,0,0,0
0,no,NO,E,1,100,49,no,no,Ayer fueron al teatro.,"[0.7883336544036865, 0.4021117687225342, 0.3414127826690674, 0.33576440811157227, 0.3972034454345703, 0.44167590141296387, 0.32208251953125, 0.42972898483276367, 3.3474106788635254]",Ayer fueron al cine a ver una película divertida.,23,2,0,0
0,no,0,0,0,100,50,no,no,0,"[0.5194664001464844, 0.3079824447631836, 0.7383086681365967, 0.3897280693054199, 1.078664779663086, 0.2553744316101074, 0.48847293853759766, 0.29802489280700684, 0.3415498733520508, 0.3900272846221924]",El mensajero entregó el paquete a Marta en su casa.,23,0,0,0
0,no,NO,E,1,100,51,no,no,Andrés contó una historia,"[0.5432710647583008, 0.35152220726013184, 0.2564671039581299, 0.4201996326446533, 0.40984320640563965, 0.3153057098388672, 0.32393598556518555, 0.4141042232513428, 0.293271541595459, 0.6060011386871338]",Andrés cantó una canción a su hija antes de acostarla.,23,0,0,0
0,no,SI,A,1,3,52,no,no,Lo que Pedro hizo fue un secuestro.,"[0.7163102626800537, 1.5281755924224854, 0.2984752655029297, 0.3183755874633789, 1.260624647140503, 0.2476191520690918, 0.4412260055541992, 0.4100322723388672, 0.3129899501800537, 0.46132540702819824]",Pablo secuestró la turista en el aeropuerto durante una hora.,23,3,0,0
0,no,0,0,0,33,53,no,no,0,"[0.5006363391876221, 0.3131697177886963, 0.4038872718811035, 0.27254319190979004, 0.35449838638305664, 0.30143213272094727, 0.3077249526977539, 0.3633239269256592, 0.4438905715942383, 0.27721261978149414, 0.7066917419433594]",Marco imaginó a una amiga en la playa durante dos minutos.,23,1,0,0
0,no,NO,E,1,100,54,no,no,Viajan a Argentina cada invierno.,"[0.48519396781921387, 0.368725061416626, 0.31233668327331543, 0.4038376808166504, 0.3197448253631592, 0.2936275005340576, 0.3957693576812744, 0.6500968933105469, 0.3756113052368164]",Mis padres viajan en avión a Argentina cada verano.,23,1,0,0
0,no,SI,A,1,14,55,no,no,Helena estaba en un campo de fútbol.,"[0.5123772621154785, 0.450925350189209, 1.2809977531433105, 0.25868940353393555, 0.2907073497772217, 0.8883538246154785, 0.2766072750091553, 0.34684300422668457, 0.6288113594055176, 0.3501472473144531, 1.0242397785186768]",Helena derribó a la barrera en el campo durante el partido.,23,2,0,0
0,no,SI,A,1,101,56,no,no,Maria y su hermana estaban en la biblioteca.,"[0.7837576866149902, 0.8989992141723633, 0.2790083885192871, 0.2753143310546875, 1.1696057319641113, 0.3461587429046631, 0.3693571090698242, 0.3409450054168701, 0.7379875183105469]",María dio el libro su hermana en la biblioteca.,23,0,0,0
0,no,0,0,0,100,57,no,no,0,"[0.5311384201049805, 0.29137229919433594, 0.37048935890197754, 0.25295448303222656, 0.35671401023864746, 0.30573439598083496, 0.3447306156158447, 0.30295586585998535, 0.3129863739013672, 0.749211311340332]",Miguel alquiló una bicicleta a un turista en la estación.,23,0,0,0
0,no,0,0,0,13,58,no,no,0,"[1.0452384948730469, 0.3445703983306885, 0.4748389720916748, 0.27306365966796875, 2.4600565433502197, 0.29529690742492676, 1.1449604034423828, 0.6723518371582031, 1.0343873500823975, 0.2314927577972412, 0.628058671951294]",Martina atropelló a la carreta en el aparcamiento en pocos minutos.,23,2,0,0
0,no,0,0,0,100,59,no,no,0,"[1.8136248588562012, 1.6822054386138916, 0.3388657569885254, 2.688598155975342, 0.36017346382141113, 0.234144926071167, 0.2674736976623535, 0.5062196254730225, 0.38231730461120605, 0.762761116027832]",Isabel enseñó la receta a su prima en la cocina.,23,0,0,0
0,no,NO,E,1,100,60,no,no,El niño juega solo en el parque.,"[1.1173138618469238, 0.2825624942779541, 0.2934606075286865, 0.6180200576782227, 0.2909524440765381, 0.44431543350219727, 0.3177332878112793, 0.3351137638092041, 0.4098033905029297, 0.3191671371459961]",El niño juega en el parque con su mejor amigo.,23,2,0,0
0,no,SI,A,1,8,61,no,no,Helena estaba en el patio.,"[1.789240837097168, 0.3384988307952881, 0.41672420501708984, 0.39670872688293457, 2.4676198959350586, 0.2774364948272705, 0.43288731575012207, 0.8121654987335205, 1.3171446323394775, 0.2818729877471924, 0.38957858085632324]",Helena colgó a la criminal en el patio en cinco minutos.,23,0,0,0
0,no,NO,E,1,100,62,no,no,Lucía y su compañero estaban en el salón.,"[1.0894489288330078, 0.3366079330444336, 1.3274424076080322, 0.3027381896972656, 0.9816796779632568, 0.2601594924926758, 1.6094305515289307, 0.22171258926391602, 0.45810699462890625, 0.7782700061798096]",Lucía ofreció un café a su compañero en la cocina.,23,0,0,0
0,no,SI,A,1,15,63,no,no,Lucia estuvo en una pelea de bar.,"[0.49490785598754883, 0.26511335372924805, 0.28310155868530273, 0.3118457794189453, 1.3679778575897217, 0.19804883003234863, 0.37106776237487793, 0.3186323642730713, 0.2939286231994629, 0.2994847297668457]",Lucía destrozó la oponente en el bar en diez minutos.,23,3,0,0
0,no,0,0,0,30,64,no,no,0,"[1.0282461643218994, 0.3858499526977539, 0.27352166175842285, 0.2832767963409424, 1.1565544605255127, 0.23694443702697754, 0.32681870460510254, 0.5722298622131348, 0.3455514907836914, 0.6640415191650391]",Carlos esperó la profesora en la esquina durante una hora.,23,3,0,0
0,no,0,0,0,49,65,no,no,0,"[1.0705745220184326, 0.2796812057495117, 0.4396705627441406, 0.26778650283813477, 0.3748934268951416, 0.4038844108581543, 0.2803504467010498, 0.4162774085998535, 0.4393324851989746, 0.42618513107299805, 1.0656118392944336]",Alba mencionó a la actriz en el teatro tras varios minutos.,23,0,0,0
0,no,SI,A,1,0,66,no,no,La acción tuvo lugar en la calle.,"[1.5823190212249756, 0.4170854091644287, 0.8288180828094482, 0.23874926567077637, 0.9541540145874023, 0.2492539882659912, 0.638178825378418, 0.2863316535949707, 0.3588569164276123, 0.5169646739959717]",Juan golpeó una actriz en la calle en diez segundos.,23,4,0,0
0,no,0,0,0,100,67,no,no,0,"[0.6356484889984131, 0.3952338695526123, 0.37675929069519043, 0.4013240337371826, 0.8920519351959229, 0.3715503215789795, 0.281369686126709, 1.5293548107147217, 2.608461856842041]",Carlos estornudó fuerte en medio de la reunión ayer.,23,2,0,0
0,no,0,0,0,5,68,no,no,0,"[0.6903021335601807, 0.38459277153015137, 0.4186289310455322, 0.24135255813598633, 1.067692518234253, 0.29132771492004395, 0.39846277236938477, 0.6684293746948242, 0.3580968379974365, 0.3899197578430176]",Manuel abrazó la planta en el parque en pocos instantes.,23,5,0,0
0,no,0,0,0,101,69,no,no,0,"[0.5812153816223145, 1.033627986907959, 0.33385324478149414, 0.5018458366394043, 0.5235342979431152, 0.38031458854675293, 0.3675727844238281, 0.41724491119384766, 1.092332363128662]",Marta baila salsa con entusiasmo en las fiesta grandes.,23,2,0,0
0,no,0,0,0,36,70,no,no,0,"[1.3573474884033203, 1.4386403560638428, 0.24313092231750488, 0.2920200824737549, 0.5806193351745605, 0.2541542053222656, 0.24934911727905273, 1.0025014877319336, 0.3229560852050781, 0.38500022888183594, 0.5358250141143799]",Irene oyó a la niña en la sala durante una noche.,23,0,0,0
0,no,0,0,0,23,71,no,no,0,"[1.595386266708374, 0.30565524101257324, 0.7147653102874756, 0.19660353660583496, 1.0325431823730469, 0.2925562858581543, 0.6438605785369873, 0.34828972816467285, 0.31036376953125, 0.4279816150665283]",Daniel remolcó la enferma en la calle durante algunos minutos.,23,3,0,0
0,no,SI,A,1,101,72,no,no,Ayer estudiaron matemáticas.,"[0.8106687068939209, 0.3463935852050781, 0.37386417388916016, 0.34644341468811035, 0.34476399421691895, 1.873241662979126, 0.4333209991455078, 0.317155122756958, 0.3095102310180664, 0.537064790725708]",Nos sentamos juntos para estudiando matemáticas toda la tarde ayer.,23,2,0,0
0,no,SI,A,1,32,73,no,no,Martin estaba en el hospital.,"[0.5433804988861084, 0.6703243255615234, 0.3754563331604004, 0.3552517890930176, 1.3366475105285645, 0.2857234477996826, 0.3253753185272217, 0.7081711292266846, 0.26314377784729004, 0.3802909851074219, 0.46305203437805176]",Martín buscó a una médica en el hospital durante dos horas.,23,1,0,0
0,no,SI,A,1,101,74,no,no,Clara fue a la farmacia con su hermana.,"[0.5555593967437744, 0.5486576557159424, 0.3697190284729004, 0.36509037017822266, 1.976909875869751, 0.7541649341583252, 0.21309208869934082, 1.7200360298156738, 1.5820372104644775, 0.34674787521362305, 1.224318265914917]",Clara fue con su hermanas a la farmacia después del desayuno.,23,1,0,0
0,no,0,0,0,24,75,no,no,0,"[0.570610523223877, 2.0169336795806885, 0.478715181350708, 0.6863291263580322, 0.35257387161254883, 1.0662591457366943, 0.24892425537109375, 0.8882524967193604, 0.30785346031188965, 0.3367941379547119, 0.4349946975708008]",Coral guió a la turista en el palacio en una hora.,23,0,0,0
0,no,0,0,0,10,76,no,no,0,"[0.6632208824157715, 0.36564111709594727, 0.36931943893432617, 0.2911033630371094, 1.7418386936187744, 0.2798469066619873, 0.6216797828674316, 0.4109034538269043, 0.6024086475372314, 0.3166215419769287, 0.4468114376068115]",Mateo eliminó a la rehén en el banco en pocos segundos.,23,0,0,0
0,no,0,0,0,100,77,no,no,0,"[1.5283677577972412, 0.30109453201293945, 2.0629096031188965, 0.941270112991333, 1.139970064163208, 2.4976394176483154, 0.19277548789978027, 0.4391772747039795, 0.3446981906890869, 0.47476696968078613]",El avión aterrizó sin problemas en el aeropuerto de Madrid.,23,2,0,0
0,no,0,0,0,100,78,no,no,0,"[0.8773834705352783, 0.35288333892822266, 1.2845475673675537, 0.43124842643737793, 0.3823232650756836, 0.3894474506378174, 0.2703239917755127, 0.5245141983032227, 0.30695080757141113, 0.31861209869384766, 0.8074305057525635]",Me encontré inesperadamente a Paula en el tren de las siete.,23,1,0,0
0,no,0,0,0,20,79,no,no,0,"[0.7039825916290283, 0.36931467056274414, 0.37470173835754395, 1.2799046039581299, 0.3006420135498047, 0.2809937000274658, 0.7770569324493408, 0.23974299430847168, 0.4806857109069824, 0.9901816844940186]",Claudia maltrató la compañera en la casa durante varios años.,23,3,0,0
0,no,SI,A,1,37,80,no,no,Isabel miraba por la ventana.,"[0.985654354095459, 0.46817684173583984, 0.28792619705200195, 0.2774803638458252, 0.9767088890075684, 0.30881810188293457, 0.3516807556152344, 0.6568031311035156, 0.2950115203857422, 0.3166542053222656, 1.0944561958312988]",Isabel vió a una estudiante desde su ventana durante una mañana.,23,1,0,0
0,no,0,0,0,40,81,no,no,0,"[0.7374634742736816, 0.40988588333129883, 0.32164573669433594, 0.20403528213500977, 0.3796377182006836, 0.27339768409729004, 0.35799503326416016, 0.29692602157592773, 1.2171101570129395, 0.32813453674316406, 0.4217233657836914]",Adrián percibió a una mujer detrás de él durante algunos minutos.,23,1,0,0
0,no,0,0,0,100,82,no,no,0,"[0.7167096138000488, 0.26624345779418945, 0.33693456649780273, 0.291257381439209, 0.597689151763916, 0.2599208354949951, 0.4999721050262451, 0.40247368812561035, 0.360781192779541, 1.2382946014404297]",Los pájaros vuelan alto sobre los árboles en primavera alegre.,23,2,0,0
0,no,No,E,1,100,83,no,no,El bebé dormía plácidamente.,"[1.5309808254241943, 0.44243693351745605, 0.33661556243896484, 1.437962532043457, 0.2042386531829834, 0.3767092227935791, 0.19595599174499512, 0.4629099369049072, 0.281141996383667, 0.47045183181762695]",El bebé lloraba constantemente durante la noche sin razón aparente.,23,2,0,0
0,no,0,0,0,101,84,no,no,0,"[0.738168478012085, 0.28563570976257324, 0.96952223777771, 0.21936893463134766, 0.3622918128967285, 0.340221643447876, 1.1011290550231934, 0.3438706398010254, 0.9182257652282715]",Pedro devolvió el libro la biblioteca el lunes pasado.,23,0,0,0
0,no,0,0,0,35,85,no,no,0,"[0.5074176788330078, 0.3516960144042969, 0.3234543800354004, 0.3233523368835449, 0.41194796562194824, 0.33589935302734375, 0.48041272163391113, 0.3953993320465088, 0.41689491271972656, 0.4696965217590332]",Carlos vigiló la operación en la habitación durante unas horas.,23,5,0,0
0,no,NO,E,1,101,86,no,no,El avión despegó con retraso.,"[0.9631059169769287, 0.4609689712524414, 1.1186771392822266, 2.2361624240875244, 0.30046725273132324, 0.20979571342468262, 1.5074028968811035, 0.22518253326416016, 0.3525056838989258, 0.5072760581970215]",El avión despegó puntualmente a la siete de la mañana.,23,1,0,0
0,no,0,0,0,100,87,no,no,0,"[0.5353355407714844, 0.8850266933441162, 0.250995397567749, 0.5716023445129395, 1.460805892944336, 0.22567057609558105, 0.3600199222564697, 0.2037796974182129, 0.421647310256958, 0.27562403678894043, 0.6935427188873291]",El técnico reparó el ordenador a un cliente en la tienda.,23,0,0,0
0,no,0,0,0,100,88,no,no,0,"[0.662567138671875, 0.30831384658813477, 0.24573898315429688, 0.38129639625549316, 0.3121821880340576, 0.37773990631103516, 0.29768872261047363, 0.41736936569213867, 0.33231115341186523, 0.6530447006225586]",Vamos caminando todos los días a pie hasta el colegio.,23,1,0,0
0,no,0,0,0,38,89,no,no,0,"[2.055262327194214, 1.0156588554382324, 0.27621030807495117, 0.7944827079772949, 0.23164582252502441, 0.24621057510375977, 0.5326821804046631, 0.3237156867980957, 0.3027811050415039, 0.45223045349121094]",Unai amó la vida en su pueblo durante varios años.,23,5,0,0
0,no,0,0,0,101,90,no,no,0,"[0.6094777584075928, 0.36221981048583984, 0.2901272773742676, 1.0996038913726807, 0.23139023780822754, 0.2772510051727295, 0.36000800132751465, 0.31041836738586426, 0.8235654830932617]",La película empiezan exactamente a las ocho en punto.,23,1,0,0
0,no,0,0,0,100,91,no,no,0,"[1.3206934928894043, 0.46877264976501465, 0.3423197269439697, 0.4370458126068115, 0.3540976047515869, 0.5660626888275146, 0.3594343662261963, 0.3525552749633789, 0.3235929012298584, 0.8348042964935303]",El anciano hablaba a solas consigo mismo en el jardín.,23,1,0,0
0,no,NO,E,1,46,92,no,no,Alejandro estaba en el centro comercial.,"[0.942328929901123, 1.1549899578094482, 0.4052729606628418, 0.36685919761657715, 1.8456010818481445, 0.3292269706726074, 0.2844541072845459, 0.5647709369659424, 0.25379443168640137, 0.32266736030578613, 0.44443416595458984]",Alejandro identificó a una agresora en el aeropuerto en dos horas.,23,1,0,0
0,no,SI,A,1,100,93,no,no,Ana escribió la carta desde la playa.,"[0.6878933906555176, 0.28354406356811523, 0.969048023223877, 0.3542201519012451, 0.328723669052124, 0.2644672393798828, 0.7533917427062988, 0.28000664710998535, 0.3859543800354004, 0.6295933723449707]",Ana escribió una carta a su abuela desde la playa.,23,0,0,0
0,no,NO,E,1,25,94,no,no,Pedro observó durante unos minutos.,"[0.6053674221038818, 0.42122793197631836, 0.282573938369751, 0.23399615287780762, 0.40247583389282227, 0.3113439083099365, 0.2575819492340088, 1.3582630157470703, 0.2620692253112793, 0.4297456741333008]",Pedro observó la planta en la oficina durante una hora.,23,5,0,0
0,no,0,0,0,100,95,no,no,0,"[0.8075954914093018, 0.33907270431518555, 0.3780665397644043, 0.2613818645477295, 0.4990255832672119, 0.34647631645202637, 0.34844422340393066, 0.44104623794555664, 0.2955448627471924, 0.6234819889068604]",Estuvieron caminando a la orilla del mar toda la tarde.,23,1,0,0
0,no,SI,A,1,41,96,no,no,Emma pasó semanas investigando.,"[0.7637345790863037, 0.3332092761993408, 0.355454683303833, 0.20847463607788086, 0.9855952262878418, 0.2600533962249756, 0.9096853733062744, 1.3614859580993652, 0.26926374435424805, 0.45104241371154785]",Emma investigó la empresaria en la ciudad durante varias semanas.,23,3,0,0
0,no,0,0,0,43,97,no,no,0,"[0.5139222145080566, 0.33661341667175293, 0.37535691261291504, 0.4931156635284424, 0.28220582008361816, 0.729710578918457, 0.3652486801147461, 0.3186910152435303, 0.2838432788848877, 0.35767555236816406, 0.8727207183837891]",Sofía conoció a una chica en el colegio en dos días.,23,1,0,0
0,no,0,0,0,47,98,no,no,0,"[0.649237871170044, 0.4083595275878906, 0.22290396690368652, 0.31183505058288574, 1.4142906665802002, 0.26462578773498535, 0.2709660530090332, 1.0844626426696777, 0.22207260131835938, 0.8436791896820068]",Marta descartó una aspirante en la selección en un día.,23,4,0,0
0,no,SI,A,1,100,99,no,no,El gato está sobre la manta cerca del sofá.,"[1.5308146476745605, 0.20416975021362305, 0.4151144027709961, 0.27251100540161133, 0.3821280002593994, 0.25181126594543457, 0.40012574195861816, 0.3401355743408203, 0.33243608474731445, 0.632305383682251]",El gato duerme tranquilo sobre la manta cerca del sofá.,23,2,0,0
0,no,SI,A,1,22,100,no,no,Hubo un asedio en la región.,"[0.8378486633300781, 0.3577563762664795, 1.5361168384552002, 0.2506141662597656, 2.1481451988220215, 0.2579050064086914, 0.5666389465332031, 0.32204365730285645, 0.455716609954834, 0.5438611507415771]",Carla asedió una contrincante en la región durante bastante tiempo.,23,4,0,0
0,no,NO,E,1,100,101,no,no,El coche era azul.,"[2.14410138130188, 1.1559689044952393, 0.3504765033721924, 0.42351508140563965, 0.6004745960235596, 0.9808576107025146, 0.3443117141723633, 0.4223785400390625, 0.40427637100219727, 0.6654689311981201]",El coche rojo aparcó frente a la casa de Marta.,23,2,0,0
0,no,0,0,0,101,102,no,no,0,"[0.5726573467254639, 0.5023794174194336, 0.30788373947143555, 0.5334270000457764, 0.25528383255004883, 1.9541125297546387, 0.21878457069396973, 0.3479783535003662, 0.2155013084411621, 0.7085576057434082]",El jefe convocó urgentemente a reunión a todos el empleados.,23,1,0,0
0,no,SI,E,1,27,103,no,no,Felipe es presentador de teatro.,"[0.8320631980895996, 0.2764298915863037, 0.40909624099731445, 0.315354585647583, 0.40398573875427246, 0.9385185241699219, 0.27684950828552246, 2.0538737773895264, 0.27614426612854004, 0.6000134944915771, 1.3333289623260498]",Felipe anunció a la actuación en el escenario en cinco minutos.,23,2,0,0
0,no,SI,A,1,100,104,no,no,Ana estaba en la biblioteca.,"[4.224906921386719, 1.2026476860046387, 1.0361042022705078, 0.34741854667663574, 0.5288739204406738, 0.6831252574920654, 0.32835865020751953, 0.45874977111816406, 0.30145740509033203, 0.704181432723999]",Nos encontramos con Ana después de clase en la biblioteca.,23,2,0,0
0,no,SI,A,1,100,105,no,no,Laura se fue a Inglaterra.,"[1.2302839756011963, 0.3026721477508545, 0.35874199867248535, 0.3127884864807129, 0.9439697265625, 0.3164825439453125, 0.6877045631408691, 0.37430715560913086, 0.5603022575378418, 1.946007251739502]",Laura se fue de vacaciones a Londres la semana pasada.,23,1,0,0
4,no,0,0,0,100,0,yes,yes,0,0,La conferencia empezará con puntualidad a las diez y media.,23,1,0,0
4,no,0,0,0,100,1,yes,yes,0,0,Los niños corrieron a la plaza con sus amigos.,23,1,0,0
4,no,NO,0,1,100,2,yes,yes,Llegaron a la universidad cuando ya estaba cerrada.,0,Los estudiantes llegaron a la universidad antes de que cerrara.,23,1,0,0
4,no,0,0,0,100,3,yes,yes,0,0,El ladrón escapó a toda prisa por la puerta trasera.,23,1,0,0
4,no,0,0,0,40,0,yes,no,0,0,Adrián percibió a la mujer detrás de él durante algunos minutos.,23,0,0,0
2,no,0,0,0,7,1,yes,no,0,0,Tomás empujó la silla a la puerta en pocos segundos.,23,5,0,0
1,no,SI,0,1,41,2,yes,no,Emma pasó semanas investigando.,0,Emma investigó una empresaria en la ciudad durante varias semanas.,23,4,0,0
1,no,0,0,0,42,3,yes,no,0,0,Ismael encontró una conocida en la carretera en pocas horas.,23,4,0,0
4,no,0,0,0,35,4,yes,no,0,0,Carlos vigiló a la niña en la habitación durante unas horas.,23,0,0,0
1,no,SI,0,1,8,5,yes,no,Helena estaba en el patio.,0,Helena colgó una criminal en el patio en cinco minutos.,23,4,0,0
1,no,0,0,0,23,6,yes,no,0,0,Daniel remolcó a la enferma en la calle durante algunos minutos.,23,0,0,0
4,no,NO,0,1,25,7,yes,no,Pedro observó durante unos minutos.,0,Pedro observó a la secretaria en la oficina durante una hora.,23,0,0,0
4,no,0,0,0,26,8,yes,no,0,0,Juan escuchó la alarma en el balcón durante una noche.,23,5,0,0
0,no,SI,0,1,28,9,yes,no,Anna estaba en la escuela.,0,Anna comprendió una maestra en la escuela en dos minutos.,23,4,0,0
0,no,SI,0,1,32,10,yes,no,Martin estaba en el hospital.,0,Martín buscó a una médica en el hospital durante dos horas.,23,1,0,0
4,no,SI,0,1,15,11,yes,no,Lucia estaba en un bar.,0,Lucía destrozó la mesa en el bar en diez minutos.,23,5,0,0
2,no,0,0,0,20,12,yes,no,0,0,Claudia maltrató a la compañera en la casa durante varios años.,23,0,0,0
1,no,NO,0,1,6,13,yes,no,El beso tuvo lugar en un museo.,0,Francisco besó la novia en la iglesia durante unos segundos.,23,3,0,0
1,no,0,0,0,47,14,yes,no,0,0,Marta descartó la aspirante en la selección en un día.,23,3,0,0
0,no,0,0,0,29,15,yes,no,0,0,Alfonso miró una granjera en la colina durante dos horas.,23,4,0,0
0,no,0,0,0,44,16,yes,no,0,0,Martín detectó a la enfermedad en el hospital en dos minutos.,23,2,0,0
0,no,0,0,0,4,17,yes,no,0,0,Jorge arrolló la ciclista en la calle en un segundo.,23,3,0,0
0,no,NO,0,1,12,18,yes,no,El combate duró varias horas.,0,Paula abatió la contrincante en el ring en pocos minutos.,23,3,0,0
3,no,NO,0,1,34,19,yes,no,Carmen vio una representación teatral.,0,Carmen odió a la vendedora en el cine durante la película.,23,0,0,0
4,no,NO,0,1,1,20,yes,no,Carlos tardó mucho en hacer el asalto.,0,Carlos asaltó a la conductora en el barrio en pocos instantes.,23,0,0,0
4,no,0,0,0,33,21,yes,no,0,0,Marco imaginó la fiesta en la playa durante dos minutos.,23,5,0,0
4,no,0,0,0,17,22,yes,no,0,0,Luis zarandeó a una mujer en la casa durante algunos minutos.,23,1,0,0
4,no,SI,0,1,22,23,yes,no,Hubo un asedio en la región.,0,Carla asedió a la contrincante en la región durante bastante tiempo.,23,0,0,0
0,no,0,0,0,43,24,yes,no,0,0,Sofía conoció la chica en el colegio en dos días.,23,3,0,0
3,no,0,0,0,21,25,yes,no,0,0,Hugo apaleó la muñeca en la calle durante varios minutos.,23,5,0,0
0,no,0,0,0,36,26,yes,no,0,0,Irene oyó a la discusión en la sala durante una noche.,23,2,0,0
4,no,SI,0,1,27,27,yes,no,Felipe es presentador de teatro.,0,Felipe anunció la actuación en el escenario en cinco minutos.,23,5,0,0
0,no,NO,0,1,2,28,yes,no,La acción tuvo lugar en el parque.,0,Simón pateó una jugadora en la cancha en un instante.,23,4,0,0
4,no,NO,0,1,31,29,yes,no,Miguel tuvo que esperar una semana.,0,Miguel recibió a una invitada en la casa en un día.,23,1,0,0
0,no,SI,0,1,39,30,yes,no,Valeria fue a un concierto.,0,Valeria admiró la cantante en el teatro durante el concierto.,23,3,0,0
0,no,SI,0,1,0,31,yes,no,La acción tuvo lugar en la calle.,0,Juan golpeó una actriz en la calle en diez segundos.,23,4,0,0
4,no,0,0,0,30,32,yes,no,0,0,Carlos esperó a una profesora en la esquina durante una hora.,23,1,0,0
4,no,NO,0,1,16,33,yes,no,La guerra duró más de dos años.,0,Valentina venció a una adversaria en la guerra en dos años.,23,1,0,0
4,no,0,0,0,13,34,yes,no,0,0,Martina atropelló la carreta en el aparcamiento en pocos minutos.,23,5,0,0
4,no,0,0,0,10,35,yes,no,0,0,Mateo eliminó a una rehén en el banco en pocos segundos.,23,1,0,0
1,no,0,0,0,48,36,yes,no,0,0,Samuel descubrió a la tabla en el museo en pocas horas.,23,2,0,0
0,no,0,0,0,19,37,yes,no,0,0,Lucas arrastró una víctima en la calle por un tiempo.,23,4,0,0
1,no,SI,0,1,14,38,yes,no,Helena estaba en un campo de fútbol.,0,Helena derribó a la barrera en el campo durante el partido.,23,2,0,0
0,no,NO,0,1,46,39,yes,no,Alejandro estaba en el centro comercial.,0,Alejandro identificó la agresora en el aeropuerto en dos horas.,23,3,0,0
1,no,SI,0,1,3,40,yes,no,Lo que Pedro hizo fue un secuestro.,0,Pablo secuestró a la camioneta en el aeropuerto durante una hora.,23,2,0,0
4,no,0,0,0,5,41,yes,no,0,0,Manuel abrazó a una señora en el parque en pocos instantes.,23,1,0,0
4,no,NO,0,1,18,42,yes,no,María iba en bicicleta.,0,María transportó a una mochilera en la furgoneta durante un día.,23,1,0,0
4,no,SI,0,1,9,43,yes,no,Había fuego en la plaza.,0,Carlos quemó a la bruja en la plaza en pocos minutos.,23,0,0,0
3,no,0,0,0,49,44,yes,no,0,0,Alba mencionó a la ciudad en el teatro tras varios minutos.,23,2,0,0
0,no,0,0,0,24,45,yes,no,0,0,Coral guió la decisión en el palacio en una hora.,23,5,0,0
0,no,SI,0,1,37,46,yes,no,Isabel miraba por la ventana.,0,Isabel vió a la tormenta desde su ventana durante una mañana.,23,2,0,0
1,no,0,0,0,38,47,yes,no,0,0,Unai amó la jovencita en su pueblo durante varios años.,23,3,0,0
4,no,0,0,0,11,48,yes,no,0,0,Valeria neutralizó la bomba en la frontera en cinco minutos.,23,5,0,0
1,no,0,0,0,45,49,yes,no,0,0,Gabriela localizó a la bodega en la ciudad en dos minutos.,23,2,0,0
4,yes,0,0,0,45,0,yes,no,0,0,Lo que Sofía hizo a la chica fue conocerla.,23,6,0,0
4,yes,0,0,0,45,1,yes,no,0,0,Lo que Maria hizo a la mochilera fue transportarla.,23,6,0,0
4,yes,0,0,0,45,2,yes,no,0,0,Lo que Carlos hizo a la niña fue vigilarla.,23,6,0,0
4,yes,0,0,0,45,3,yes,no,0,0,Lo que Alejandro hizo a la agresora fue identificarla.,23,6,0,0
4,yes,0,0,0,45,4,yes,no,0,0,Lo que Mateo hizo a la rehén fue eliminarla.,23,6,0,0
4,yes,0,0,0,45,5,yes,no,0,0,Lo que Unai hizo a la jovencita fue amarla.,23,6,0,0
4,yes,0,0,0,45,6,yes,no,0,0,Lo que Helena hizo a la criminal fue colgarla.,23,6,0,0
4,yes,0,0,0,45,7,yes,no,0,0,Lo que Martina hizo a la anciana fue atropellarla.,23,6,0,0
4,yes,0,0,0,45,8,yes,no,0,0,Lo que Anna hizo a la maestra fue comprenderla.,23,6,0,0
4,yes,0,0,0,45,9,yes,no,0,0,Lo que Pablo hizo a la turista fue secuestrarla.,23,6,0,0
4,yes,0,0,0,45,10,yes,no,0,0,Lo que Samuel hizo a la infiltrada fue descubrirla.,23,6,0,0
4,yes,0,0,0,45,11,yes,no,0,0,Lo que Tomás hizo a la vieja fue empujarla.,23,6,0,0
4,yes,0,0,0,45,12,yes,no,0,0,Lo que Juan le hizo a la actriz fue golpearla.,23,6,0,0
4,yes,0,0,0,45,13,yes,no,0,0,Lo que Paula hizo a la contrincante fue abatirla.,23,6,0,0
4,yes,0,0,0,45,14,yes,no,0,0,Lo que Miguel hizo a la invitada fue recibirla.,23,6,0,0
4,yes,0,0,0,45,15,yes,no,0,0,Lo que Isabel hizo a la estudiante fue verla.,23,6,0,0
4,yes,0,0,0,45,16,yes,no,0,0,Lo que Valentina hizo a la adversaria fue vencerla.,23,6,0,0
4,yes,0,0,0,45,17,yes,no,0,0,Lo que Carlos le hizo a la conductora fue asaltarla.,23,6,0,0
4,yes,0,0,0,45,18,yes,no,0,0,Lo que Adrián hizo a la mujer fue percibirla.,23,6,0,0
4,yes,0,0,0,45,19,yes,no,0,0,Lo que Gabriela hizo a la amiga fue localizarla.,23,6,0,0
0,no,0,0,0,100,0,no,yes,0,"[1.435910701751709, 0.7306337356567383, 1.037766695022583, 0.4054107666015625, 0.6122338771820068, 0.9026367664337158, 0.6124579906463623, 0.6169037818908691, 1.0405457019805908]",Los niños corrieron a la plaza con sus amigos.,24,1,1,0
0,no,NO,E,1,100,1,no,yes,Llegaron a la universidad cuando ya estaba cerrada.,"[0.8159410953521729, 1.3386211395263672, 0.7235236167907715, 0.8256518840789795, 0.5100979804992676, 0.8304529190063477, 0.7943768501281738, 0.5258433818817139, 0.33513522148132324, 0.8285501003265381]",Los estudiantes llegaron a la universidad antes de que cerrara.,24,1,1,0
0,no,0,0,0,100,2,no,yes,0,"[0.7934467792510986, 0.8656749725341797, 0.7843992710113525, 0.5879952907562256, 0.9457006454467773, 0.7392134666442871, 1.079111099243164, 0.6362371444702148, 0.4777951240539551, 0.6567447185516357]",La conferencia empezará con puntualidad a las diez y media.,24,1,1,0
0,no,0,0,0,100,3,no,yes,0,"[0.5480632781982422, 1.1518023014068604, 0.4160957336425781, 0.8366899490356445, 0.6502604484558105, 0.6500759124755859, 0.8921616077423096, 0.4642484188079834, 0.6975700855255127, 0.5739443302154541]",El ladrón escapó a toda prisa por la puerta trasera.,24,1,1,0
0,no,0,0,0,36,0,no,no,0,"[1.5790705680847168, 0.9008512496948242, 0.5251679420471191, 0.644721269607544, 0.545663595199585, 0.4075922966003418, 0.5048046112060547, 0.538618803024292, 0.578265905380249, 0.6976456642150879, 0.005000591278076172]",Irene oyó a la niña en la sala durante una noche.,24,0,1,0
0,no,NO,E,1,34,1,no,no,Carmen vio una representación teatral.,"[0.7280106544494629, 0.6837105751037598, 0.38471460342407227, 1.9793035984039307, 0.6109147071838379, 0.8555352687835693, 0.7197830677032471, 1.4271254539489746, 0.8491520881652832, 0.8904476165771484]",Carmen odió la vendedora en el cine durante la película.,24,3,1,0
0,no,0,0,0,17,2,no,no,0,"[0.840526819229126, 2.085146427154541, 0.5924084186553955, 0.9648547172546387, 0.7266190052032471, 0.9869136810302734, 1.589658498764038, 0.6395115852355957, 0.7490136623382568, 1.7588229179382324]",Luis zarandeó la mujer en la casa durante algunos minutos.,24,3,1,0
0,no,0,0,0,101,3,no,no,0,"[0.5833971500396729, 0.6466164588928223, 0.6803126335144043, 0.8257889747619629, 0.42637157440185547, 0.5987582206726074, 0.45117855072021484, 1.0877618789672852]",Salimos temprano para evitar el tráfico la carretera.,24,2,1,0
0,no,NO,E,1,100,4,no,no,El tren llegó con retraso.,"[0.8349852561950684, 0.9671592712402344, 0.6289830207824707, 0.7400012016296387, 0.9581542015075684, 0.3759043216705322, 0.6492660045623779, 0.5522785186767578, 0.6731443405151367, 0.7642459869384766]",El tren llegó puntual a la estación bajo la lluvia.,24,2,1,0
0,no,SI,A,1,100,5,no,no,El gato está sobre la manta cerca del sofá.,"[0.743095874786377, 0.9622089862823486, 0.7197890281677246, 0.7075095176696777, 0.6577844619750977, 0.31814098358154297, 0.4065384864807129, 0.875098466873169, 0.7470085620880127, 0.439284086227417]",El gato duerme tranquilo sobre la manta cerca del sofá.,24,2,1,0
0,no,0,0,0,101,6,no,no,0,"[0.5707356929779053, 0.5565381050109863, 0.5430574417114258, 0.6585099697113037, 0.4445521831512451, 0.4810030460357666, 0.4407923221588135, 0.622391939163208, 0.44921255111694336, 0.9212777614593506]",Jorge compró un regalo su novia en el centro comercial.,24,0,1,0
0,no,0,0,0,45,7,no,no,0,"[0.7157511711120605, 0.5988609790802002, 0.6090071201324463, 0.5971693992614746, 0.5038657188415527, 0.41890525817871094, 0.44893789291381836, 0.396348237991333, 0.4886457920074463, 1.5070581436157227]",Gabriela localizó la amiga en la ciudad en dos minutos.,24,3,1,0
0,no,SI,A,1,101,8,no,no,El camarero sonrió.,"[1.0406367778778076, 0.6076922416687012, 0.5765631198883057, 0.5941066741943359, 0.7390069961547852, 0.6338787078857422, 0.5947566032409668, 0.6018760204315186, 0.5691249370574951, 1.2249174118041992, 0.6484863758087158]",El camarero trajo el cuenta a los clientes con una sonrisa.,24,0,1,0
0,no,SI,A,1,100,9,no,no,Ana estaba en la biblioteca.,"[0.4743843078613281, 0.6900246143341064, 1.3278172016143799, 0.6455607414245605, 1.16145920753479, 0.926694393157959, 1.4090721607208252, 0.4187767505645752, 0.34834980964660645, 0.4872903823852539]",Nos encontramos con Ana después de clase en la biblioteca.,24,2,1,0
0,no,SI,A,1,15,10,no,no,Lucia estuvo en una pelea de bar.,"[0.6448748111724854, 0.710343599319458, 0.6970138549804688, 0.6093156337738037, 0.7127771377563477, 1.4613416194915771, 0.38104939460754395, 0.31981348991394043, 0.44145727157592773, 0.5334694385528564, 1.5071110725402832]",Lucía destrozó a una oponente en el bar en diez minutos.,24,1,1,0
0,no,0,0,0,5,11,no,no,0,"[0.48793673515319824, 0.541954517364502, 0.3431720733642578, 0.36663269996643066, 0.3521909713745117, 0.4540286064147949, 0.4339759349822998, 0.35660386085510254, 0.48232483863830566, 0.6453897953033447]",Manuel abrazó la planta en el parque en pocos instantes.,24,5,1,0
0,no,0,0,0,38,12,no,no,0,"[0.5792703628540039, 0.42102742195129395, 0.3849296569824219, 0.3574657440185547, 0.41138529777526855, 0.7375349998474121, 0.41581058502197266, 0.48380613327026367, 0.39285898208618164, 0.547795295715332]",Unai amó la vida en su pueblo durante varios años.,24,5,1,0
0,no,0,0,0,44,13,no,no,0,"[0.6518497467041016, 0.4104595184326172, 0.8732075691223145, 0.6686668395996094, 0.5641260147094727, 0.4235851764678955, 0.5301647186279297, 0.3544809818267822, 0.37070679664611816, 0.5117282867431641]",Martín detectó una intrusa en el hospital en dos minutos.,24,4,1,0
0,no,0,0,0,100,14,no,no,0,"[1.8135721683502197, 0.6986134052276611, 0.8027877807617188, 0.8448209762573242, 0.6056180000305176, 0.4348936080932617, 0.5179016590118408, 0.600250244140625, 0.4320986270904541, 0.6043124198913574]",El niño duerme tranquilo en su cama todas las noches.,24,2,1,0
0,no,SI,A,1,0,15,no,no,La acción tuvo lugar en la calle.,"[0.7565021514892578, 0.7129414081573486, 0.5120770931243896, 0.4799795150756836, 0.5610971450805664, 0.46190404891967773, 0.46839261054992676, 0.5097916126251221, 0.5427336692810059, 0.7554199695587158]",Juan golpeó la piedra en la calle en diez segundos.,24,5,1,0
0,no,0,0,0,11,16,no,no,0,"[0.6060142517089844, 0.7274024486541748, 0.48560309410095215, 0.39786696434020996, 0.5229928493499756, 0.36255693435668945, 0.40047669410705566, 0.3367743492126465, 0.39200639724731445, 0.3955867290496826]",Valeria neutralizó la criminal en la frontera en cinco minutos.,24,3,1,0
0,no,SI,A,1,14,17,no,no,Helena estaba jugando un partido de fútbol.,"[0.5785031318664551, 0.5544576644897461, 0.4650611877441406, 0.23894453048706055, 0.48719167709350586, 0.3099486827850342, 0.34031057357788086, 0.2601616382598877, 0.6646003723144531, 0.5516130924224854, 0.7328488826751709]",Helena derribó a una futbolista en el campo durante el partido.,24,1,1,0
0,no,NO,E,1,100,18,no,no,El niño juega solo en el parque.,"[0.5319492816925049, 0.5354883670806885, 0.47754788398742676, 0.6539947986602783, 0.7255384922027588, 0.5621359348297119, 0.28815698623657227, 0.41709065437316895, 0.45211291313171387, 0.4296560287475586]",El niño juega en el parque con su mejor amigo.,24,2,1,0
0,no,0,0,0,100,19,no,no,0,"[0.4757659435272217, 0.8562831878662109, 0.9418251514434814, 1.0909099578857422, 0.9678432941436768, 1.235854148864746, 0.29449939727783203, 0.36623501777648926, 0.4115760326385498, 0.3565983772277832, 0.5152578353881836]",El jefe asignó una tarea a cada empleado en la reunión.,24,0,1,0
0,no,0,0,0,100,20,no,no,0,"[0.45566534996032715, 0.44135475158691406, 0.5142819881439209, 0.5269582271575928, 0.5383946895599365, 0.4167978763580322, 0.5042569637298584, 0.39743566513061523, 0.41977739334106445, 0.9659905433654785]",Miguel alquiló una bicicleta a un turista en la estación.,24,0,1,0
0,no,SI,A,1,100,21,no,no,Laura se fue a Inglaterra.,"[0.5458207130432129, 0.5369613170623779, 0.3898961544036865, 0.4015624523162842, 0.6940310001373291, 0.3561277389526367, 0.39435911178588867, 0.4163932800292969, 0.5498642921447754, 0.8547871112823486]",Laura se fue de vacaciones a Londres la semana pasada.,24,1,1,0
0,no,SI,A,1,22,22,no,no,Hubo un asedio en la región.,"[0.4542548656463623, 0.41124510765075684, 1.0923786163330078, 0.4270021915435791, 0.9295978546142578, 0.4434185028076172, 0.38381218910217285, 0.314164400100708, 1.0012092590332031, 0.7697029113769531, 0.6601240634918213]",Carla asedió a la contrincante en la región durante bastante tiempo.,24,0,1,0
0,no,SI,A,1,101,23,no,no,Clara fue a la farmacia con su hermana.,"[0.765333890914917, 0.5441925525665283, 0.4385812282562256, 0.8274779319763184, 1.1514859199523926, 0.592195987701416, 0.36085987091064453, 0.558983564376831, 0.9423956871032715, 0.3233811855316162, 0.9507420063018799]",Clara fue con su hermanas a la farmacia después del desayuno.,24,1,1,0
0,no,0,0,0,100,24,no,no,0,"[0.5813140869140625, 0.4814915657043457, 0.40894126892089844, 0.40837788581848145, 0.555858850479126, 0.4374547004699707, 0.37062931060791016, 0.3672363758087158, 0.34508800506591797, 0.6268579959869385]",Estuvieron caminando a la orilla del mar toda la tarde.,24,1,1,0
0,no,NO,E,1,100,25,no,no,Andrés contó una historia,"[0.45652318000793457, 0.47144627571105957, 0.450824499130249, 0.5173213481903076, 0.4813358783721924, 0.24688339233398438, 0.6844871044158936, 0.38338232040405273, 0.6010408401489258, 0.5000715255737305]",Andrés cantó una canción a su hija antes de acostarla.,24,0,1,0
0,no,0,0,0,26,26,no,no,0,"[0.42053794860839844, 1.2649669647216797, 0.7306344509124756, 0.49161362648010254, 0.5165164470672607, 0.36462926864624023, 0.4135706424713135, 0.42473459243774414, 0.356034517288208, 0.47521400451660156]",Juan escuchó la alarma en el balcón durante una noche.,24,5,1,0
0,no,0,0,0,40,27,no,no,0,"[0.7081468105316162, 0.9530858993530273, 0.42666101455688477, 1.0254223346710205, 0.5968847274780273, 0.6182491779327393, 0.7330913543701172, 0.5100786685943604, 1.4051525592803955, 0.5003225803375244]",Adrián percibió la mujer detrás de él durante algunos minutos.,24,3,1,0
0,no,0,0,0,20,28,no,no,0,"[0.7550985813140869, 0.8756744861602783, 0.8944923877716064, 0.8106935024261475, 1.020101547241211, 1.476294994354248, 0.4000117778778076, 0.4528629779815674, 0.4627854824066162, 0.49348974227905273]",Claudia maltrató la camiseta en la casa durante varios años.,24,5,1,0
0,no,0,0,0,4,29,no,no,0,"[0.7990057468414307, 0.8329894542694092, 0.5773866176605225, 0.7062215805053711, 0.9756054878234863, 0.53360915184021, 0.5733118057250977, 0.7923245429992676, 0.49135375022888184, 0.40929746627807617, 0.44495487213134766]",Jorge arrolló a la valla en la calle en un segundo.,24,2,1,0
0,no,0,0,0,101,30,no,no,0,"[0.5793237686157227, 0.639531135559082, 0.6464622020721436, 0.7668442726135254, 0.5859837532043457, 0.7107627391815186, 0.4182872772216797, 0.6693451404571533, 0.3967750072479248, 0.6976490020751953]",Laura mostró las fotos a sus amigas en la parque.,24,0,1,0
0,no,SI,E,1,3,31,no,no,Lo que Pedro hizo fue un secuestro.,"[0.8898501396179199, 0.6548571586608887, 0.430255651473999, 0.4957277774810791, 0.5116305351257324, 0.49115967750549316, 0.4695587158203125, 0.5885050296783447, 0.47148871421813965, 0.4078183174133301, 0.5331270694732666]",Pablo secuestró a la turista en el aeropuerto durante una hora.,24,0,1,0
0,no,0,0,0,100,32,no,no,0,"[0.48955583572387695, 0.44136929512023926, 0.4744527339935303, 0.511030912399292, 0.5785284042358398, 0.43357372283935547, 0.3586874008178711, 0.3415508270263672, 0.32996511459350586, 0.4953930377960205]",Julia pasó la sal a su madre durante la cena.,24,0,1,0
0,no,0,0,0,19,33,no,no,0,"[0.5112688541412354, 0.551180362701416, 0.6470420360565186, 1.0687754154205322, 0.5399386882781982, 0.372464656829834, 0.4167201519012451, 0.36002135276794434, 0.3946404457092285, 0.43828725814819336, 0.8501765727996826]",Lucas arrastró a la víctima en la calle por un tiempo.,24,0,1,0
0,no,0,0,0,47,34,no,no,0,"[0.854886531829834, 0.8907952308654785, 0.7546873092651367, 0.8750979900360107, 0.8235375881195068, 0.5743613243103027, 0.8077456951141357, 0.3774862289428711, 0.42755699157714844, 0.7762668132781982]",Marta descartó la aspirante en la selección en un día.,24,3,1,0
0,no,0,0,0,100,35,no,no,0,"[1.375112771987915, 0.8199665546417236, 0.7928981781005859, 0.7010681629180908, 0.7505662441253662, 0.8035290241241455, 1.496973991394043, 0.6908128261566162, 1.2991886138916016, 0.4547126293182373]",Los pájaros vuelan alto sobre los árboles en primavera alegre.,24,2,1,0
0,no,0,0,0,101,36,no,no,0,"[0.5989434719085693, 0.4214141368865967, 0.5109817981719971, 0.5228686332702637, 0.879155158996582, 0.5298304557800293, 1.1127889156341553, 0.6615819931030273, 0.3697690963745117, 0.8564746379852295]",Sara contó la historia a sus hijo antes de dormir.,24,0,1,0
0,no,No,E,1,100,37,no,no,El bebé dormía plácidamente.,"[0.5475263595581055, 0.5080230236053467, 0.7185842990875244, 1.2039871215820312, 1.0217618942260742, 0.4196598529815674, 0.6198148727416992, 0.6999795436859131, 0.6076984405517578, 0.5439529418945312]",El bebé lloraba constantemente durante la noche sin razón aparente.,24,2,1,0
0,no,0,0,0,101,38,no,no,0,"[0.7386679649353027, 0.6207489967346191, 0.7589685916900635, 1.1231040954589844, 0.46210789680480957, 0.39537477493286133, 0.7476339340209961, 0.3540916442871094, 0.35845065116882324, 0.47629427909851074]",María se despertó sobresaltado a los gritos de su hermano.,24,1,1,0
0,no,0,0,0,10,39,no,no,0,"[0.7289779186248779, 0.46980834007263184, 0.744046688079834, 0.6861221790313721, 1.1152617931365967, 0.8390536308288574, 0.7199826240539551, 0.8567907810211182, 1.4476747512817383, 0.48202991485595703]",Mateo eliminó una rehén en el banco en pocos segundos.,24,4,1,0
0,no,0,0,0,24,40,no,no,0,"[0.8952205181121826, 0.734755277633667, 0.6062426567077637, 0.7089545726776123, 1.3267173767089844, 0.6235010623931885, 0.8327422142028809, 0.4815959930419922, 0.3984963893890381, 0.6647045612335205]",Coral guió una turista en el palacio en una hora.,24,4,1,0
0,no,NO,E,1,31,41,no,no,Miguel tuvo que esperar una semana.,"[0.6804938316345215, 0.6482813358306885, 0.4917781352996826, 0.6295545101165771, 0.6750433444976807, 0.5619354248046875, 0.528080940246582, 0.5100672245025635, 0.4142606258392334, 0.8306870460510254, 1.1751914024353027]",Miguel recibió a la caja en la casa en un día.,24,2,1,0
0,no,NO,E,1,6,42,no,no,El beso tuvo lugar en un museo.,"[0.4435863494873047, 0.43718695640563965, 0.4175407886505127, 0.40747857093811035, 0.4697284698486328, 0.4413166046142578, 0.6084151268005371, 0.5378096103668213, 0.4401280879974365, 0.4677853584289551, 0.49327850341796875]",Francisco besó a una novia en la iglesia durante unos segundos.,24,1,1,0
0,no,SI,A,1,37,43,no,no,Isabel miraba por la ventana.,"[0.4507942199707031, 0.7440230846405029, 0.6298282146453857, 0.6517443656921387, 0.5937747955322266, 0.8924221992492676, 0.6291613578796387, 0.7698392868041992, 0.3993353843688965, 0.3804891109466553, 0.43759703636169434]",Isabel vió a la tormenta desde su ventana durante una mañana.,24,2,1,0
0,no,NO,E,1,100,44,no,no,Lucía y su compañero estaban en el salón.,"[0.4323921203613281, 0.698418140411377, 0.6769647598266602, 0.7975530624389648, 0.7643020153045654, 1.0493764877319336, 0.3609020709991455, 0.3375706672668457, 0.36005496978759766, 0.4528486728668213]",Lucía ofreció un café a su compañero en la cocina.,24,0,1,0
0,no,SI,A,1,39,45,no,no,Valeria fue a un concierto.,"[0.41042375564575195, 0.42974853515625, 0.7719542980194092, 0.415607213973999, 0.6628701686859131, 0.5715615749359131, 0.6205382347106934, 0.4864461421966553, 0.29932665824890137, 0.6180758476257324]",Valeria admiró una cantante en el teatro durante el concierto.,24,4,1,0
0,no,0,0,0,100,46,no,no,0,"[0.8424763679504395, 0.6831018924713135, 1.6494898796081543, 0.6343514919281006, 1.128654956817627, 1.0044214725494385, 0.450549840927124, 0.3501708507537842, 0.44112396240234375, 0.874021053314209]",El anciano hablaba a solas consigo mismo en el jardín.,24,1,1,0
0,no,0,0,0,30,47,no,no,0,"[0.534111499786377, 0.700608491897583, 0.6064732074737549, 0.8709468841552734, 0.6632072925567627, 0.6155633926391602, 2.847813367843628, 1.1815249919891357, 0.41243934631347656, 0.4056212902069092, 0.392885684967041]",Carlos esperó a la furgoneta en la esquina durante una hora.,24,2,1,0
0,no,0,0,0,101,48,no,no,0,"[0.5244927406311035, 0.6347417831420898, 0.47361207008361816, 0.8935332298278809, 0.37433671951293945, 0.38916873931884766, 0.43778181076049805, 0.519744873046875, 0.6422882080078125]",La película empiezan exactamente a las ocho en punto.,24,1,1,0
0,no,NO,E,1,100,49,no,no,El coche era azul.,"[0.6776342391967773, 0.40250086784362793, 0.7169914245605469, 0.6732373237609863, 0.7605593204498291, 0.7654454708099365, 0.7226629257202148, 0.8117198944091797, 0.525627851486206, 0.5111043453216553]",El coche rojo aparcó frente a la casa de Marta.,24,2,1,0
0,no,SI,A,1,101,50,no,no,Ayer estudiaron matemáticas.,"[0.43738317489624023, 0.6179990768432617, 0.39368319511413574, 0.44873666763305664, 0.8307771682739258, 0.5341024398803711, 0.5357298851013184, 0.39124035835266113, 0.4443385601043701, 0.9224612712860107]",Nos sentamos juntos para estudiando matemáticas toda la tarde ayer.,24,2,1,0
0,no,NO,E,1,101,51,no,no,El profesor y los alumnos estaban fuera del aula.,"[0.5048577785491943, 0.5853445529937744, 0.6637141704559326, 0.5662932395935059, 0.44492435455322266, 0.4791100025177002, 0.4757227897644043, 0.39377427101135254, 0.478792667388916]",El profesor explicó la lección los alumnos en clase.,24,0,1,0
0,no,NO,E,1,100,52,no,no,El autobus llegó puntual.,"[0.3422818183898926, 0.6892008781433105, 0.4276902675628662, 0.4008309841156006, 0.40750908851623535, 0.3808584213256836, 0.4758145809173584, 0.7047073841094971, 0.5522363185882568, 0.2863810062408447, 0.5665180683135986]",El autobús llegó con retraso a la parada equivocada del centro.,24,1,1,0
0,no,SI,E,1,27,53,no,no,Felipe es presentador de teatro.,"[0.5076308250427246, 0.5139360427856445, 0.5173962116241455, 0.7775866985321045, 0.6528317928314209, 0.4420492649078369, 0.6295797824859619, 0.7130708694458008, 0.8552329540252686, 0.5037846565246582, 0.811539888381958]",Felipe anunció a una cantante en el escenario en cinco minutos.,24,1,1,0
0,no,NO,E,1,16,54,no,no,La guerra duró más de dos años.,"[0.5758941173553467, 0.6361887454986572, 0.3430464267730713, 0.44292712211608887, 1.0403800010681152, 0.42332887649536133, 0.3983194828033447, 0.35184669494628906, 0.3793642520904541, 0.3392035961151123, 0.1687777042388916]",Valentina venció a la adversaria en la guerra en dos años.,24,0,1,0
0,no,SI,A,1,32,55,no,no,Martin estaba en el hospital.,"[0.607046365737915, 0.30878472328186035, 0.4311106204986572, 0.6675398349761963, 0.30553197860717773, 0.361983060836792, 0.5602555274963379, 0.3155663013458252, 0.3197319507598877, 0.5142760276794434]",Martín buscó una médica en el hospital durante dos horas.,24,4,1,0
0,no,0,0,0,29,56,no,no,0,"[0.3858673572540283, 0.4189186096191406, 0.4240541458129883, 0.40300965309143066, 0.1394338607788086, 0.820483922958374, 0.6025328636169434, 0.8534035682678223, 0.3670008182525635, 0.3715829849243164, 1.2180099487304688]",Alfonso miró a la estrella en la colina durante dos horas.,24,2,1,0
0,no,0,0,0,13,57,no,no,0,"[0.5705289840698242, 0.5725891590118408, 0.4104270935058594, 0.6462335586547852, 0.7268860340118408, 0.4503757953643799, 0.4126918315887451, 0.6883270740509033, 0.29810166358947754, 0.6292581558227539, 0.5386722087860107]",Martina atropelló a una anciana en el aparcamiento en pocos minutos.,24,1,1,0
0,no,SI,A,1,41,58,no,no,Emma pasó semanas investigando.,"[0.7889766693115234, 0.4759509563446045, 0.5885248184204102, 0.5847072601318359, 0.776975154876709, 0.5430231094360352, 0.6559386253356934, 0.4458122253417969, 1.2746286392211914, 0.9119951725006104]",Emma investigó la epidemia en la ciudad durante varias semanas.,24,5,1,0
0,no,0,0,0,33,59,no,no,0,"[0.5376029014587402, 0.5851144790649414, 0.6065247058868408, 0.39677953720092773, 0.4183332920074463, 0.7523868083953857, 0.6473798751831055, 1.2014055252075195, 0.6560959815979004, 0.8330574035644531, 0.8933355808258057]",Marco imaginó a la fiesta en la playa durante dos minutos.,24,2,1,0
0,no,SI,A,1,101,60,no,no,Maria y su hermana estaban en la biblioteca.,"[0.6649904251098633, 1.1583178043365479, 0.9946002960205078, 0.9863507747650146, 0.6207432746887207, 0.42819857597351074, 0.542377233505249, 0.41214895248413086, 0.5345423221588135]",María dio el libro su hermana en la biblioteca.,24,0,1,0
0,no,NO,E,1,46,61,no,no,Alejandro estaba en el centro comercial.,"[1.0506346225738525, 0.9013059139251709, 0.7820122241973877, 0.5865828990936279, 0.7496950626373291, 0.32752108573913574, 0.3891720771789551, 0.8072676658630371, 0.4581594467163086, 0.6269409656524658, 0.8150177001953125]",Alejandro identificó a una agresora en el aeropuerto en dos horas.,24,1,1,0
0,no,0,0,0,35,62,no,no,0,"[0.3286917209625244, 0.9860708713531494, 0.44634318351745605, 0.5794658660888672, 0.494736909866333, 0.5141351222991943, 0.6140456199645996, 0.321136474609375, 0.37152624130249023, 0.41149449348449707]",Carlos vigiló la niña en la habitación durante unas horas.,24,3,1,0
0,no,SI,A,1,100,63,no,no,Ana escribió la carta desde la playa.,"[0.45982933044433594, 0.5330748558044434, 0.3318290710449219, 0.5120317935943604, 0.5038647651672363, 0.36728405952453613, 0.749622106552124, 0.3560800552368164, 0.5965771675109863, 0.5326590538024902]",Ana escribió una carta a su abuela desde la playa.,24,0,1,0
0,no,0,0,0,100,64,no,no,0,"[0.3832581043243408, 0.48352479934692383, 0.5051114559173584, 0.8994171619415283, 0.7567634582519531, 0.6154415607452393, 0.5335161685943604, 0.3261384963989258, 0.3889882564544678, 0.42592453956604004]",El mensajero entregó el paquete a Marta en su casa.,24,0,1,0
0,no,NO,E,1,101,65,no,no,El avión despegó con retraso.,"[0.43053293228149414, 0.45475125312805176, 0.5121114253997803, 0.6015322208404541, 0.3558354377746582, 0.4067652225494385, 0.5799422264099121, 0.40361452102661133, 0.454911470413208, 0.7025902271270752]",El avión despegó puntualmente a la siete de la mañana.,24,1,1,0
0,no,SI,A,1,100,66,no,no,La cena se preparó en casa.,"[0.5796940326690674, 0.5758206844329834, 0.4748697280883789, 0.48591160774230957, 0.4126462936401367, 0.45897603034973145, 0.43237972259521484, 0.46883702278137207, 0.5620977878570557, 0.7878684997558594, 0.40773630142211914]",Mi madre preparó la cena a toda la familia en casa.,24,0,1,0
0,no,0,0,0,49,67,no,no,0,"[0.4678690433502197, 0.547635555267334, 0.47814464569091797, 0.49454545974731445, 0.48009443283081055, 0.3793790340423584, 0.41281676292419434, 0.40564465522766113, 0.41590452194213867, 0.5475752353668213]",Alba mencionó una actriz en el teatro tras varios minutos.,24,4,1,0
0,no,NO,E,1,12,68,no,no,El combate duró varias horas.,"[0.39392542839050293, 0.470989465713501, 0.7278690338134766, 0.4635777473449707, 0.4095180034637451, 0.41529011726379395, 0.4385387897491455, 0.39581823348999023, 0.6527233123779297, 0.485198974609375, 0.5204067230224609]",Paula abatió a la contrincante en el ring en pocos minutos.,24,0,1,0
0,no,NO,E,1,18,69,no,no,María iba en bicicleta.,"[0.4197499752044678, 0.5940380096435547, 0.46825480461120605, 0.5863652229309082, 0.46253466606140137, 0.44110107421875, 0.43854832649230957, 0.47992658615112305, 0.47483253479003906, 1.1185894012451172]",María transportó una mochilera en la furgoneta durante un día.,24,4,1,0
0,no,0,0,0,101,70,no,no,0,"[0.3882434368133545, 0.8143949508666992, 0.47876954078674316, 0.5330803394317627, 0.3458726406097412, 0.40642213821411133, 0.3236241340637207, 0.39679956436157227, 0.3471982479095459, 0.39765334129333496]",El perro ladran fuerte cada vez que pasa un coche.,24,2,1,0
0,no,NO,E,1,25,71,no,no,Pedro observó durante unos minutos.,"[0.5084962844848633, 0.5893142223358154, 0.3864860534667969, 0.525627613067627, 0.41303372383117676, 0.41528940200805664, 0.5192530155181885, 0.3694925308227539, 0.3300178050994873, 0.6899888515472412]",Pedro observó la secretaria en la oficina durante una hora.,24,3,1,0
0,no,0,0,0,100,72,no,no,0,"[0.40929150581359863, 0.6970288753509521, 0.4259915351867676, 0.44112205505371094, 0.3047928810119629, 0.42205095291137695, 0.5034177303314209, 0.6547787189483643, 0.33191680908203125, 0.4124631881713867]",El gato saltó a la mesa para robar la comida.,24,1,1,0
0,no,0,0,0,7,73,no,no,0,"[0.34914088249206543, 0.5570464134216309, 0.3457167148590088, 0.3969128131866455, 0.5865049362182617, 0.4051487445831299, 0.3873329162597656, 0.47582459449768066, 0.4317739009857178, 0.3767213821411133, 0.7500231266021729]",Tomás empujó a la vieja a la puerta en pocos segundos.,24,0,1,0
0,no,0,0,0,101,74,no,no,0,"[0.7253720760345459, 0.7103562355041504, 0.6082255840301514, 0.48782968521118164, 0.5095338821411133, 0.5357174873352051, 0.3649895191192627, 0.4827094078063965, 0.561347246170044]",Pedro devolvió el libro la biblioteca el lunes pasado.,24,0,1,0
0,no,0,0,0,42,75,no,no,0,"[0.6489899158477783, 0.57169508934021, 0.4113941192626953, 0.8257162570953369, 0.407454252243042, 0.40370631217956543, 0.5877022743225098, 0.3564753532409668, 0.7014317512512207, 0.7820572853088379]",Ismael encontró la dificultad en la carretera en pocas horas.,24,5,1,0
0,no,0,0,0,101,76,no,no,0,"[0.5382769107818604, 0.4407632350921631, 0.6858177185058594, 0.4990723133087158, 0.5081901550292969, 0.6281712055206299, 0.517629861831665, 0.4383711814880371, 0.4969782829284668, 0.6188411712646484]",Mi primo viaja sola por Europa durante el verano próximo.,24,2,1,0
0,no,0,0,0,100,77,no,no,0,"[0.5218536853790283, 0.5837998390197754, 0.5404214859008789, 0.5985207557678223, 0.6553261280059814, 0.6635150909423828, 0.5875983238220215, 0.6070091724395752, 0.8480892181396484, 0.46932005882263184, 1.0837712287902832]",Mi hermano vendió su coche a un amigo de la universidad.,24,0,1,0
0,no,SI,A,1,9,78,no,no,Había fuego en la plaza.,"[0.5426642894744873, 0.5023648738861084, 0.4510157108306885, 0.4705536365509033, 0.5073716640472412, 0.40425896644592285, 0.4791679382324219, 0.4725065231323242, 0.4419686794281006, 0.49391961097717285, 0.6138131618499756]",Carlos quemó a la bruja en la plaza en pocos minutos.,24,0,1,0
0,no,NO,E,1,100,79,no,no,Viajan a Argentina cada invierno.,"[0.37478184700012207, 0.3878600597381592, 0.39531588554382324, 0.4212350845336914, 0.7024266719818115, 0.35613274574279785, 0.3668034076690674, 0.43157124519348145, 0.536902666091919]",Mis padres viajan en avión a Argentina cada verano.,24,1,1,0
0,no,NO,E,1,1,80,no,no,Carlos tardó mucho en hacer el asalto.,"[0.36643433570861816, 0.5115401744842529, 0.4215211868286133, 0.44289207458496094, 0.39045214653015137, 0.44515275955200195, 0.48122191429138184, 0.4101142883300781, 0.4136378765106201, 2.0211527347564697]",Carlos asaltó la camioneta en el barrio en pocos instantes.,24,5,1,0
0,no,NO,E,1,101,81,no,no,LLegaron a casa después del aconecher.,"[0.4043753147125244, 3.3950955867767334, 0.46648311614990234, 0.5253686904907227, 0.46294164657592773, 0.31344103813171387, 0.4259634017944336, 0.4366281032562256, 0.37515711784362793, 0.9860949516296387]",Los campesinos llegaron cansado a casa justo antes del anochecer.,24,1,1,0
0,no,0,0,0,23,82,no,no,0,"[0.4509575366973877, 0.42598533630371094, 0.5602083206176758, 0.3642275333404541, 0.5705065727233887, 0.43805766105651855, 0.4782133102416992, 0.4522373676300049, 0.4194929599761963, 0.40897417068481445, 0.6607534885406494]",Daniel remolcó a una enferma en la calle durante algunos minutos.,24,1,1,0
0,no,0,0,0,21,83,no,no,0,"[0.5728418827056885, 0.8239734172821045, 0.37833499908447266, 0.4281647205352783, 0.5979456901550293, 0.42607545852661133, 0.5223104953765869, 0.49234890937805176, 0.44838547706604004, 0.46345090866088867, 0.9620144367218018]",Hugo apaleó a una rebelde en la calle durante varios minutos.,24,1,1,0
0,no,0,0,0,48,84,no,no,0,"[1.5967862606048584, 0.527153491973877, 0.36224961280822754, 0.4656357765197754, 0.41849350929260254, 0.37299036979675293, 0.447155237197876, 0.3702239990234375, 0.3834211826324463, 0.42049622535705566]",Samuel descubrió una infiltrada en el museo en pocas horas.,24,4,1,0
0,no,0,0,0,43,85,no,no,0,"[0.67793869972229, 0.6132488250732422, 0.41854310035705566, 0.4569258689880371, 0.4548635482788086, 0.5656437873840332, 0.38835859298706055, 0.5412900447845459, 0.5357847213745117, 0.9819276332855225]",Sofía conoció la verdad en el colegio en dos días.,24,5,1,0
0,no,SI,A,1,101,86,no,no,El bebé sonrió a su madre.,"[0.5504143238067627, 0.5991311073303223, 0.6224088668823242, 0.6604101657867432, 0.5288424491882324, 1.095203161239624, 0.3706071376800537, 0.32630419731140137, 0.41210389137268066, 0.5591433048248291]",El bebé sonreí dulcemente a su madre desde la cuna.,24,1,1,0
0,no,NO,E,1,100,87,no,no,Ayer fueron al teatro.,"[0.474712610244751, 0.6500020027160645, 0.5640158653259277, 0.7323658466339111, 0.4535527229309082, 0.38178157806396484, 0.3775663375854492, 0.4594283103942871, 0.459273099899292]",Ayer fueron al cine a ver una película divertida.,24,2,1,0
0,no,NO,E,1,101,88,no,no,Luis envió un paquete a su hermano.,"[0.5030546188354492, 0.4438486099243164, 0.5704231262207031, 0.5922555923461914, 0.3757646083831787, 0.24673104286193848, 0.45055294036865234, 0.3792750835418701, 0.41963672637939453]",Luis envíe un paquete a su primo en Alemania.,24,0,1,0
0,no,NO,E,1,2,89,no,no,La acción tuvo lugar en el parque.,"[0.3625340461730957, 0.5125329494476318, 0.43971872329711914, 0.319246768951416, 0.4705338478088379, 0.46367812156677246, 0.5119683742523193, 0.3719301223754883, 0.3343470096588135, 0.47449207305908203, 0.3892500400543213]",Simón pateó a la pelota en la cancha en un instante.,24,2,1,0
0,no,0,0,0,100,90,no,no,0,"[0.43732619285583496, 0.5154774188995361, 0.31567859649658203, 0.4935758113861084, 0.5028612613677979, 0.42312073707580566, 0.443544864654541, 0.41170358657836914, 0.3531520366668701, 0.43976378440856934]",Rosa recomendó un libro a su colega durante el almuerzo.,24,0,1,0
0,no,0,0,0,100,91,no,no,0,"[0.4843471050262451, 0.5436866283416748, 0.5277557373046875, 0.3452274799346924, 0.7138307094573975, 0.3665153980255127, 0.331207275390625, 0.4315667152404785, 1.0456137657165527]",Carlos estornudó fuerte en medio de la reunión ayer.,24,2,1,0
0,no,SI,A,1,8,92,no,no,Helena estaba en el patio.,"[0.42986297607421875, 0.40574073791503906, 0.29210400581359863, 0.417125940322876, 0.5704028606414795, 0.4630599021911621, 0.27098774909973145, 0.6504726409912109, 0.38654255867004395, 0.3232996463775635, 1.0960848331451416]",Helena colgó a la fotografía en el patio en cinco minutos.,24,2,1,0
0,no,0,0,0,101,93,no,no,0,"[0.4266517162322998, 0.4728891849517822, 0.392535924911499, 0.28148961067199707, 0.5469319820404053, 0.30265235900878906, 0.777754545211792, 0.5748679637908936, 0.3368062973022461, 0.49417972564697266]",El jefe convocó urgentemente a reunión a todos el empleados.,24,1,1,0
0,no,0,0,0,100,94,no,no,0,"[0.4461185932159424, 0.49282240867614746, 0.5550258159637451, 0.676929235458374, 0.3749544620513916, 0.3722546100616455, 0.5239002704620361, 0.43399763107299805, 0.3916440010070801, 0.4586904048919678, 1.0088062286376953]",Me encontré inesperadamente a Paula en el tren de las siete.,24,1,1,0
0,no,SI,A,1,100,95,no,no,Ellos corren en el centro.,"[0.5265836715698242, 0.49393248558044434, 0.43926525115966797, 0.38802313804626465, 0.4049100875854492, 0.40580058097839355, 0.3955702781677246, 0.5069811344146729, 0.3987092971801758, 0.6981496810913086]",Ellos corren todas las mañanas por el parque del centro.,24,2,1,0
0,no,0,0,0,100,96,no,no,0,"[0.5373344421386719, 0.5290684700012207, 0.515791654586792, 0.3169376850128174, 0.45655083656311035, 0.3192133903503418, 0.3518824577331543, 0.4022829532623291, 0.33014583587646484, 0.42070674896240234]",El avión aterrizó sin problemas en el aeropuerto de Madrid.,24,2,1,0
0,no,0,0,0,100,97,no,no,0,"[0.42342472076416016, 0.4907667636871338, 0.32254886627197266, 0.3900895118713379, 0.4216494560241699, 0.34801459312438965, 0.3640873432159424, 0.6618309020996094, 0.36064696311950684, 0.6997320652008057]",Vamos caminando todos los días a pie hasta el colegio.,24,1,1,0
0,no,SI,A,1,28,98,no,no,Anna estaba en la escuela.,"[0.4135606288909912, 0.5197529792785645, 0.5689294338226318, 0.25913357734680176, 0.6192076206207275, 0.3746929168701172, 0.32324671745300293, 0.5361404418945312, 0.35907721519470215, 0.35311126708984375, 1.2469217777252197]",Anna comprendió a la maestra en la escuela en dos minutos.,24,0,1,0
0,no,NO,E,1,101,99,no,no,El dueño fue reconocido por su gato.,"[0.5127480030059814, 0.653839111328125, 0.43870115280151367, 0.3903625011444092, 0.5701782703399658, 0.3291459083557129, 0.4051198959350586, 0.29337430000305176, 0.3836982250213623, 0.4935317039489746]",El perro corrió felizmente a su dueño cuando le reconoció.,24,1,1,0
0,no,0,0,0,101,100,no,no,0,"[0.30541324615478516, 0.4073173999786377, 0.37346696853637695, 0.36351871490478516, 0.4489760398864746, 0.42876172065734863, 0.38959479331970215, 0.3903169631958008, 0.43137598037719727]",Me gusta caminar la ciudad cuando hace buen tiempo.,24,2,1,0
0,no,0,0,0,100,101,no,no,0,"[0.4061460494995117, 0.4291999340057373, 0.4442894458770752, 0.4322032928466797, 0.4839305877685547, 0.40961599349975586, 0.44507503509521484, 0.45928955078125, 0.4223213195800781, 0.3792109489440918, 0.6888284683227539]",El técnico reparó el ordenador a un cliente en la tienda.,24,0,1,0
0,no,0,0,0,100,102,no,no,0,"[0.38680171966552734, 0.4170706272125244, 0.41483283042907715, 0.40214037895202637, 0.5257871150970459, 0.36062145233154297, 0.6324448585510254, 0.3382844924926758, 0.4697246551513672, 0.5573248863220215]",Isabel enseñó la receta a su prima en la cocina.,24,0,1,0
0,no,0,0,0,101,103,no,no,0,"[0.43007659912109375, 0.5566604137420654, 0.4414682388305664, 0.4249272346496582, 0.5633401870727539, 0.41381072998046875, 0.44449329376220703, 0.8112282752990723, 0.7635548114776611]",Marta baila salsa con entusiasmo en las fiesta grandes.,24,2,1,0
0,no,0,0,0,100,104,no,no,0,"[0.5122904777526855, 0.46315765380859375, 0.47210121154785156, 0.44544172286987305, 0.48891472816467285, 0.4489021301269531, 0.49826765060424805, 0.39998579025268555, 1.0337536334991455]",El viento soplaba fuerte durante la tormenta de anoche.,24,2,1,0
0,no,0,0,0,100,105,no,no,0,"[0.4313242435455322, 0.6429171562194824, 0.4795517921447754, 0.4285118579864502, 0.46231770515441895, 0.6402397155761719, 0.45046234130859375, 0.6559638977050781, 0.40723204612731934, 0.40718817710876465, 1.4460601806640625]",La lluvia cayó fuerte sobre el techo durante toda la noche.,24,2,1,0
4,no,NO,0,1,100,0,yes,yes,Llegaron a la universidad cuando ya estaba cerrada.,0,Los estudiantes llegaron a la universidad antes de que cerrara.,24,1,1,0
4,no,0,0,0,100,1,yes,yes,0,0,Los niños corrieron a la plaza con sus amigos.,24,1,1,0
4,no,0,0,0,100,2,yes,yes,0,0,La conferencia empezará con puntualidad a las diez y media.,24,1,1,0
3,no,0,0,0,100,3,yes,yes,0,0,El ladrón escapó a toda prisa por la puerta trasera.,24,1,1,0
2,no,SI,0,1,41,0,yes,no,Emma pasó semanas investigando.,0,Emma investigó a la empresaria en la ciudad durante varias semanas.,24,0,1,0
1,no,0,0,0,24,1,yes,no,0,0,Coral guió la turista en el palacio en una hora.,24,3,1,0
4,no,SI,0,1,14,2,yes,no,Helena estaba jugando un partido de fútbol.,0,Helena derribó a una futbolista en el campo durante el partido.,24,1,1,0
4,no,SI,0,1,9,3,yes,no,Había fuego en la plaza.,0,Carlos quemó a una bruja en la plaza en pocos minutos.,24,1,1,0
1,no,SI,0,1,37,4,yes,no,Isabel miraba por la ventana.,0,Isabel vió a la estudiante desde su ventana durante una mañana.,24,0,1,0
1,no,0,0,0,42,5,yes,no,0,0,Ismael encontró una conocida en la carretera en pocas horas.,24,4,1,0
1,no,NO,0,1,25,6,yes,no,Pedro observó durante unos minutos.,0,Pedro observó a la planta en la oficina durante una hora.,24,2,1,0
2,no,NO,0,1,31,7,yes,no,Miguel tuvo que esperar una semana.,0,Miguel recibió la invitada en la casa en un día.,24,3,1,0
2,no,0,0,0,40,8,yes,no,0,0,Adrián percibió una mujer detrás de él durante algunos minutos.,24,4,1,0
4,no,0,0,0,21,9,yes,no,0,0,Hugo apaleó a una rebelde en la calle durante varios minutos.,24,1,1,0
1,no,NO,0,1,1,10,yes,no,Carlos tardó mucho en hacer el asalto.,0,Carlos asaltó a una conductora en el barrio en pocos instantes.,24,1,1,0
2,no,SI,0,1,39,11,yes,no,Valeria fue a un concierto.,0,Valeria admiró a una cantante en el teatro durante el concierto.,24,1,1,0
2,no,SI,0,1,8,12,yes,no,Helena estaba en el patio.,0,Helena colgó a la criminal en el patio en cinco minutos.,24,0,1,0
3,no,NO,0,1,18,13,yes,no,María iba en bicicleta.,0,María transportó a la guitarra en la furgoneta durante un día.,24,2,1,0
4,no,NO,0,1,12,14,yes,no,El combate duró varias horas.,0,Paula abatió a la resistencia en el ring en pocos minutos.,24,2,1,0
3,no,NO,0,1,6,15,yes,no,El beso tuvo lugar en un museo.,0,Francisco besó a una novia en la iglesia durante unos segundos.,24,1,1,0
3,no,0,0,0,29,16,yes,no,0,0,Alfonso miró la granjera en la colina durante dos horas.,24,3,1,0
2,no,0,0,0,35,17,yes,no,0,0,Carlos vigiló a la operación en la habitación durante unas horas.,24,2,1,0
1,no,0,0,0,30,18,yes,no,0,0,Carlos esperó la furgoneta en la esquina durante una hora.,24,5,1,0
3,no,0,0,0,38,19,yes,no,0,0,Unai amó a la jovencita en su pueblo durante varios años.,24,0,1,0
0,no,SI,0,1,0,20,yes,no,La acción tuvo lugar en la calle.,0,Juan golpeó la piedra en la calle en diez segundos.,24,5,1,0
0,no,0,0,0,4,21,yes,no,0,0,Jorge arrolló la valla en la calle en un segundo.,24,5,1,0
0,no,0,0,0,5,22,yes,no,0,0,Manuel abrazó a una señora en el parque en pocos instantes.,24,1,1,0
3,no,NO,0,1,46,23,yes,no,Alejandro estaba en el centro comercial.,0,Alejandro identificó a la agresora en el aeropuerto en dos horas.,24,0,1,0
3,no,0,0,0,33,24,yes,no,0,0,Marco imaginó la fiesta en la playa durante dos minutos.,24,5,1,0
1,no,0,0,0,48,25,yes,no,0,0,Samuel descubrió la tabla en el museo en pocas horas.,24,5,1,0
0,no,0,0,0,13,26,yes,no,0,0,Martina atropelló a la carreta en el aparcamiento en pocos minutos.,24,2,1,0
1,no,0,0,0,36,27,yes,no,0,0,Irene oyó una niña en la sala durante una noche.,24,4,1,0
1,no,0,0,0,19,28,yes,no,0,0,Lucas arrastró una víctima en la calle por un tiempo.,24,4,1,0
0,no,0,0,0,20,29,yes,no,0,0,Claudia maltrató la compañera en la casa durante varios años.,24,3,1,0
3,no,0,0,0,44,30,yes,no,0,0,Martín detectó una intrusa en el hospital en dos minutos.,24,4,1,0
0,no,SI,0,1,22,31,yes,no,Hubo un asedio en la región.,0,Carla asedió a la contrincante en la región durante bastante tiempo.,24,0,1,0
3,no,0,0,0,10,32,yes,no,0,0,Mateo eliminó a la rehén en el banco en pocos segundos.,24,0,1,0
1,no,0,0,0,23,33,yes,no,0,0,Daniel remolcó la enferma en la calle durante algunos minutos.,24,3,1,0
2,no,SI,0,1,27,34,yes,no,Felipe es presentador de teatro.,0,Felipe anunció la cantante en el escenario en cinco minutos.,24,3,1,0
2,no,NO,0,1,34,35,yes,no,Carmen vio una representación teatral.,0,Carmen odió a la vendedora en el cine durante la película.,24,0,1,0
2,no,0,0,0,49,36,yes,no,0,0,Alba mencionó a la ciudad en el teatro tras varios minutos.,24,2,1,0
3,no,NO,0,1,16,37,yes,no,La guerra duró más de dos años.,0,Valentina venció la resistencia en la guerra en dos años.,24,5,1,0
3,no,0,0,0,11,38,yes,no,0,0,Valeria neutralizó a la bomba en la frontera en cinco minutos.,24,2,1,0
3,no,0,0,0,45,39,yes,no,0,0,Gabriela localizó la bodega en la ciudad en dos minutos.,24,5,1,0
0,no,NO,0,1,2,40,yes,no,La acción tuvo lugar en el parque.,0,Simón pateó la jugadora en la cancha en un instante.,24,3,1,0
3,no,SI,0,1,15,41,yes,no,Lucia estuvo en una pelea de bar.,0,Lucía destrozó la oponente en el bar en diez minutos.,24,3,1,0
0,no,SI,0,1,28,42,yes,no,Anna estaba en la escuela.,0,Anna comprendió una maestra en la escuela en dos minutos.,24,4,1,0
3,no,0,0,0,47,43,yes,no,0,0,Marta descartó a una aspirante en la selección en un día.,24,1,1,0
3,no,0,0,0,26,44,yes,no,0,0,Juan escuchó una vecina en el balcón durante una noche.,24,4,1,0
0,no,0,0,0,43,45,yes,no,0,0,Sofía conoció a la verdad en el colegio en dos días.,24,2,1,0
2,no,SI,0,1,32,46,yes,no,Martin estaba en el hospital.,0,Martín buscó una médica en el hospital durante dos horas.,24,4,1,0
0,no,0,0,0,7,47,yes,no,0,0,Tomás empujó la silla a la puerta en pocos segundos.,24,5,1,0
2,no,SI,0,1,3,48,yes,no,Lo que Pedro hizo fue un secuestro.,0,Pablo secuestró a la turista en el aeropuerto durante una hora.,24,0,1,0
2,no,0,0,0,17,49,yes,no,0,0,Luis zarandeó la muñeca en la casa durante algunos minutos.,24,5,1,0
0,yes,0,0,0,17,0,yes,no,0,0,Lo que Martín hizo a la médica fue buscarla.,24,6,1,0
0,yes,0,0,0,17,1,yes,no,0,0,Lo que Maria hizo a la mochilera fue transportarla.,24,6,1,0
2,yes,0,0,0,17,2,yes,no,0,0,Lo que Carlos hizo a la bruja fue quemarla.,24,6,1,0
0,yes,0,0,0,17,3,yes,no,0,0,Lo que Carlos hizo a la niña fue vigilarla.,24,6,1,0
0,yes,0,0,0,17,4,yes,no,0,0,Lo que Carlos hizo a la profesora fue esperarla.,24,6,1,0
2,yes,0,0,0,17,5,yes,no,0,0,Lo que Simón le hizo a la jugadora fue patearla.,24,6,1,0
0,yes,0,0,0,17,6,yes,no,0,0,Lo que Anna hizo a la maestra fue comprenderla.,24,6,1,0
0,yes,0,0,0,17,7,yes,no,0,0,Lo que Martín hizo a la intrusa fue detectarla.,24,6,1,0
0,yes,0,0,0,17,8,yes,no,0,0,Lo que Marco hizo a la amiga fue imaginarla.,24,6,1,0
0,yes,0,0,0,17,9,yes,no,0,0,Lo que Pedro hizo a la secretaria fue observarla.,24,6,1,0
0,yes,0,0,0,17,10,yes,no,0,0,Lo que Unai hizo a la jovencita fue amarla.,24,6,1,0
2,yes,0,0,0,17,11,yes,no,0,0,Lo que Martina hizo a la anciana fue atropellarla.,24,6,1,0
0,yes,0,0,0,17,12,yes,no,0,0,Lo que Francisco hizo a la novia fue besarla.,24,6,1,0
0,yes,0,0,0,17,13,yes,no,0,0,Lo que Daniel hizo a la enferma fue remolcarla.,24,6,1,0
0,yes,0,0,0,17,14,yes,no,0,0,Lo que Lucía hizo a la oponente fue destrozarla.,24,6,1,0
2,yes,0,0,0,17,15,yes,no,0,0,Lo que Juan le hizo a la actriz fue golpearla.,24,6,1,0
0,yes,0,0,0,17,16,yes,no,0,0,Lo que Valentina hizo a la adversaria fue vencerla.,24,6,1,0
0,yes,0,0,0,17,17,yes,no,0,0,Lo que Isabel hizo a la estudiante fue verla.,24,6,1,0
1,yes,0,0,0,17,18,yes,no,0,0,Lo que Paula hizo a la contrincante fue abatirla.,24,6,1,0
0,yes,0,0,0,17,19,yes,no,0,0,Lo que Sofía hizo a la chica fue conocerla.,24,6,1,0
0,no,0,0,0,100,0,no,yes,0,"[4.719580888748169, 0.926032304763794, 0.9648654460906982, 0.5906081199645996, 0.6085953712463379, 0.6379861831665039, 0.6469845771789551, 0.6398639678955078, 0.9692296981811523]",Los niños corrieron a la plaza con sus amigos.,25,1,0,0
0,no,NO,E,1,100,1,no,yes,Llegaron a la universidad cuando ya estaba cerrada.,"[1.1620583534240723, 0.6826231479644775, 0.6637225151062012, 0.8281023502349854, 0.5254521369934082, 0.8122990131378174, 0.7421560287475586, 0.7517974376678467, 0.6705727577209473, 0.8193709850311279]",Los estudiantes llegaron a la universidad antes de que cerrara.,25,1,0,0
0,no,0,0,0,100,2,no,yes,0,"[0.9775209426879883, 1.6432249546051025, 1.5341453552246094, 0.933544397354126, 1.2488930225372314, 0.9708778858184814, 0.9659795761108398, 0.8663198947906494, 0.799231767654419, 1.0610554218292236]",La conferencia empezará con puntualidad a las diez y media.,25,1,0,0
0,no,0,0,0,100,3,no,yes,0,"[1.5727310180664062, 0.8863606452941895, 0.1474900245666504, 1.0500855445861816, 0.877572774887085, 0.8747689723968506, 0.6572706699371338, 0.8572876453399658, 1.0151424407958984, 0.6309928894042969]",El ladrón escapó a toda prisa por la puerta trasera.,25,1,0,0
0,no,0,0,0,100,0,no,no,0,"[0.9855170249938965, 0.10950446128845215, 1.5446693897247314, 1.6789052486419678, 0.9853637218475342, 0.9773948192596436, 0.6190347671508789, 0.4743344783782959, 0.5180342197418213, 0.8415706157684326]",El anciano hablaba a solas consigo mismo en el jardín.,25,1,0,0
0,no,SI,A,1,22,1,no,no,Hubo un asedio en la región.,"[0.8346223831176758, 1.359246015548706, 0.5712871551513672, 1.0032930374145508, 0.504997730255127, 0.5818333625793457, 0.825423002243042, 2.096235990524292, 0.46041297912597656, 0.6279354095458984]",Carla asedió la ciudad en la región durante bastante tiempo.,25,5,0,0
0,no,0,0,0,101,2,no,no,0,"[0.9239575862884521, 0.685983419418335, 0.7306826114654541, 0.6940999031066895, 0.7454442977905273, 0.7234234809875488, 2.0797059535980225, 0.4169795513153076, 0.5582506656646729]",Me gusta caminar la ciudad cuando hace buen tiempo.,25,2,0,0
0,no,0,0,0,100,3,no,no,0,"[1.1822664737701416, 0.4761531352996826, 0.764427661895752, 0.8225314617156982, 0.513221263885498, 0.7561240196228027, 0.7125811576843262, 0.4346485137939453, 0.4624180793762207, 0.7544252872467041]",El niño duerme tranquilo en su cama todas las noches.,25,2,0,0
0,no,0,0,0,4,4,no,no,0,"[1.8616392612457275, 0.9899561405181885, 1.1698036193847656, 1.6092936992645264, 0.3722097873687744, 0.7059917449951172, 1.4616789817810059, 0.5229842662811279, 0.7280988693237305, 0.6972720623016357]",Jorge arrolló la ciclista en la calle en un segundo.,25,3,0,0
0,no,0,0,0,101,5,no,no,0,"[1.265023946762085, 0.7335531711578369, 0.5725176334381104, 0.6582214832305908, 0.481579065322876, 1.5496113300323486, 0.47362232208251953, 0.4951822757720947, 0.533757209777832, 0.6508963108062744]",Jorge compró un regalo su novia en el centro comercial.,25,0,0,0
0,no,NO,E,1,100,6,no,no,El tren llegó con retraso.,"[1.0072195529937744, 0.6042771339416504, 0.5214066505432129, 0.5827751159667969, 0.5425209999084473, 0.502460241317749, 2.899113655090332, 0.40009284019470215, 0.9317488670349121, 1.6390647888183594]",El tren llegó puntual a la estación bajo la lluvia.,25,2,0,0
0,no,SI,A,1,101,7,no,no,El camarero sonrió.,"[0.5004382133483887, 0.7067511081695557, 1.3212411403656006, 0.6060783863067627, 0.6572108268737793, 2.0937857627868652, 0.5765728950500488, 0.5338106155395508, 0.4074251651763916, 0.4188816547393799, 0.5445261001586914]",El camarero trajo el cuenta a los clientes con una sonrisa.,25,0,0,0
0,no,0,0,0,101,8,no,no,0,"[0.6151454448699951, 0.6884796619415283, 0.4729914665222168, 0.5663430690765381, 0.7309439182281494, 0.4538438320159912, 0.6523823738098145, 0.9587469100952148, 0.4355759620666504, 0.9630513191223145]",Laura mostró las fotos a sus amigas en la parque.,25,0,0,0
0,no,SI,A,1,14,9,no,no,Helena estaba jugando un partido de fútbol.,"[0.7868938446044922, 2.079047679901123, 0.5363686084747314, 0.4626038074493408, 0.5911169052124023, 0.6739523410797119, 0.4073173999786377, 0.5780813694000244, 0.8001930713653564, 0.5280170440673828, 0.8106436729431152]",Helena derribó a una futbolista en el campo durante el partido.,25,1,0,0
0,no,0,0,0,100,10,no,no,0,"[1.0368213653564453, 0.46421265602111816, 0.741525411605835, 0.3985774517059326, 0.38549113273620605, 0.47217798233032227, 0.5180294513702393, 0.5889008045196533, 0.6750915050506592, 0.6550023555755615, 3.220994710922241]",La lluvia cayó fuerte sobre el techo durante toda la noche.,25,2,0,0
0,no,0,0,0,100,11,no,no,0,"[1.2846806049346924, 0.42084360122680664, 0.3932673931121826, 0.6593499183654785, 0.6136665344238281, 0.48196864128112793, 0.5426590442657471, 0.715740442276001, 0.6200978755950928, 1.683633804321289]",Isabel enseñó la receta a su prima en la cocina.,25,0,0,0
0,no,SI,A,1,100,12,no,no,Ana estaba en la biblioteca.,"[0.7570531368255615, 0.5227756500244141, 0.3862311840057373, 0.3645060062408447, 0.42565274238586426, 0.3752272129058838, 0.33042097091674805, 0.3953530788421631, 0.38579607009887695, 0.4628605842590332]",Nos encontramos con Ana después de clase en la biblioteca.,25,2,0,0
0,no,SI,A,1,101,13,no,no,El bebé sonrió a su madre.,"[0.5151157379150391, 0.401505708694458, 0.4253530502319336, 2.4993839263916016, 0.5526304244995117, 0.3408496379852295, 0.3349268436431885, 0.4094088077545166, 0.3408207893371582, 0.4779338836669922]",El bebé sonreí dulcemente a su madre desde la cuna.,25,1,0,0
0,no,0,0,0,49,14,no,no,0,"[0.4630112648010254, 0.5449936389923096, 0.3314483165740967, 0.3278534412384033, 0.45352911949157715, 0.5385243892669678, 0.47690391540527344, 0.5664980411529541, 0.45688557624816895, 0.6791694164276123, 0.7444019317626953]",Alba mencionó a la ciudad en el teatro tras varios minutos.,25,2,0,0
0,no,NO,E,1,46,15,no,no,Alejandro estaba en el centro comercial.,"[0.6075258255004883, 0.5549747943878174, 0.4642195701599121, 0.5127608776092529, 0.41412997245788574, 0.3436884880065918, 0.40810298919677734, 0.374755859375, 0.4462573528289795, 0.5843582153320312]",Alejandro identificó la amenaza en el aeropuerto en dos horas.,25,5,0,0
0,no,SI,A,1,0,16,no,no,La acción tuvo lugar en la calle.,"[0.5690433979034424, 0.4062221050262451, 0.4671757221221924, 0.5521068572998047, 0.5332181453704834, 0.4854865074157715, 0.5885729789733887, 0.5027666091918945, 0.36983346939086914, 0.6166591644287109]",Juan golpeó la actriz en la calle en diez segundos.,25,3,0,0
0,no,0,0,0,100,17,no,no,0,"[0.5875144004821777, 1.2242906093597412, 0.8706705570220947, 0.48635077476501465, 1.4833683967590332, 0.43353939056396484, 0.4504837989807129, 0.8708913326263428, 0.5167770385742188]",Carlos estornudó fuerte en medio de la reunión ayer.,25,2,0,0
0,no,0,0,0,23,18,no,no,0,"[0.7217836380004883, 0.7882499694824219, 1.1349155902862549, 0.9173574447631836, 0.6400673389434814, 0.6841859817504883, 0.5120420455932617, 0.5617930889129639, 0.7373113632202148, 0.6690673828125]",Daniel remolcó la motocicleta en la calle durante algunos minutos.,25,5,0,0
0,no,SI,A,1,100,19,no,no,La cena se preparó en casa.,"[0.817753791809082, 0.4448387622833252, 0.3886566162109375, 0.48645758628845215, 0.4615190029144287, 0.4693162441253662, 0.5219123363494873, 0.45166730880737305, 0.504065990447998, 0.4117753505706787, 0.6619052886962891]",Mi madre preparó la cena a toda la familia en casa.,25,0,0,0
0,no,NO,E,1,25,20,no,no,Pedro observó durante unos minutos.,"[0.550703763961792, 0.4426431655883789, 0.408078670501709, 0.42554283142089844, 0.36933255195617676, 0.36926722526550293, 0.3236544132232666, 0.3607966899871826, 0.41647839546203613, 0.5697999000549316]",Pedro observó la planta en la oficina durante una hora.,25,5,0,0
0,no,0,0,0,17,21,no,no,0,"[0.5817446708679199, 0.38030576705932617, 1.1668596267700195, 0.44333791732788086, 0.5219321250915527, 0.4659574031829834, 0.40635085105895996, 0.4832782745361328, 0.5105435848236084, 0.4454333782196045, 0.6357400417327881]",Luis zarandeó a la mujer en la casa durante algunos minutos.,25,0,0,0
0,no,0,0,0,44,22,no,no,0,"[1.0107874870300293, 0.4412872791290283, 0.36763453483581543, 0.3962583541870117, 0.4369328022003174, 0.4678058624267578, 0.5745096206665039, 0.6048777103424072, 0.8615989685058594, 1.2847554683685303]",Martín detectó la intrusa en el hospital en dos minutos.,25,3,0,0
0,no,SI,A,1,100,23,no,no,Ellos corren en el centro.,"[0.5984451770782471, 0.333418607711792, 0.28899502754211426, 0.32608962059020996, 0.4537010192871094, 0.402695894241333, 0.39563536643981934, 0.7137265205383301, 0.88104248046875, 1.2275421619415283]",Ellos corren todas las mañanas por el parque del centro.,25,2,0,0
0,no,SI,E,1,3,24,no,no,Lo que Pedro hizo fue un secuestro.,"[0.535757303237915, 1.6948633193969727, 0.38752031326293945, 0.5003156661987305, 0.43871402740478516, 0.4948294162750244, 1.347137451171875, 0.6647157669067383, 0.7113242149353027, 1.4696133136749268]",Pablo secuestró la camioneta en el aeropuerto durante una hora.,25,5,0,0
0,no,SI,A,1,37,25,no,no,Isabel miraba por la ventana.,"[0.6364881992340088, 0.39156508445739746, 0.3580801486968994, 0.4826951026916504, 0.5709187984466553, 1.0800583362579346, 0.480910062789917, 0.5352375507354736, 1.4141359329223633, 1.238877773284912, 0.6673707962036133]",Isabel vió a la estudiante desde su ventana durante una mañana.,25,0,0,0
0,no,NO,E,1,6,26,no,no,El beso tuvo lugar en un museo.,"[0.6301000118255615, 0.39288926124572754, 0.35244226455688477, 0.3355107307434082, 0.39510059356689453, 0.4496605396270752, 0.6883714199066162, 0.6105747222900391, 0.9385566711425781, 1.6128358840942383]",Francisco besó una novia en la iglesia durante unos segundos.,25,4,0,0
0,no,0,0,0,100,27,no,no,0,"[0.5208938121795654, 0.4566226005554199, 1.6175405979156494, 0.4303262233734131, 1.425898790359497, 0.7414829730987549, 0.48034143447875977, 2.3671255111694336, 0.5638320446014404, 0.3694579601287842, 0.49222874641418457]",El técnico reparó el ordenador a un cliente en la tienda.,25,0,0,0
0,no,0,0,0,101,28,no,no,0,"[0.5813620090484619, 0.525482177734375, 0.9405608177185059, 1.67181396484375, 0.39723682403564453, 0.5236048698425293, 0.41091275215148926, 0.5167214870452881, 0.39635443687438965, 0.8004007339477539]",El perro ladran fuerte cada vez que pasa un coche.,25,2,0,0
0,no,SI,E,1,101,29,no,no,Clara fue a la farmacia con su hermana.,"[0.600985050201416, 0.33226966857910156, 0.28847503662109375, 0.36469340324401855, 0.8433547019958496, 0.5126492977142334, 0.5216567516326904, 0.6162028312683105, 0.6297256946563721, 1.698486089706421, 0.5077283382415771]",Clara fue con su hermanas a la farmacia después del desayuno.,25,1,0,0
0,no,NO,E,1,100,30,no,no,El niño juega solo en el parque.,"[0.4915733337402344, 0.4175853729248047, 0.331256628036499, 0.32520556449890137, 0.33806896209716797, 0.3771390914916992, 0.36724352836608887, 0.4470670223236084, 0.36908769607543945, 0.42125964164733887]",El niño juega en el parque con su mejor amigo.,25,2,0,0
0,no,0,0,0,43,31,no,no,0,"[0.46694397926330566, 0.6252768039703369, 0.4642190933227539, 0.6103250980377197, 0.8023943901062012, 0.4300272464752197, 0.5397391319274902, 0.5385029315948486, 0.8616011142730713, 2.2013537883758545]",Sofía conoció la chica en el colegio en dos días.,25,3,0,0
0,no,0,0,0,100,32,no,no,0,"[0.7164442539215088, 0.35939574241638184, 0.4485797882080078, 0.5523836612701416, 0.572180986404419, 0.4275670051574707, 0.5841162204742432, 0.4770848751068115, 0.3533179759979248, 0.7196626663208008]",Vamos caminando todos los días a pie hasta el colegio.,25,1,0,0
0,no,0,0,0,13,33,no,no,0,"[0.6704990863800049, 0.48319172859191895, 0.597017765045166, 0.5055840015411377, 0.5993707180023193, 0.5195121765136719, 0.41485023498535156, 0.8562560081481934, 0.8301944732666016, 0.46918535232543945, 0.903773307800293]",Martina atropelló a una anciana en el aparcamiento en pocos minutos.,25,1,0,0
0,no,0,0,0,7,34,no,no,0,"[0.7793982028961182, 0.6723840236663818, 0.5359153747558594, 0.5573229789733887, 0.5186319351196289, 0.7384402751922607, 0.591041088104248, 1.4421031475067139, 0.787543773651123, 0.6362183094024658, 0.5685851573944092]",Tomás empujó a una vieja a la puerta en pocos segundos.,25,1,0,0
0,no,0,0,0,100,35,no,no,0,"[0.6539392471313477, 0.6142604351043701, 0.631293535232544, 0.579775333404541, 0.7265419960021973, 0.9818248748779297, 0.46225857734680176, 0.8644630908966064, 0.4663050174713135, 0.7697069644927979]",El avión aterrizó sin problemas en el aeropuerto de Madrid.,25,2,0,0
0,no,0,0,0,10,36,no,no,0,"[1.2711186408996582, 0.6572279930114746, 0.5749626159667969, 0.5882835388183594, 0.7167501449584961, 2.9610729217529297, 0.6916866302490234, 0.7407770156860352, 0.7057211399078369, 0.48729753494262695, 0.7669494152069092]",Mateo eliminó a una rehén en el banco en pocos segundos.,25,1,0,0
0,no,SI,A,1,8,37,no,no,Helena estaba en el patio.,"[0.7503643035888672, 0.6394319534301758, 0.6481256484985352, 0.6823601722717285, 1.857863426208496, 0.40381860733032227, 0.44859910011291504, 0.664196252822876, 0.42496752738952637, 0.5380780696868896, 0.9007143974304199]",Helena colgó a una criminal en el patio en cinco minutos.,25,1,0,0
0,no,0,0,0,101,38,no,no,0,"[0.6424198150634766, 0.39219236373901367, 0.4342079162597656, 0.8326375484466553, 0.5214014053344727, 0.7360973358154297, 0.33005332946777344, 0.8722407817840576]",Salimos temprano para evitar el tráfico la carretera.,25,2,0,0
0,no,0,0,0,100,39,no,no,0,"[0.6539969444274902, 0.3521597385406494, 0.2997159957885742, 0.4866979122161865, 0.4380192756652832, 0.39071083068847656, 0.6548004150390625, 0.5060515403747559, 0.6085751056671143, 0.7428560256958008]",Los pájaros vuelan alto sobre los árboles en primavera alegre.,25,2,0,0
0,no,0,0,0,100,40,no,no,0,"[0.5921943187713623, 0.43136096000671387, 0.37772679328918457, 0.46262168884277344, 0.4058797359466553, 0.4615519046783447, 0.6994740962982178, 1.2561872005462646, 0.3281896114349365, 0.47064876556396484]",El gato saltó a la mesa para robar la comida.,25,1,0,0
0,no,NO,E,1,101,41,no,no,El dueño fue reconocido por su gato.,"[0.498002290725708, 0.34505796432495117, 0.7128863334655762, 0.7555277347564697, 0.47022366523742676, 0.4400343894958496, 0.880023717880249, 0.42314672470092773, 0.5140211582183838, 4.842914819717407]",El perro corrió felizmente a su dueño cuando le reconoció.,25,1,0,0
0,no,0,0,0,101,42,no,no,0,"[0.4866302013397217, 1.2743430137634277, 0.9547028541564941, 0.8745908737182617, 0.46378445625305176, 0.32592082023620605, 0.3145718574523926, 0.3592963218688965, 0.6800448894500732]",La película empiezan exactamente a las ocho en punto.,25,1,0,0
0,no,SI,E,1,9,43,no,no,Había fuego en la plaza.,"[1.185694932937622, 0.42993664741516113, 0.3471367359161377, 0.38397717475891113, 0.6363093852996826, 0.4911518096923828, 0.44115352630615234, 1.5065691471099854, 0.5035285949707031, 0.12902140617370605]",Carlos quemó la página en la plaza en pocos minutos.,25,5,0,0
0,no,NO,E,1,100,44,no,no,Viajan a Argentina cada invierno.,"[0.5538733005523682, 0.3528256416320801, 0.4175996780395508, 0.4790968894958496, 0.3670780658721924, 0.37960028648376465, 0.5445187091827393, 0.633904218673706, 0.5812397003173828]",Mis padres viajan en avión a Argentina cada verano.,25,1,0,0
0,no,0,0,0,35,45,no,no,0,"[0.521101713180542, 0.8815462589263916, 1.7735018730163574, 0.5986642837524414, 0.41843247413635254, 0.8726675510406494, 3.8539726734161377, 0.5905635356903076, 0.3499002456665039, 0.5565791130065918]",Carlos vigiló una niña en la habitación durante unas horas.,25,4,0,0
0,no,0,0,0,100,46,no,no,0,"[0.9054350852966309, 0.898216962814331, 1.6641390323638916, 3.7238659858703613, 1.2485830783843994, 0.5569860935211182, 1.5371341705322266, 0.5735723972320557, 0.8673043251037598]",El viento soplaba fuerte durante la tormenta de anoche.,25,2,0,0
0,no,NO,E,1,16,47,no,no,La guerra duró más de dos años.,"[1.6190226078033447, 0.8860251903533936, 0.5447895526885986, 0.5900435447692871, 1.1233954429626465, 0.45406341552734375, 0.5966091156005859, 3.595271110534668, 0.3339860439300537, 0.3219435214996338, 0.507455587387085]",Valentina venció a la adversaria en la guerra en dos años.,25,0,0,0
0,no,NO,E,1,18,48,no,no,María iba en bicicleta.,"[0.8335673809051514, 0.547661304473877, 0.586918830871582, 0.7657387256622314, 0.4177532196044922, 0.4580543041229248, 1.7519655227661133, 1.4591524600982666, 0.3463022708892822, 0.6007134914398193]",María transportó la mochilera en la furgoneta durante un día.,25,3,0,0
0,no,0,0,0,101,49,no,no,0,"[0.7123098373413086, 0.5192792415618896, 0.3606526851654053, 0.4591352939605713, 0.41786932945251465, 0.40062904357910156, 0.407193660736084, 1.191786289215088, 0.42754483222961426, 0.7867169380187988]",Sara contó la historia a sus hijo antes de dormir.,25,0,0,0
0,no,0,0,0,100,50,no,no,0,"[0.9150378704071045, 0.6470136642456055, 0.4896531105041504, 0.4367184638977051, 0.5558040142059326, 0.4107956886291504, 0.3853275775909424, 0.4578886032104492, 0.41635608673095703, 0.6564908027648926]",Estuvieron caminando a la orilla del mar toda la tarde.,25,1,0,0
0,no,SI,A,1,41,51,no,no,Emma pasó semanas investigando.,"[0.8065173625946045, 0.4030649662017822, 0.4365408420562744, 0.40135788917541504, 0.542733907699585, 1.948669195175171, 0.5738077163696289, 0.5582072734832764, 0.45687055587768555, 0.648796796798706, 0.5837240219116211]",Emma investigó a la empresaria en la ciudad durante varias semanas.,25,0,0,0
0,no,0,0,0,42,52,no,no,0,"[0.592017412185669, 0.4674367904663086, 0.3876066207885742, 0.6106939315795898, 0.6658101081848145, 0.34244227409362793, 0.29493260383605957, 0.7034122943878174, 1.237267017364502, 1.0079002380371094, 1.5409140586853027]",Ismael encontró a la conocida en la carretera en pocas horas.,25,0,0,0
0,no,0,0,0,100,53,no,no,0,"[0.6506922245025635, 0.4549071788787842, 0.4870150089263916, 0.4237847328186035, 0.5390529632568359, 0.4835808277130127, 0.39534974098205566, 0.5431561470031738, 0.487668514251709, 0.4724009037017822, 0.6050267219543457]",El jefe asignó una tarea a cada empleado en la reunión.,25,0,0,0
0,no,0,0,0,30,54,no,no,0,"[0.5218522548675537, 0.42089319229125977, 0.43815040588378906, 0.49510955810546875, 0.9101331233978271, 0.7246551513671875, 0.5862545967102051, 0.4390285015106201, 0.4141995906829834, 0.89011549949646]",Carlos esperó la furgoneta en la esquina durante una hora.,25,5,0,0
0,no,SI,A,1,28,55,no,no,Anna estaba en la escuela.,"[0.5547401905059814, 0.4781670570373535, 0.5094025135040283, 0.580059289932251, 1.201486587524414, 0.5853061676025391, 0.7116293907165527, 0.519237756729126, 0.5158910751342773, 1.0641226768493652]",Anna comprendió una maestra en la escuela en dos minutos.,25,4,0,0
0,no,NO,E,1,101,56,no,no,El avión despegó con retraso.,"[1.328303575515747, 0.40120816230773926, 0.398895263671875, 0.4943671226501465, 1.442716121673584, 0.3898441791534424, 0.6651451587677002, 0.41704368591308594, 0.4346742630004883, 0.7318148612976074]",El avión despegó puntualmente a la siete de la mañana.,25,1,0,0
0,no,0,0,0,5,57,no,no,0,"[0.572845458984375, 0.5151994228363037, 0.928166389465332, 2.0485453605651855, 0.427142858505249, 0.4551539421081543, 1.6688644886016846, 0.37903881072998047, 0.5413703918457031, 3.8451590538024902]",Manuel abrazó la planta en el parque en pocos instantes.,25,5,0,0
0,no,NO,E,1,100,58,no,no,Ayer fueron al teatro.,"[0.8202188014984131, 0.4830048084259033, 0.3729259967803955, 0.41115665435791016, 0.529893159866333, 0.33303070068359375, 0.3455517292022705, 0.4472224712371826, 0.640160083770752]",Ayer fueron al cine a ver una película divertida.,25,2,0,0
0,no,0,0,0,45,59,no,no,0,"[0.5017409324645996, 1.2302587032318115, 0.5880510807037354, 2.164999008178711, 0.535322904586792, 0.3354794979095459, 0.5169713497161865, 0.30898284912109375, 0.6527624130249023, 0.7106926441192627]",Gabriela localizó la amiga en la ciudad en dos minutos.,25,3,0,0
0,no,0,0,0,100,60,no,no,0,"[0.6991636753082275, 0.3715219497680664, 0.36107659339904785, 1.0175604820251465, 1.10732102394104, 0.5036232471466064, 0.3841972351074219, 0.5169944763183594, 0.4936501979827881, 0.3723468780517578, 0.7926125526428223]",Me encontré inesperadamente a Paula en el tren de las siete.,25,1,0,0
0,no,0,0,0,26,61,no,no,0,"[0.5439639091491699, 0.37694382667541504, 0.5971229076385498, 0.5291204452514648, 1.2092347145080566, 0.3284435272216797, 0.6927180290222168, 0.8649687767028809, 3.5955586433410645, 0.3128321170806885, 0.555347204208374]",Juan escuchó a la vecina en el balcón durante una noche.,25,0,0,0
0,no,NO,E,1,12,62,no,no,El combate duró varias horas.,"[0.5810918807983398, 0.9139015674591064, 0.44497251510620117, 0.10905122756958008, 1.3271524906158447, 0.9249210357666016, 0.7143490314483643, 0.7841284275054932, 0.1557016372680664, 1.2435846328735352, 0.8644020557403564]",Paula abatió a la resistencia en el ring en pocos minutos.,25,2,0,0
0,no,NO,E,1,2,63,no,no,La acción tuvo lugar en el parque.,"[0.9904129505157471, 4.632236480712891, 0.5515477657318115, 0.725200891494751, 0.3807792663574219, 0.4580416679382324, 0.8894174098968506, 1.249849796295166, 1.4145033359527588, 2.222809076309204]",Simón pateó una jugadora en la cancha en un instante.,25,4,0,0
0,no,0,0,0,101,64,no,no,0,"[0.5875303745269775, 0.7306263446807861, 0.46173787117004395, 0.5614678859710693, 0.7568774223327637, 0.6299769878387451, 0.7512006759643555, 1.2824320793151855, 0.753248929977417]",Marta baila salsa con entusiasmo en las fiesta grandes.,25,2,0,0
0,no,SI,A,1,32,65,no,no,Martin estaba en el hospital.,"[0.6869089603424072, 0.5549957752227783, 0.36015820503234863, 0.4539368152618408, 3.354635715484619, 0.6053454875946045, 0.6189017295837402, 0.7926173210144043, 0.5033876895904541, 0.36464500427246094, 0.5267562866210938]",Martín buscó a la escalera en el hospital durante dos horas.,25,2,0,0
0,no,0,0,0,101,66,no,no,0,"[0.4463503360748291, 0.4590129852294922, 0.5558774471282959, 1.7177565097808838, 0.46602964401245117, 0.5998976230621338, 0.8370034694671631, 1.233180046081543, 0.309354305267334, 0.44147396087646484]",Mi primo viaja sola por Europa durante el verano próximo.,25,2,0,0
0,no,NO,E,1,31,67,no,no,Miguel tuvo que esperar una semana.,"[0.7173206806182861, 0.6954517364501953, 0.7305305004119873, 2.656381130218506, 0.29593491554260254, 0.42382121086120605, 0.5936634540557861, 0.328136682510376, 0.4713454246520996, 0.7484779357910156]",Miguel recibió la invitada en la casa en un día.,25,3,0,0
0,no,SI,A,1,101,68,no,no,Maria y su hermana estaban en la biblioteca.,"[0.8137304782867432, 0.43253326416015625, 0.5106985569000244, 0.5768387317657471, 0.47739148139953613, 0.740652322769165, 0.677471399307251, 0.3643758296966553, 0.6224477291107178]",María dio el libro su hermana en la biblioteca.,25,0,0,0
0,no,NO,E,1,34,69,no,no,Carmen vio una representación teatral.,"[0.5926733016967773, 0.37801170349121094, 4.618335962295532, 0.6793432235717773, 0.710223913192749, 0.43816423416137695, 0.4714241027832031, 0.4286000728607178, 0.5125746726989746, 0.43192028999328613, 0.4862351417541504]",Carmen odió a la música en el cine durante la película.,25,2,0,0
0,no,NO,E,1,101,70,no,no,El profesor y los alumnos estaban fuera del aula.,"[0.4736053943634033, 0.5556204319000244, 0.44342613220214844, 0.7664191722869873, 0.49692678451538086, 1.3330118656158447, 0.5660488605499268, 0.4006690979003906, 0.5760307312011719]",El profesor explicó la lección los alumnos en clase.,25,0,0,0
0,no,0,0,0,38,71,no,no,0,"[1.3926119804382324, 0.6638915538787842, 0.5275921821594238, 0.7068700790405273, 0.768613338470459, 1.1968507766723633, 0.6464223861694336, 1.1639235019683838, 0.7827751636505127, 0.4198791980743408, 0.39689040184020996]",Unai amó a la vida en su pueblo durante varios años.,25,2,0,0
0,no,SI,A,1,15,72,no,no,Lucia estuvo en una pelea de bar.,"[0.6650922298431396, 0.7111828327178955, 0.43451690673828125, 0.4763023853302002, 0.5393791198730469, 0.4419095516204834, 0.3276329040527344, 0.3524811267852783, 0.38936495780944824, 0.41637516021728516, 0.5289740562438965]",Lucía destrozó a una oponente en el bar en diez minutos.,25,1,0,0
0,no,0,0,0,20,73,no,no,0,"[0.588097095489502, 0.8518180847167969, 0.34095096588134766, 0.4220280647277832, 0.5598959922790527, 0.3918740749359131, 0.49255990982055664, 0.5616064071655273, 0.5978102684020996, 0.6663706302642822, 0.6508572101593018]",Claudia maltrató a la camiseta en la casa durante varios años.,25,2,0,0
0,no,NO,E,1,100,74,no,no,El autobus llegó puntual.,"[0.5085833072662354, 0.561718225479126, 0.4895637035369873, 0.406339168548584, 0.6489078998565674, 0.942626953125, 0.38730835914611816, 0.4893062114715576, 0.5164837837219238, 0.8593249320983887, 1.765397310256958]",El autobús llegó con retraso a la parada equivocada del centro.,25,1,0,0
0,no,NO,E,1,100,75,no,no,Lucía y su compañero estaban en el salón.,"[0.6335184574127197, 0.7988226413726807, 0.7616767883300781, 0.7251484394073486, 1.1292462348937988, 0.3871889114379883, 0.7355592250823975, 0.978104829788208, 0.6606464385986328, 1.2336640357971191]",Lucía ofreció un café a su compañero en la cocina.,25,0,0,0
0,no,0,0,0,100,76,no,no,0,"[0.7148735523223877, 0.6346402168273926, 0.6426997184753418, 0.4817225933074951, 0.47362685203552246, 0.3642754554748535, 0.3269383907318115, 0.4522895812988281, 0.6364820003509521, 0.5062515735626221, 0.6823370456695557]",Mi hermano vendió su coche a un amigo de la universidad.,25,0,0,0
0,no,No,E,1,100,77,no,no,El bebé dormía plácidamente.,"[0.7830212116241455, 0.3843264579772949, 0.4913954734802246, 0.45372819900512695, 0.5368189811706543, 0.42682456970214844, 0.5053231716156006, 0.363415002822876, 0.37625765800476074, 0.529320240020752]",El bebé lloraba constantemente durante la noche sin razón aparente.,25,2,0,0
0,no,SI,A,1,100,78,no,no,Laura se fue a Inglaterra.,"[0.565403938293457, 0.5061705112457275, 0.42334461212158203, 0.4096825122833252, 0.547736406326294, 0.29681921005249023, 0.2927844524383545, 0.588212251663208, 0.6429345607757568, 0.9381937980651855]",Laura se fue de vacaciones a Londres la semana pasada.,25,1,0,0
0,no,0,0,0,100,79,no,no,0,"[0.5411872863769531, 0.7547714710235596, 0.4394514560699463, 0.4492967128753662, 0.6928431987762451, 0.5532426834106445, 0.4863259792327881, 0.5716371536254883, 0.34282541275024414, 1.636504888534546]",El mensajero entregó el paquete a Marta en su casa.,25,0,0,0
0,no,0,0,0,100,80,no,no,0,"[0.5827264785766602, 0.3687717914581299, 0.3197917938232422, 0.5439317226409912, 0.3264424800872803, 0.3449862003326416, 0.3815493583679199, 0.37735509872436523, 0.7470002174377441, 0.7091407775878906]",Miguel alquiló una bicicleta a un turista en la estación.,25,0,0,0
0,no,NO,E,1,1,81,no,no,Carlos tardó mucho en hacer el asalto.,"[0.9165759086608887, 0.4879930019378662, 0.5700323581695557, 0.7754294872283936, 0.3942725658416748, 0.4620535373687744, 0.576646089553833, 0.3693349361419678, 0.7139649391174316, 0.6109373569488525]",Carlos asaltó una conductora en el barrio en pocos instantes.,25,4,0,0
0,no,0,0,0,40,82,no,no,0,"[0.5345878601074219, 0.5610756874084473, 0.4098358154296875, 0.5582535266876221, 0.7539889812469482, 0.5570263862609863, 1.0717415809631348, 0.3185436725616455, 0.5371596813201904, 0.611577033996582]",Adrián percibió una mujer detrás de él durante algunos minutos.,25,4,0,0
0,no,0,0,0,101,83,no,no,0,"[0.566960334777832, 0.44831132888793945, 0.5829987525939941, 4.2030487060546875, 0.3697223663330078, 0.42333483695983887, 0.5259125232696533, 0.44869232177734375, 0.3975987434387207, 0.6917130947113037]",El jefe convocó urgentemente a reunión a todos el empleados.,25,1,0,0
0,no,NO,E,1,101,84,no,no,LLegaron a casa después del aconecher.,"[0.730891227722168, 0.639056921005249, 0.6810948848724365, 0.9713106155395508, 0.48431825637817383, 0.36342835426330566, 0.4936525821685791, 0.4987363815307617, 0.5051767826080322, 0.8469552993774414]",Los campesinos llegaron cansado a casa justo antes del anochecer.,25,1,0,0
0,no,0,0,0,33,85,no,no,0,"[0.6631696224212646, 0.6221945285797119, 0.4519331455230713, 0.4114501476287842, 0.4036433696746826, 0.4893636703491211, 0.6133742332458496, 0.7930023670196533, 0.398618221282959, 0.4713172912597656, 0.852595329284668]",Marco imaginó a la fiesta en la playa durante dos minutos.,25,2,0,0
0,no,NO,E,1,100,86,no,no,El coche era azul.,"[0.9278013706207275, 0.4665699005126953, 0.6309413909912109, 0.49362683296203613, 0.3951258659362793, 0.5366928577423096, 0.46680283546447754, 0.5665996074676514, 1.0596938133239746, 0.4869108200073242]",El coche rojo aparcó frente a la casa de Marta.,25,2,0,0
0,no,0,0,0,21,87,no,no,0,"[0.6647732257843018, 0.4443521499633789, 1.3137505054473877, 0.8614926338195801, 1.4459052085876465, 1.2171707153320312, 0.7112009525299072, 1.1385600566864014, 0.5096487998962402, 1.394562005996704]",Hugo apaleó una rebelde en la calle durante varios minutos.,25,4,0,0
0,no,NO,E,1,100,88,no,no,Andrés contó una historia,"[0.8616173267364502, 0.6361880302429199, 0.47476744651794434, 1.110058069229126, 0.36867284774780273, 0.480053186416626, 0.5856437683105469, 0.5039174556732178, 0.3262944221496582, 0.6557459831237793]",Andrés cantó una canción a su hija antes de acostarla.,25,0,0,0
0,no,0,0,0,19,89,no,no,0,"[2.321255683898926, 0.3596622943878174, 0.515636682510376, 0.4633934497833252, 0.5175876617431641, 1.1508517265319824, 0.5243954658508301, 0.754054069519043, 0.3946108818054199, 0.48261070251464844, 1.5134291648864746]",Lucas arrastró a una víctima en la calle por un tiempo.,25,1,0,0
0,no,0,0,0,29,90,no,no,0,"[0.6578726768493652, 0.49512577056884766, 0.41373419761657715, 0.41352295875549316, 0.44367194175720215, 1.3416342735290527, 0.5610387325286865, 0.5322444438934326, 0.6540520191192627, 1.537165641784668, 0.5209212303161621]",Alfonso miró a la granjera en la colina durante dos horas.,25,0,0,0
0,no,0,0,0,47,91,no,no,0,"[0.8189775943756104, 0.8219223022460938, 0.8926692008972168, 0.8586106300354004, 0.4725620746612549, 0.4783506393432617, 1.4898018836975098, 0.41262221336364746, 0.5758209228515625, 1.2810094356536865]",Marta descartó la sospecha en la selección en un día.,25,5,0,0
0,no,0,0,0,100,92,no,no,0,"[0.7757260799407959, 0.4678938388824463, 0.35892176628112793, 0.8262455463409424, 0.47087860107421875, 0.4802253246307373, 1.603203296661377, 1.352630615234375, 0.4704263210296631, 0.776294469833374]",Julia pasó la sal a su madre durante la cena.,25,0,0,0
0,no,0,0,0,100,93,no,no,0,"[0.7353434562683105, 0.749997615814209, 0.5334827899932861, 0.49457597732543945, 0.43422698974609375, 0.8625156879425049, 0.7269885540008545, 0.6887097358703613, 0.5520498752593994, 0.9726989269256592]",Rosa recomendó un libro a su colega durante el almuerzo.,25,0,0,0
0,no,0,0,0,48,94,no,no,0,"[0.6302721500396729, 0.7519216537475586, 0.5768647193908691, 0.6925327777862549, 0.7279019355773926, 0.3713648319244385, 0.5248105525970459, 0.6638810634613037, 0.6491873264312744, 1.05837082862854, 0.49429774284362793]",Samuel descubrió a la infiltrada en el museo en pocas horas.,25,0,0,0
0,no,SI,A,1,100,95,no,no,Ana escribió la carta desde la playa.,"[0.6682312488555908, 0.722327470779419, 0.49301743507385254, 0.6342017650604248, 0.4708888530731201, 0.6349532604217529, 0.9596409797668457, 0.43865275382995605, 0.45975279808044434, 0.6548855304718018]",Ana escribió una carta a su abuela desde la playa.,25,0,0,0
0,no,0,0,0,11,96,no,no,0,"[0.5479919910430908, 1.3457286357879639, 1.562291145324707, 0.6585984230041504, 0.4116785526275635, 0.46045780181884766, 3.826638698577881, 0.3403501510620117, 0.3787727355957031, 0.643134593963623]",Valeria neutralizó la criminal en la frontera en cinco minutos.,25,3,0,0
0,no,0,0,0,101,97,no,no,0,"[0.6873958110809326, 1.2219820022583008, 0.5304710865020752, 0.5161347389221191, 0.3817324638366699, 0.8535690307617188, 0.4892268180847168, 0.7681787014007568, 0.5106227397918701]",Pedro devolvió el libro la biblioteca el lunes pasado.,25,0,0,0
0,no,NO,E,1,101,98,no,no,Luis envió un paquete a su hermano.,"[0.5995264053344727, 1.5672228336334229, 0.6058166027069092, 0.5118637084960938, 0.3659365177154541, 0.4330413341522217, 0.43402528762817383, 0.3747286796569824, 0.5875167846679688]",Luis envíe un paquete a su primo en Alemania.,25,0,0,0
0,no,SI,E,1,27,99,no,no,Felipe es presentador de teatro.,"[0.6107518672943115, 0.6823184490203857, 0.6811580657958984, 2.3164353370666504, 0.4829277992248535, 0.595782995223999, 0.7150804996490479, 0.5466268062591553, 0.43485164642333984, 0.47463512420654297]",Felipe anunció una cantante en el escenario en cinco minutos.,25,4,0,0
0,no,0,0,0,101,100,no,no,0,"[0.565143346786499, 0.39597344398498535, 0.4167156219482422, 3.879899263381958, 0.3629148006439209, 0.33898353576660156, 0.48078370094299316, 0.5194830894470215, 0.6321625709533691, 0.6320781707763672]",María se despertó sobresaltado a los gritos de su hermano.,25,1,0,0
0,no,SI,A,1,101,101,no,no,Ayer estudiaron matemáticas.,"[0.6227149963378906, 0.5792880058288574, 0.46333742141723633, 0.3399031162261963, 0.334277868270874, 1.0984253883361816, 0.6026825904846191, 0.353518009185791, 0.3959207534790039, 0.6486842632293701]",Nos sentamos juntos para estudiando matemáticas toda la tarde ayer.,25,2,0,0
0,no,SI,E,1,39,102,no,no,Valeria fue a un concierto.,"[0.7151381969451904, 0.5304977893829346, 0.3384571075439453, 0.4067807197570801, 1.5127108097076416, 0.4909098148345947, 0.9441401958465576, 2.5353333950042725, 0.5021872520446777, 0.3820075988769531, 1.541905164718628]",Valeria admiró a la escenografía en el teatro durante el concierto.,25,2,0,0
0,no,0,0,0,24,103,no,no,0,"[0.6488027572631836, 0.6598572731018066, 0.5759990215301514, 1.3528919219970703, 2.225008010864258, 0.33691906929016113, 0.5535624027252197, 1.1572520732879639, 0.5829207897186279, 0.44440460205078125, 0.7167277336120605]",Coral guió a una turista en el palacio en una hora.,25,1,0,0
0,no,0,0,0,36,104,no,no,0,"[0.7620060443878174, 0.503587007522583, 0.3950827121734619, 0.48609161376953125, 0.3769056797027588, 0.42696261405944824, 0.39550042152404785, 0.5053894519805908, 0.3998904228210449, 0.6385383605957031, 1.8361546993255615]",Irene oyó a la niña en la sala durante una noche.,25,0,0,0
0,no,SI,A,1,100,105,no,no,El gato está sobre la manta cerca del sofá.,"[0.5298430919647217, 0.4090132713317871, 0.4225037097930908, 0.30427026748657227, 0.4628639221191406, 0.3906209468841553, 0.48941826820373535, 0.8479719161987305, 0.4565286636352539, 0.6875627040863037]",El gato duerme tranquilo sobre la manta cerca del sofá.,25,2,0,0
0,no,0,0,0,100,0,no,yes,0,"[2.1321496963500977, 0.8097407817840576, 0.5333600044250488, 0.46021437644958496, 0.3697826862335205, 0.5390877723693848, 0.3736534118652344, 0.40963077545166016, 0.40030741691589355, 0.45958638191223145]",El ladrón escapó a toda prisa por la puerta trasera.,26,1,1,0
0,no,NO,E,1,100,1,no,yes,Llegaron a la universidad cuando ya estaba cerrada.,"[17.00881338119507, 0.3797879219055176, 0.3663368225097656, 0.35953783988952637, 0.3495018482208252, 0.3467390537261963, 0.34130334854125977, 0.38078999519348145, 0.30817174911499023, 0.4781525135040283]",Los estudiantes llegaron a la universidad antes de que cerrara.,26,1,1,0
0,no,0,0,0,100,2,no,yes,0,"[0.46915578842163086, 0.3778085708618164, 0.38232946395874023, 0.30027127265930176, 0.38651585578918457, 0.4008822441101074, 0.32225918769836426, 0.407057523727417, 0.4177236557006836]",Los niños corrieron a la plaza con sus amigos.,26,1,1,0
0,no,0,0,0,100,3,no,yes,0,"[1.715921401977539, 0.44469165802001953, 0.5631544589996338, 0.3886556625366211, 0.5882151126861572, 0.3785243034362793, 0.3359823226928711, 0.3349299430847168, 0.36076879501342773, 0.49140214920043945]",La conferencia empezará con puntualidad a las diez y media.,26,1,1,0
0,no,SI,E,1,100,0,no,no,Ana estaba en la biblioteca.,"[0.6723501682281494, 0.47269630432128906, 0.37465548515319824, 0.38758158683776855, 0.4034080505371094, 0.36008763313293457, 0.4568507671356201, 0.4194483757019043, 0.3588118553161621, 0.387021541595459]",Nos encontramos con Ana después de clase en la biblioteca.,26,2,1,0
0,no,0,0,0,100,1,no,no,0,"[0.6120624542236328, 0.39988040924072266, 0.36544156074523926, 0.40198659896850586, 0.44210290908813477, 0.3487231731414795, 0.3887016773223877, 0.364016056060791, 0.4091494083404541, 0.7599120140075684]",El niño duerme tranquilo en su cama todas las noches.,26,2,1,0
0,no,NO,E,1,100,2,no,no,Lucía y su compañero estaban en el salón.,"[1.14333176612854, 0.5394041538238525, 0.4205503463745117, 0.42977166175842285, 0.40897083282470703, 0.3338813781738281, 0.37920451164245605, 0.3468759059906006, 0.3407247066497803, 0.4834601879119873]",Lucía ofreció un café a su compañero en la cocina.,26,0,1,0
0,no,0,0,0,17,3,no,no,0,"[0.669377326965332, 0.43750834465026855, 0.8067467212677002, 0.44683289527893066, 0.33978271484375, 0.35979318618774414, 0.3165922164916992, 0.3220696449279785, 0.6401324272155762, 0.34961628913879395, 0.47800564765930176]",Luis zarandeó a la muñeca en la casa durante algunos minutos.,26,2,1,0
0,no,0,0,0,29,4,no,no,0,"[0.7489023208618164, 0.3206353187561035, 0.4596526622772217, 0.4146721363067627, 0.8313817977905273, 0.40517377853393555, 0.43816661834716797, 0.3999302387237549, 0.6739935874938965, 0.37279653549194336]",Alfonso miró la granjera en la colina durante dos horas.,26,3,1,0
0,no,0,0,0,100,5,no,no,0,"[0.6850473880767822, 0.4294414520263672, 0.44074249267578125, 0.49172043800354004, 0.5024538040161133, 0.3574714660644531, 0.4086623191833496, 0.42192649841308594, 0.41736292839050293]",El viento soplaba fuerte durante la tormenta de anoche.,26,2,1,0
0,no,0,0,0,45,6,no,no,0,"[0.7647998332977295, 0.43048930168151855, 0.4730343818664551, 0.3258247375488281, 0.40171027183532715, 0.3852260112762451, 0.38185644149780273, 0.38521790504455566, 0.40912318229675293, 0.3446838855743408, 0.46320390701293945]",Gabriela localizó a la bodega en la ciudad en dos minutos.,26,2,1,0
0,no,0,0,0,11,7,no,no,0,"[0.5747208595275879, 0.417161226272583, 0.45122766494750977, 0.4701356887817383, 0.45325231552124023, 0.382692813873291, 0.4376957416534424, 0.4035975933074951, 0.40968990325927734, 0.4560263156890869]",Valeria neutralizó una criminal en la frontera en cinco minutos.,26,4,1,0
0,no,SI,A,1,28,8,no,no,Anna estaba en la escuela.,"[0.8545994758605957, 0.47883176803588867, 0.40116405487060547, 0.3775348663330078, 0.44432616233825684, 0.3507246971130371, 0.3406083583831787, 0.3164815902709961, 0.3331108093261719, 0.326887845993042, 0.33599019050598145]",Anna comprendió a la maestra en la escuela en dos minutos.,26,0,1,0
0,no,0,0,0,101,9,no,no,0,"[1.5550644397735596, 0.3787264823913574, 0.37091493606567383, 0.40426206588745117, 0.4099459648132324, 0.28551268577575684, 1.1627321243286133, 0.358034610748291, 0.3729863166809082, 0.5168111324310303]",El jefe convocó urgentemente a reunión a todos el empleados.,26,1,1,0
0,no,SI,A,1,101,10,no,no,Clara fue a la farmacia con su hermana.,"[1.6704764366149902, 0.36536717414855957, 0.33705830574035645, 0.2752540111541748, 0.3379027843475342, 0.34903597831726074, 0.3572566509246826, 0.36655473709106445, 0.39132237434387207, 0.49511122703552246, 1.0664396286010742]",Clara fue con su hermanas a la farmacia después del desayuno.,26,1,1,0
0,no,No,E,1,100,11,no,no,El bebé dormía plácidamente.,"[0.631725549697876, 0.4052438735961914, 0.47019457817077637, 0.4906764030456543, 0.47768282890319824, 0.3664069175720215, 0.32909178733825684, 0.6207866668701172, 0.3627965450286865, 0.4407229423522949]",El bebé lloraba constantemente durante la noche sin razón aparente.,26,2,1,0
0,no,0,0,0,100,12,no,no,0,"[0.8319993019104004, 0.5319762229919434, 0.4142739772796631, 0.42403650283813477, 0.39856719970703125, 0.43703317642211914, 0.40311360359191895, 0.4656059741973877, 0.40734195709228516, 0.9313044548034668]",Vamos caminando todos los días a pie hasta el colegio.,26,1,1,0
0,no,0,0,0,43,13,no,no,0,"[0.6625058650970459, 0.4096403121948242, 0.3459279537200928, 0.30736303329467773, 0.29177117347717285, 0.32848310470581055, 0.3144972324371338, 0.5481836795806885, 0.359647274017334, 0.38242506980895996, 0.49091053009033203]",Sofía conoció a una chica en el colegio en dos días.,26,1,1,0
0,no,0,0,0,48,14,no,no,0,"[0.5689871311187744, 0.3916294574737549, 0.36850714683532715, 0.2912631034851074, 0.26581740379333496, 0.619391679763794, 0.3221909999847412, 0.2930638790130615, 0.42870378494262695, 0.44027066230773926, 0.4222726821899414]",Samuel descubrió a la infiltrada en el museo en pocas horas.,26,0,1,0
0,no,SI,A,1,101,15,no,no,Maria y su hermana estaban en la biblioteca.,"[0.6265897750854492, 0.35109496116638184, 0.29978442192077637, 0.32485437393188477, 0.3902409076690674, 0.5038065910339355, 0.33408212661743164, 0.3183016777038574, 0.4145619869232178]",María dio el libro su hermana en la biblioteca.,26,0,1,0
0,no,NO,E,1,101,16,no,no,LLegaron a casa después del aconecher.,"[0.61773681640625, 0.4530355930328369, 0.3844285011291504, 0.44689464569091797, 0.39594459533691406, 0.3558940887451172, 0.4357306957244873, 0.38524770736694336, 0.41051578521728516, 0.8382856845855713]",Los campesinos llegaron cansado a casa justo antes del anochecer.,26,1,1,0
0,no,0,0,0,101,17,no,no,0,"[0.7333941459655762, 0.5584290027618408, 0.3659682273864746, 0.33837413787841797, 0.37850522994995117, 0.2686185836791992, 0.3293764591217041, 0.3290863037109375, 0.4124603271484375]",La película empiezan exactamente a las ocho en punto.,26,1,1,0
0,no,NO,E,1,100,18,no,no,El niño juega solo en el parque.,"[0.5726172924041748, 0.33526015281677246, 0.30684709548950195, 0.3058156967163086, 0.27681708335876465, 0.24851512908935547, 0.26258063316345215, 0.3759622573852539, 0.3556952476501465, 0.39235472679138184]",El niño juega en el parque con su mejor amigo.,26,2,1,0
0,no,NO,E,1,100,19,no,no,Viajan a Argentina cada invierno.,"[0.4874691963195801, 0.3786957263946533, 0.3080449104309082, 0.3647010326385498, 0.3313615322113037, 0.30404233932495117, 0.33820128440856934, 0.45244431495666504, 0.6173443794250488]",Mis padres viajan en avión a Argentina cada verano.,26,1,1,0
0,no,SI,A,1,22,20,no,no,Hubo un asedio en la región.,"[0.6264030933380127, 0.4640231132507324, 2.194040298461914, 0.507504940032959, 1.321241855621338, 0.44480347633361816, 0.42209410667419434, 0.39816832542419434, 0.43959665298461914, 0.6073389053344727]",Carla asedió una contrincante en la región durante bastante tiempo.,26,4,1,0
0,no,SI,A,1,15,21,no,no,Lucia estuvo en una pelea de bar.,"[0.9761786460876465, 0.5436882972717285, 0.4020659923553467, 0.32648682594299316, 0.369110107421875, 0.3611478805541992, 0.30382728576660156, 0.3183786869049072, 0.2724032402038574, 0.3905935287475586, 0.33811426162719727]",Lucía destrozó a la oponente en el bar en diez minutos.,26,0,1,0
0,no,0,0,0,101,22,no,no,0,"[0.542691707611084, 0.38387632369995117, 0.6587738990783691, 0.4091918468475342, 0.30195093154907227, 0.28121352195739746, 0.3514683246612549, 0.3918478488922119]",Salimos temprano para evitar el tráfico la carretera.,26,2,1,0
0,no,SI,A,1,100,23,no,no,La cena se preparó en casa.,"[0.5125691890716553, 0.40219902992248535, 0.3623049259185791, 0.37227368354797363, 0.35335683822631836, 0.39581966400146484, 0.32177042961120605, 0.2821378707885742, 0.48090076446533203, 0.3342142105102539, 0.37784671783447266]",Mi madre preparó la cena a toda la familia en casa.,26,0,1,0
0,no,0,0,0,23,24,no,no,0,"[0.7601325511932373, 0.35110974311828613, 0.8785367012023926, 0.3499610424041748, 0.36623668670654297, 0.33979320526123047, 0.31331443786621094, 0.3766360282897949, 0.35538697242736816, 0.407329797744751]",Daniel remolcó la motocicleta en la calle durante algunos minutos.,26,5,1,0
0,no,SI,A,1,9,25,no,no,Había fuego en la plaza.,"[0.5456273555755615, 0.4329373836517334, 0.3429596424102783, 0.3332631587982178, 0.41634130477905273, 0.31507253646850586, 0.33976078033447266, 0.3413534164428711, 0.44821786880493164, 0.9306192398071289]",Carlos quemó la página en la plaza en pocos minutos.,26,5,1,0
0,no,SI,A,1,39,26,no,no,Valeria fue a un concierto.,"[0.6230258941650391, 0.4131941795349121, 0.35822558403015137, 0.31644773483276367, 0.2597017288208008, 0.3706395626068115, 0.4110414981842041, 0.391829252243042, 0.40364837646484375, 0.42267298698425293, 0.447812557220459]",Valeria admiró a una cantante en el teatro durante el concierto.,26,1,1,0
0,no,NO,E,1,16,27,no,no,La guerra duró más de dos años.,"[0.519775390625, 0.46098852157592773, 0.3192481994628906, 0.2709221839904785, 0.302656888961792, 0.37308669090270996, 0.3832063674926758, 0.35045361518859863, 0.40389394760131836, 0.41497302055358887, 0.461132287979126]",Valentina venció a una adversaria en la guerra en dos años.,26,1,1,0
0,no,0,0,0,30,28,no,no,0,"[0.3492112159729004, 0.41932129859924316, 0.3120276927947998, 0.34864115715026855, 0.32974839210510254, 0.25470423698425293, 0.7391307353973389, 0.5009369850158691, 0.49766111373901367, 0.49954891204833984]",Carlos esperó una profesora en la esquina durante una hora.,26,4,1,0
0,no,0,0,0,101,29,no,no,0,"[0.554589033126831, 0.3659379482269287, 0.29707980155944824, 0.29492783546447754, 1.7409467697143555, 0.36718177795410156, 0.25831055641174316, 0.3236093521118164, 0.8118419647216797, 0.5114219188690186]",El perro ladran fuerte cada vez que pasa un coche.,26,2,1,0
0,no,0,0,0,36,30,no,no,0,"[0.5049571990966797, 0.37555694580078125, 0.3505125045776367, 0.5298023223876953, 0.6771683692932129, 0.3955495357513428, 0.3668193817138672, 0.5651454925537109, 0.4236183166503906, 0.39968371391296387]",Irene oyó la discusión en la sala durante una noche.,26,5,1,0
0,no,0,0,0,101,31,no,no,0,"[0.47130727767944336, 0.46157336235046387, 0.39064598083496094, 0.32368040084838867, 0.3675217628479004, 0.3365938663482666, 0.36676931381225586, 0.61586594581604, 0.8478422164916992, 0.5184576511383057]",Sara contó la historia a sus hijo antes de dormir.,26,0,1,0
0,no,0,0,0,100,32,no,no,0,"[0.4414024353027344, 0.3741908073425293, 0.4191570281982422, 0.38519835472106934, 0.41638684272766113, 0.40006065368652344, 0.377239465713501, 0.39809083938598633, 0.3681039810180664, 0.4706242084503174]",Isabel enseñó la receta a su prima en la cocina.,26,0,1,0
0,no,0,0,0,101,33,no,no,0,"[0.4807875156402588, 0.3598494529724121, 0.35202622413635254, 0.31795787811279297, 0.6256313323974609, 0.6391942501068115, 0.4525420665740967, 0.4916679859161377, 0.3777029514312744, 0.45127153396606445]",María se despertó sobresaltado a los gritos de su hermano.,26,1,1,0
0,no,NO,E,1,100,34,no,no,El tren llegó con retraso.,"[0.3840980529785156, 0.35920190811157227, 0.3213188648223877, 0.4026448726654053, 0.35900354385375977, 0.2864713668823242, 0.31081342697143555, 0.38369059562683105, 0.3371284008026123, 0.5221731662750244]",El tren llegó puntual a la estación bajo la lluvia.,26,2,1,0
0,no,NO,E,1,101,35,no,no,Luis envió un paquete a su hermano.,"[0.5532948970794678, 0.3718750476837158, 1.0250108242034912, 0.8734967708587646, 0.3334963321685791, 0.29853034019470215, 0.32708287239074707, 0.309675931930542, 0.3877127170562744]",Luis envíe un paquete a su primo en Alemania.,26,0,1,0
0,no,0,0,0,100,36,no,no,0,"[0.5609569549560547, 0.2988302707672119, 0.3429725170135498, 0.34146881103515625, 0.37323951721191406, 0.43501758575439453, 0.3834493160247803, 0.458249568939209, 0.5929064750671387, 0.6040966510772705]",El avión aterrizó sin problemas en el aeropuerto de Madrid.,26,2,1,0
0,no,0,0,0,24,37,no,no,0,"[0.43407702445983887, 0.3347904682159424, 0.42244601249694824, 0.7324075698852539, 0.32024335861206055, 0.49927306175231934, 0.25521063804626465, 0.3946714401245117, 0.3640024662017822, 0.3648543357849121, 0.5101585388183594]",Coral guió a una turista en el palacio en una hora.,26,1,1,0
0,no,0,0,0,100,38,no,no,0,"[0.4254953861236572, 0.328702449798584, 0.5014181137084961, 0.4521758556365967, 0.2857933044433594, 0.32709479331970215, 0.33846139907836914, 0.3021235466003418, 0.30563831329345703, 0.26949095726013184, 0.4526097774505615]",Me encontré inesperadamente a Paula en el tren de las siete.,26,1,1,0
0,no,0,0,0,42,39,no,no,0,"[0.3581502437591553, 0.3081352710723877, 0.38088250160217285, 0.32977914810180664, 0.31761980056762695, 0.3974030017852783, 0.7275116443634033, 0.7490932941436768, 0.33692216873168945, 0.4091324806213379, 0.4004807472229004]",Ismael encontró a la dificultad en la carretera en pocas horas.,26,2,1,0
0,no,SI,A,1,101,40,no,no,El bebé sonrió a su madre.,"[0.3855433464050293, 0.30358314514160156, 0.27612876892089844, 0.849137544631958, 0.5223386287689209, 0.3961179256439209, 0.32052159309387207, 0.35045552253723145, 0.36916589736938477, 0.36904048919677734]",El bebé sonreí dulcemente a su madre desde la cuna.,26,1,1,0
0,no,0,0,0,35,41,no,no,0,"[0.5519678592681885, 0.2974553108215332, 0.33770275115966797, 0.3293328285217285, 0.4633140563964844, 0.4507155418395996, 0.46024084091186523, 0.81526780128479, 0.38248562812805176, 0.41614389419555664]",Carlos vigiló la niña en la habitación durante unas horas.,26,3,1,0
0,no,0,0,0,4,42,no,no,0,"[0.4408397674560547, 0.3583955764770508, 0.32422900199890137, 0.31581807136535645, 0.3200347423553467, 0.6477594375610352, 0.3153829574584961, 0.3717505931854248, 0.3120405673980713, 0.3216977119445801, 0.4403388500213623]",Jorge arrolló a la valla en la calle en un segundo.,26,2,1,0
0,no,NO,E,1,100,43,no,no,Ayer fueron al teatro.,"[0.32963037490844727, 0.26943135261535645, 0.2631845474243164, 0.3259434700012207, 0.30097150802612305, 0.29668378829956055, 0.2763845920562744, 0.28127074241638184, 0.4041900634765625]",Ayer fueron al cine a ver una película divertida.,26,2,1,0
0,no,0,0,0,100,44,no,no,0,"[0.4087710380554199, 0.3136429786682129, 0.2912862300872803, 0.30935192108154297, 0.27520084381103516, 0.44664907455444336, 0.28476381301879883, 0.44642138481140137, 0.41823816299438477, 0.6262784004211426]",Julia pasó la sal a su madre durante la cena.,26,0,1,0
0,no,0,0,0,100,45,no,no,0,"[0.4267728328704834, 0.2679316997528076, 0.24253201484680176, 0.3169264793395996, 0.42841267585754395, 0.3300189971923828, 0.2985849380493164, 0.31984996795654297, 0.38952064514160156, 0.6274964809417725, 0.44289064407348633]",El técnico reparó el ordenador a un cliente en la tienda.,26,0,1,0
0,no,NO,E,1,12,46,no,no,El combate duró varias horas.,"[0.3743748664855957, 0.42397522926330566, 1.1928119659423828, 0.37312936782836914, 0.6233718395233154, 0.639916181564331, 0.4956667423248291, 0.43991541862487793, 0.401731014251709, 0.39563488960266113, 0.4542665481567383]",Paula abatió a una contrincante en el ring en pocos minutos.,26,1,1,0
0,no,SI,A,1,100,47,no,no,Ana escribió la carta desde la playa.,"[0.41138577461242676, 0.3688032627105713, 0.3538095951080322, 0.3182194232940674, 0.3391106128692627, 0.40914082527160645, 0.349564790725708, 0.31722497940063477, 0.3585789203643799, 0.3970158100128174]",Ana escribió una carta a su abuela desde la playa.,26,0,1,0
0,no,SI,A,1,41,48,no,no,Emma pasó semanas investigando.,"[0.3914952278137207, 0.396481990814209, 0.633660078048706, 0.3117995262145996, 0.30927538871765137, 0.39641451835632324, 0.3569672107696533, 0.4205634593963623, 0.5578837394714355, 0.47973179817199707, 0.4021286964416504]",Emma investigó a la empresaria en la ciudad durante varias semanas.,26,0,1,0
0,no,NO,E,1,25,49,no,no,Pedro observó durante unos minutos.,"[0.4783976078033447, 0.3823096752166748, 0.3816235065460205, 0.39287686347961426, 0.4105086326599121, 0.6176934242248535, 0.3950369358062744, 0.30659031867980957, 0.5711014270782471, 0.426588773727417]",Pedro observó la secretaria en la oficina durante una hora.,26,3,1,0
0,no,SI,A,1,100,50,no,no,Laura se fue a Inglaterra.,"[0.4712643623352051, 0.34102869033813477, 0.2629663944244385, 0.2803065776824951, 0.28338146209716797, 0.2882223129272461, 0.3236079216003418, 0.34006595611572266, 0.32674717903137207, 0.4582021236419678]",Laura se fue de vacaciones a Londres la semana pasada.,26,1,1,0
0,no,0,0,0,13,51,no,no,0,"[0.38107728958129883, 0.3716428279876709, 0.39812135696411133, 0.32015013694763184, 0.41449594497680664, 0.7525951862335205, 0.4290120601654053, 0.3959217071533203, 0.4287433624267578, 0.40067100524902344]",Martina atropelló la carreta en el aparcamiento en pocos minutos.,26,5,1,0
0,no,SI,A,1,32,52,no,no,Martin estaba en el hospital.,"[0.4725661277770996, 0.3354465961456299, 0.32186198234558105, 0.36446189880371094, 0.28644680976867676, 0.33681201934814453, 0.4303476810455322, 0.4340806007385254, 0.4090902805328369, 0.4077136516571045, 0.5406351089477539]",Martín buscó a la escalera en el hospital durante dos horas.,26,2,1,0
0,no,SI,A,1,37,53,no,no,Isabel miraba por la ventana.,"[0.5460147857666016, 0.29389381408691406, 0.4520235061645508, 0.35576844215393066, 0.384185791015625, 1.3919496536254883, 0.7681818008422852, 0.4697144031524658, 0.3788285255432129, 0.4018259048461914, 0.37673187255859375]",Isabel vió a la estudiante desde su ventana durante una mañana.,26,0,1,0
0,no,NO,E,1,46,54,no,no,Alejandro estaba en el centro comercial.,"[0.5087802410125732, 0.3014190196990967, 0.2805960178375244, 0.3368520736694336, 1.0644991397857666, 0.3699009418487549, 0.37142062187194824, 0.35973215103149414, 0.34922027587890625, 0.34125351905822754]",Alejandro identificó la agresora en el aeropuerto en dos horas.,26,3,1,0
0,no,0,0,0,10,55,no,no,0,"[0.47087574005126953, 0.5156223773956299, 0.44921088218688965, 0.31808948516845703, 0.335552453994751, 0.4744241237640381, 0.36710166931152344, 0.34766316413879395, 0.3409249782562256, 0.5184781551361084]",Mateo eliminó la carpeta en el banco en pocos segundos.,26,5,1,0
0,no,NO,E,1,34,56,no,no,Carmen vio una representación teatral.,"[0.4881577491760254, 0.33289289474487305, 0.31484389305114746, 0.4464752674102783, 0.3251919746398926, 0.2949099540710449, 0.3300361633300781, 0.26871585845947266, 0.4782726764678955, 0.4157707691192627, 0.9237270355224609]",Carmen odió a la música en el cine durante la película.,26,2,1,0
0,no,SI,A,1,27,57,no,no,Felipe es presentador de teatro.,"[0.36934661865234375, 0.3763558864593506, 0.32920122146606445, 0.2854487895965576, 0.2772212028503418, 0.29283714294433594, 0.5559442043304443, 0.5664801597595215, 0.3938777446746826, 0.9860341548919678, 0.3843364715576172]",Felipe anunció a la actuación en el escenario en cinco minutos.,26,2,1,0
0,no,0,0,0,100,58,no,no,0,"[0.5085935592651367, 0.3529059886932373, 0.5852522850036621, 0.4036545753479004, 0.3820152282714844, 0.42861270904541016, 0.3704845905303955, 0.38660430908203125, 0.33643221855163574, 0.3263370990753174, 0.8729712963104248]",Mi hermano vendió su coche a un amigo de la universidad.,26,0,1,0
0,no,0,0,0,100,59,no,no,0,"[0.505307674407959, 0.3469061851501465, 0.3141481876373291, 0.32497692108154297, 0.2783980369567871, 0.3653733730316162, 0.3422248363494873, 0.35010766983032227, 0.2968449592590332, 0.3445553779602051]",El gato saltó a la mesa para robar la comida.,26,1,1,0
0,no,SI,A,1,100,60,no,no,Ellos corren en el centro.,"[0.3409123420715332, 0.31056857109069824, 0.35480237007141113, 0.29625773429870605, 0.2811892032623291, 0.4546198844909668, 0.39110589027404785, 0.40147900581359863, 0.3037252426147461, 0.902761697769165]",Ellos corren todas las mañanas por el parque del centro.,26,2,1,0
0,no,SI,A,1,101,61,no,no,Ayer estudiaron matemáticas.,"[0.5417146682739258, 0.44847631454467773, 0.6689398288726807, 0.35445237159729004, 0.28099966049194336, 0.9198527336120605, 0.5225467681884766, 0.3152167797088623, 0.32386159896850586, 0.3660891056060791]",Nos sentamos juntos para estudiando matemáticas toda la tarde ayer.,26,2,1,0
0,no,0,0,0,100,62,no,no,0,"[0.37915539741516113, 0.3508148193359375, 0.24890661239624023, 0.27146387100219727, 0.5420079231262207, 0.3514537811279297, 0.3634459972381592, 0.4369373321533203, 0.48810768127441406, 0.4029090404510498, 0.4626948833465576]",La lluvia cayó fuerte sobre el techo durante toda la noche.,26,2,1,0
0,no,NO,E,1,101,63,no,no,El profesor y los alumnos estaban fuera del aula.,"[0.3836205005645752, 0.3487396240234375, 0.26693010330200195, 0.3297848701477051, 0.33965134620666504, 0.4025599956512451, 0.4468965530395508, 0.5493779182434082, 0.4905714988708496]",El profesor explicó la lección los alumnos en clase.,26,0,1,0
0,no,0,0,0,100,64,no,no,0,"[0.3884854316711426, 0.796684980392456, 0.7839491367340088, 0.42740750312805176, 0.32605862617492676, 0.32700657844543457, 0.3303871154785156, 0.45866942405700684, 0.4334437847137451]",Carlos estornudó fuerte en medio de la reunión ayer.,26,2,1,0
0,no,NO,E,1,31,65,no,no,Miguel tuvo que esperar una semana.,"[0.4312267303466797, 1.7822628021240234, 0.35143065452575684, 0.31679344177246094, 0.3114349842071533, 0.30320072174072266, 0.3085062503814697, 0.25855469703674316, 0.3336186408996582, 0.6166167259216309, 0.410555362701416]",Miguel recibió a la invitada en la casa en un día.,26,0,1,0
0,no,0,0,0,20,66,no,no,0,"[0.4783816337585449, 1.0346918106079102, 0.41605520248413086, 0.5825948715209961, 0.3624567985534668, 0.3008310794830322, 0.2835426330566406, 0.3127114772796631, 0.3969457149505615, 0.42633867263793945]",Claudia maltrató una compañera en la casa durante varios años.,26,4,1,0
0,no,0,0,0,33,67,no,no,0,"[0.44833993911743164, 0.35730528831481934, 0.3848598003387451, 0.4255714416503906, 0.43972253799438477, 0.43212389945983887, 0.37873196601867676, 0.3480346202850342, 0.15101838111877441, 0.2174692153930664]",Marco imaginó una amiga en la playa durante dos minutos.,26,4,1,0
0,no,0,0,0,100,68,no,no,0,"[0.49892616271972656, 0.3293142318725586, 0.3789384365081787, 0.49114203453063965, 0.6297523975372314, 0.36951398849487305, 0.2503483295440674, 0.37577223777770996, 0.3006906509399414, 0.29911112785339355, 0.38938117027282715]",El jefe asignó una tarea a cada empleado en la reunión.,26,0,1,0
0,no,SI,A,1,101,69,no,no,El camarero sonrió.,"[0.3610653877258301, 0.2926485538482666, 0.2624819278717041, 0.2749326229095459, 0.9263420104980469, 0.3933145999908447, 0.27228283882141113, 0.28301239013671875, 0.3164234161376953, 0.3448333740234375, 0.4340841770172119]",El camarero trajo el cuenta a los clientes con una sonrisa.,26,0,1,0
0,no,SI,A,1,3,70,no,no,Lo que Pedro hizo fue un secuestro.,"[0.4793272018432617, 0.39098358154296875, 0.36196303367614746, 0.3760228157043457, 0.3038520812988281, 0.36056041717529297, 0.3847236633300781, 0.3716287612915039, 0.38665008544921875, 0.37624478340148926, 0.4627959728240967]",Pablo secuestró a la camioneta en el aeropuerto durante una hora.,26,2,1,0
0,no,0,0,0,49,71,no,no,0,"[0.4812123775482178, 0.489147424697876, 0.35568881034851074, 0.2945735454559326, 0.3684251308441162, 0.3079826831817627, 0.26566171646118164, 0.3411400318145752, 0.3196866512298584, 0.38964223861694336]",Alba mencionó una actriz en el teatro tras varios minutos.,26,4,1,0
0,no,0,0,0,21,72,no,no,0,"[0.3852510452270508, 0.3425590991973877, 0.44692444801330566, 0.41283559799194336, 0.26250529289245605, 0.3977646827697754, 0.321793794631958, 0.29499030113220215, 0.2828521728515625, 0.33443140983581543, 0.3353848457336426]",Hugo apaleó a una rebelde en la calle durante varios minutos.,26,1,1,0
0,no,0,0,0,101,73,no,no,0,"[0.390775203704834, 0.2571735382080078, 0.26285481452941895, 0.2544839382171631, 0.6185007095336914, 0.46012330055236816, 0.19929051399230957, 0.4321746826171875, 0.2743659019470215, 0.403059720993042]",Mi primo viaja sola por Europa durante el verano próximo.,26,2,1,0
0,no,0,0,0,19,74,no,no,0,"[0.2633321285247803, 0.5014078617095947, 0.3374311923980713, 0.313584566116333, 0.2753574848175049, 0.32893919944763184, 0.27460479736328125, 0.255687952041626, 0.36806297302246094, 0.30902743339538574, 0.46195340156555176]",Lucas arrastró a una víctima en la calle por un tiempo.,26,1,1,0
0,no,NO,E,1,100,75,no,no,El coche era azul.,"[0.2961764335632324, 0.3359673023223877, 0.30331850051879883, 0.28039002418518066, 0.3980824947357178, 0.6853394508361816, 0.35390353202819824, 0.3103210926055908, 0.361508846282959, 0.3117713928222656]",El coche rojo aparcó frente a la casa de Marta.,26,2,1,0
0,no,NO,E,1,101,76,no,no,El dueño fue reconocido por su gato.,"[0.41446590423583984, 0.2933945655822754, 0.2798745632171631, 0.3724081516265869, 0.4274601936340332, 0.2583792209625244, 0.276486873626709, 0.30932044982910156, 0.4410393238067627, 0.6916301250457764]",El perro corrió felizmente a su dueño cuando le reconoció.,26,1,1,0
0,no,0,0,0,100,77,no,no,0,"[0.2994091510772705, 0.27376723289489746, 0.33544921875, 0.3005990982055664, 0.3589754104614258, 0.35848331451416016, 0.2748744487762451, 0.4329657554626465, 0.3957700729370117, 0.4244396686553955]",Rosa recomendó un libro a su colega durante el almuerzo.,26,0,1,0
0,no,0,0,0,101,78,no,no,0,"[0.28200387954711914, 0.37081432342529297, 0.3546586036682129, 0.24302053451538086, 0.3762538433074951, 0.36261725425720215, 0.29657840728759766, 0.26780033111572266, 0.4422948360443115]",Marta baila salsa con entusiasmo en las fiesta grandes.,26,2,1,0
0,no,0,0,0,26,79,no,no,0,"[0.3629732131958008, 0.33945584297180176, 0.32291126251220703, 0.2734215259552002, 0.7334473133087158, 0.3699626922607422, 0.2327127456665039, 0.4226570129394531, 0.4145045280456543, 1.152306079864502]",Juan escuchó la vecina en el balcón durante una noche.,26,3,1,0
0,no,0,0,0,100,80,no,no,0,"[0.41458630561828613, 0.2525007724761963, 0.27889466285705566, 0.28536415100097656, 0.4525182247161865, 0.37960147857666016, 0.3642768859863281, 0.4770395755767822, 0.3525223731994629, 1.1912775039672852]",Los pájaros vuelan alto sobre los árboles en primavera alegre.,26,2,1,0
0,no,0,0,0,100,81,no,no,0,"[0.4390988349914551, 0.27965331077575684, 0.3095276355743408, 0.29024219512939453, 0.5494658946990967, 0.3627617359161377, 0.3494231700897217, 0.398510217666626, 0.31085968017578125, 0.513350248336792]",El mensajero entregó el paquete a Marta en su casa.,26,0,1,0
0,no,SI,A,1,8,82,no,no,Helena estaba en el patio.,"[0.45974135398864746, 0.3382236957550049, 0.3542215824127197, 0.649235725402832, 0.38446927070617676, 0.24532365798950195, 0.2794787883758545, 0.2764270305633545, 0.38661670684814453, 0.38722991943359375, 0.35468292236328125]",Helena colgó a la criminal en el patio en cinco minutos.,26,0,1,0
0,no,NO,E,1,101,83,no,no,El avión despegó con retraso.,"[0.39354395866394043, 0.29111409187316895, 0.26041197776794434, 0.7698462009429932, 0.30071330070495605, 0.2597227096557617, 0.2705085277557373, 0.2920708656311035, 0.28844547271728516, 0.34146785736083984]",El avión despegó puntualmente a la siete de la mañana.,26,1,1,0
0,no,0,0,0,100,84,no,no,0,"[0.413135290145874, 0.29183435440063477, 0.28251194953918457, 0.3966243267059326, 0.507246732711792, 0.35407280921936035, 0.38722777366638184, 0.3896291255950928, 0.3409695625305176, 0.5513315200805664]",El anciano hablaba a solas consigo mismo en el jardín.,26,1,1,0
0,no,NO,E,1,100,85,no,no,Andrés contó una historia,"[0.3525276184082031, 0.3267209529876709, 0.33115720748901367, 0.376572847366333, 0.6445536613464355, 0.4730865955352783, 0.32181239128112793, 0.3475172519683838, 0.4286961555480957, 0.36174464225769043]",Andrés cantó una canción a su hija antes de acostarla.,26,0,1,0
0,no,0,0,0,38,86,no,no,0,"[0.4005157947540283, 0.25228285789489746, 0.32715630531311035, 0.6036961078643799, 0.2988288402557373, 0.2360842227935791, 0.27880239486694336, 0.24868226051330566, 0.3738231658935547, 0.3749961853027344]",Unai amó la vida en su pueblo durante varios años.,26,5,1,0
0,no,SI,A,1,0,87,no,no,La acción tuvo lugar en la calle.,"[0.2565021514892578, 0.42741870880126953, 0.28559350967407227, 0.24523711204528809, 0.22854161262512207, 0.244185209274292, 0.2601966857910156, 0.4866976737976074, 0.2898273468017578, 0.46654224395751953, 0.4657759666442871]",Juan golpeó a la actriz en la calle en diez segundos.,26,0,1,0
0,no,0,0,0,100,88,no,no,0,"[0.4650876522064209, 0.44679975509643555, 0.21644115447998047, 0.25513291358947754, 0.27870821952819824, 0.29161620140075684, 0.31101107597351074, 0.32589292526245117, 0.327176570892334, 0.34232664108276367]",Estuvieron caminando a la orilla del mar toda la tarde.,26,1,1,0
0,no,0,0,0,40,89,no,no,0,"[0.291522741317749, 0.27472853660583496, 0.3766365051269531, 1.0490281581878662, 0.272066593170166, 0.29668331146240234, 0.26717138290405273, 0.25513768196105957, 0.3105320930480957, 0.4013941287994385]",Adrián percibió la sombra detrás de él durante algunos minutos.,26,5,1,0
0,no,SI,A,1,14,90,no,no,Helena estaba jugando un partido de fútbol.,"[0.3077216148376465, 0.30458521842956543, 0.46164989471435547, 0.7894303798675537, 0.32384800910949707, 0.3286631107330322, 0.3198280334472656, 0.43242549896240234, 0.374011754989624, 0.41675567626953125]",Helena derribó la futbolista en el campo durante el partido.,26,3,1,0
0,no,NO,E,1,2,91,no,no,La acción tuvo lugar en el parque.,"[0.35686826705932617, 0.5437219142913818, 0.5551197528839111, 0.4654204845428467, 0.5467462539672852, 0.4692533016204834, 0.3189842700958252, 0.4773249626159668, 0.34986209869384766, 0.46201419830322266]",Simón pateó la pelota en la cancha en un instante.,26,5,1,0
0,no,0,0,0,101,92,no,no,0,"[0.4167368412017822, 0.3006582260131836, 0.28661251068115234, 0.23221182823181152, 0.24531292915344238, 0.2814338207244873, 0.3297572135925293, 0.33229541778564453, 0.3504307270050049, 0.3931419849395752]",Laura mostró las fotos a sus amigas en la parque.,26,0,1,0
0,no,NO,E,1,18,93,no,no,María iba en bicicleta.,"[0.31153416633605957, 0.2666029930114746, 0.5237066745758057, 0.3605170249938965, 0.44561004638671875, 0.44783973693847656, 0.5491619110107422, 0.6189095973968506, 0.44394946098327637, 0.43053483963012695]",María transportó la mochilera en la furgoneta durante un día.,26,3,1,0
0,no,NO,E,1,100,94,no,no,El autobus llegó puntual.,"[0.3623943328857422, 0.5486509799957275, 0.43059682846069336, 0.28492164611816406, 0.5208368301391602, 0.45332813262939453, 0.2921180725097656, 0.43009281158447266, 0.41050219535827637, 0.5656280517578125, 1.011847734451294]",El autobús llegó con retraso a la parada equivocada del centro.,26,1,1,0
0,no,0,0,0,5,95,no,no,0,"[0.4283115863800049, 0.4092855453491211, 0.3740832805633545, 0.31801939010620117, 0.30321812629699707, 0.296450138092041, 0.2788829803466797, 0.2659034729003906, 0.2549879550933838, 0.36436963081359863, 0.4810307025909424]",Manuel abrazó a la señora en el parque en pocos instantes.,26,0,1,0
0,no,NO,E,1,6,96,no,no,El beso tuvo lugar en un museo.,"[0.47119951248168945, 0.3689136505126953, 0.36043739318847656, 0.2960371971130371, 0.4262509346008301, 0.2613561153411865, 0.2365739345550537, 0.41895484924316406, 0.2992870807647705, 0.3437328338623047]",Francisco besó la cruz en la iglesia durante unos segundos.,26,5,1,0
0,no,0,0,0,101,97,no,no,0,"[0.37250518798828125, 0.30472373962402344, 0.3452003002166748, 0.2735269069671631, 0.3273649215698242, 0.2496020793914795, 0.29162168502807617, 0.26601195335388184, 0.2833273410797119, 0.3050720691680908]",Jorge compró un regalo su novia en el centro comercial.,26,0,1,0
0,no,SI,A,1,100,98,no,no,El gato está sobre la manta cerca del sofá.,"[0.3049886226654053, 0.30572938919067383, 0.2584102153778076, 0.4609556198120117, 0.2987501621246338, 0.26125288009643555, 0.37729477882385254, 0.9517579078674316, 0.2966315746307373, 0.38630056381225586]",El gato duerme tranquilo sobre la manta cerca del sofá.,26,2,1,0
0,no,0,0,0,47,99,no,no,0,"[0.43259501457214355, 0.28383612632751465, 0.41761231422424316, 0.2895236015319824, 0.2580990791320801, 0.2722485065460205, 0.33554768562316895, 0.26942968368530273, 0.3685424327850342, 0.47405409812927246, 0.5593454837799072]",Marta descartó a una aspirante en la selección en un día.,26,1,1,0
0,no,0,0,0,101,100,no,no,0,"[0.33085203170776367, 0.31038379669189453, 0.4260392189025879, 0.48496484756469727, 0.3883473873138428, 0.3867189884185791, 0.5017340183258057, 0.5097987651824951, 0.393017053604126]",Pedro devolvió el libro la biblioteca el lunes pasado.,26,0,1,0
0,no,NO,E,1,1,101,no,no,Carlos tardó mucho en hacer el asalto.,"[0.44830822944641113, 0.47364234924316406, 0.3777792453765869, 0.5378353595733643, 0.4375183582305908, 0.3419322967529297, 0.3066544532775879, 0.3567218780517578, 0.3365590572357178, 0.17672467231750488]",Carlos asaltó la conductora en el barrio en pocos instantes.,26,3,1,0
0,no,0,0,0,44,102,no,no,0,"[0.42877936363220215, 0.3732473850250244, 0.3599226474761963, 0.299030065536499, 0.4056377410888672, 0.29416751861572266, 0.25836730003356934, 0.3110034465789795, 0.3112294673919678, 0.3348388671875]",Martín detectó una intrusa en el hospital en dos minutos.,26,4,1,0
0,no,0,0,0,7,103,no,no,0,"[0.39524245262145996, 0.35557007789611816, 0.4260718822479248, 0.3857550621032715, 0.37041735649108887, 0.46311354637145996, 0.5912284851074219, 0.8964798450469971, 0.336575984954834, 0.3830833435058594]",Tomás empujó una vieja a la puerta en pocos segundos.,26,4,1,0
0,no,0,0,0,101,104,no,no,0,"[0.2982964515686035, 0.3076941967010498, 0.27283668518066406, 0.30948305130004883, 0.31292271614074707, 0.3663206100463867, 0.5011162757873535, 0.36637210845947266, 0.418546199798584]",Me gusta caminar la ciudad cuando hace buen tiempo.,26,2,1,0
0,no,0,0,0,100,105,no,no,0,"[0.3271975517272949, 0.32025694847106934, 0.2838888168334961, 0.288555383682251, 0.32321667671203613, 0.3343186378479004, 0.3151817321777344, 0.3543360233306885, 0.34346556663513184, 0.432570219039917]",Miguel alquiló una bicicleta a un turista en la estación.,26,0,1,0
3,no,0,0,0,100,0,yes,yes,0,0,Los niños corrieron a la plaza con sus amigos.,26,1,1,0
4,no,0,0,0,100,1,yes,yes,0,0,La conferencia empezará con puntualidad a las diez y media.,26,1,1,0
4,no,0,0,0,100,2,yes,yes,0,0,El ladrón escapó a toda prisa por la puerta trasera.,26,1,1,0
4,no,NO,0,1,100,3,yes,yes,Llegaron a la universidad cuando ya estaba cerrada.,0,Los estudiantes llegaron a la universidad antes de que cerrara.,26,1,1,0
2,no,0,0,0,36,0,yes,no,0,0,Irene oyó a la niña en la sala durante una noche.,26,0,1,0
1,no,SI,0,1,22,1,yes,no,Hubo un asedio en la región.,0,Carla asedió la ciudad en la región durante bastante tiempo.,26,5,1,0
3,no,SI,0,1,41,2,yes,no,Emma pasó semanas investigando.,0,Emma investigó a la epidemia en la ciudad durante varias semanas.,26,2,1,0
3,no,0,0,0,48,3,yes,no,0,0,Samuel descubrió la tabla en el museo en pocas horas.,26,5,1,0
0,no,NO,0,1,12,4,yes,no,El combate duró varias horas.,0,Paula abatió la resistencia en el ring en pocos minutos.,26,5,1,0
0,no,0,0,0,11,5,yes,no,0,0,Valeria neutralizó a la bomba en la frontera en cinco minutos.,26,2,1,0
4,no,SI,0,1,14,6,yes,no,Helena estaba jugando un partido de fútbol.,0,Helena derribó a una futbolista en el campo durante el partido.,26,1,1,0
3,no,0,0,0,40,7,yes,no,0,0,Adrián percibió la sombra detrás de él durante algunos minutos.,26,5,1,0
3,no,SI,0,1,3,8,yes,no,Lo que Pedro hizo fue un secuestro.,0,Pablo secuestró a la turista en el aeropuerto durante una hora.,26,0,1,0
0,no,0,0,0,33,9,yes,no,0,0,Marco imaginó una amiga en la playa durante dos minutos.,26,4,1,0
3,no,0,0,0,26,10,yes,no,0,0,Juan escuchó una vecina en el balcón durante una noche.,26,4,1,0
4,no,SI,0,1,15,11,yes,no,Lucia estuvo en una pelea de bar.,0,Lucía destrozó a una oponente en el bar en diez minutos.,26,1,1,0
0,no,SI,0,1,8,12,yes,no,Helena estaba en el patio.,0,Helena colgó a la criminal en el patio en cinco minutos.,26,0,1,0
1,no,0,0,0,24,13,yes,no,0,0,Coral guió la turista en el palacio en una hora.,26,3,1,0
0,no,SI,0,1,37,14,yes,no,Isabel miraba por la ventana.,0,Isabel vió la estudiante desde su ventana durante una mañana.,26,3,1,0
0,no,0,0,0,5,15,yes,no,0,0,Manuel abrazó a la planta en el parque en pocos instantes.,26,2,1,0
0,no,NO,0,1,18,16,yes,no,María iba en bicicleta.,0,María transportó a la guitarra en la furgoneta durante un día.,26,2,1,0
3,no,0,0,0,43,17,yes,no,0,0,Sofía conoció una chica en el colegio en dos días.,26,4,1,0
0,no,SI,0,1,39,18,yes,no,Valeria fue a un concierto.,0,Valeria admiró la cantante en el teatro durante el concierto.,26,3,1,0
1,no,0,0,0,29,19,yes,no,0,0,Alfonso miró a la estrella en la colina durante dos horas.,26,2,1,0
2,no,0,0,0,19,20,yes,no,0,0,Lucas arrastró a una víctima en la calle por un tiempo.,26,1,1,0
2,no,0,0,0,13,21,yes,no,0,0,Martina atropelló la anciana en el aparcamiento en pocos minutos.,26,3,1,0
4,no,0,0,0,17,22,yes,no,0,0,Luis zarandeó a la mujer en la casa durante algunos minutos.,26,0,1,0
4,no,SI,0,1,0,23,yes,no,La acción tuvo lugar en la calle.,0,Juan golpeó a la actriz en la calle en diez segundos.,26,0,1,0
4,no,0,0,0,30,24,yes,no,0,0,Carlos esperó a una profesora en la esquina durante una hora.,26,1,1,0
4,no,SI,0,1,28,25,yes,no,Anna estaba en la escuela.,0,Anna comprendió la maestra en la escuela en dos minutos.,26,3,1,0
0,no,SI,0,1,27,26,yes,no,Felipe es presentador de teatro.,0,Felipe anunció a una cantante en el escenario en cinco minutos.,26,1,1,0
4,no,NO,0,1,2,27,yes,no,La acción tuvo lugar en el parque.,0,Simón pateó una jugadora en la cancha en un instante.,26,4,1,0
0,no,NO,0,1,25,28,yes,no,Pedro observó durante unos minutos.,0,Pedro observó una secretaria en la oficina durante una hora.,26,4,1,0
4,no,0,0,0,4,29,yes,no,0,0,Jorge arrolló una ciclista en la calle en un segundo.,26,4,1,0
0,no,0,0,0,10,30,yes,no,0,0,Mateo eliminó a la rehén en el banco en pocos segundos.,26,0,1,0
0,no,0,0,0,20,31,yes,no,0,0,Claudia maltrató la camiseta en la casa durante varios años.,26,5,1,0
0,no,0,0,0,47,32,yes,no,0,0,Marta descartó una aspirante en la selección en un día.,26,4,1,0
2,no,NO,0,1,1,33,yes,no,Carlos tardó mucho en hacer el asalto.,0,Carlos asaltó a una conductora en el barrio en pocos instantes.,26,1,1,0
1,no,0,0,0,21,34,yes,no,0,0,Hugo apaleó la muñeca en la calle durante varios minutos.,26,5,1,0
4,no,0,0,0,7,35,yes,no,0,0,Tomás empujó la vieja a la puerta en pocos segundos.,26,3,1,0
2,no,0,0,0,49,36,yes,no,0,0,Alba mencionó a una actriz en el teatro tras varios minutos.,26,1,1,0
3,no,SI,0,1,9,37,yes,no,Había fuego en la plaza.,0,Carlos quemó la página en la plaza en pocos minutos.,26,5,1,0
3,no,NO,0,1,34,38,yes,no,Carmen vio una representación teatral.,0,Carmen odió la música en el cine durante la película.,26,5,1,0
1,no,0,0,0,35,39,yes,no,0,0,Carlos vigiló a la niña en la habitación durante unas horas.,26,0,1,0
4,no,0,0,0,45,40,yes,no,0,0,Gabriela localizó a una amiga en la ciudad en dos minutos.,26,1,1,0
2,no,NO,0,1,6,41,yes,no,El beso tuvo lugar en un museo.,0,Francisco besó a la cruz en la iglesia durante unos segundos.,26,2,1,0
2,no,NO,0,1,31,42,yes,no,Miguel tuvo que esperar una semana.,0,Miguel recibió la caja en la casa en un día.,26,5,1,0
4,no,0,0,0,23,43,yes,no,0,0,Daniel remolcó a la motocicleta en la calle durante algunos minutos.,26,2,1,0
2,no,NO,0,1,46,44,yes,no,Alejandro estaba en el centro comercial.,0,Alejandro identificó la agresora en el aeropuerto en dos horas.,26,3,1,0
0,no,0,0,0,38,45,yes,no,0,0,Unai amó la jovencita en su pueblo durante varios años.,26,3,1,0
1,no,NO,0,1,16,46,yes,no,La guerra duró más de dos años.,0,Valentina venció a la adversaria en la guerra en dos años.,26,0,1,0
2,no,0,0,0,44,47,yes,no,0,0,Martín detectó a la enfermedad en el hospital en dos minutos.,26,2,1,0
3,no,0,0,0,42,48,yes,no,0,0,Ismael encontró a la conocida en la carretera en pocas horas.,26,0,1,0
4,no,SI,0,1,32,49,yes,no,Martin estaba en el hospital.,0,Martín buscó una médica en el hospital durante dos horas.,26,4,1,0
3,yes,SI,0,1,32,0,yes,no,Martin estaba en el hospital.,0,Lo que Carlos hizo a la niña fue vigilarla.,26,6,1,0
4,yes,SI,0,1,32,1,yes,no,Martin estaba en el hospital.,0,Lo que Carlos hizo a la bruja fue quemarla.,26,6,1,0
4,yes,SI,0,1,32,2,yes,no,Martin estaba en el hospital.,0,Lo que Valeria hizo a la criminal fue neutralizarla.,26,6,1,0
4,yes,SI,0,1,32,3,yes,no,Martin estaba en el hospital.,0,Lo que Claudia hizo a la compañera fue maltratarla.,26,6,1,0
4,yes,SI,0,1,32,4,yes,no,Martin estaba en el hospital.,0,Lo que Gabriela hizo a la amiga fue localizarla.,26,6,1,0
1,yes,SI,0,1,32,5,yes,no,Martin estaba en el hospital.,0,Lo que Isabel hizo a la estudiante fue verla.,26,6,1,0
1,yes,SI,0,1,32,6,yes,no,Martin estaba en el hospital.,0,Lo que Felipe hizo a la cantante fue anunciarla.,26,6,1,0
4,yes,SI,0,1,32,7,yes,no,Martin estaba en el hospital.,0,Lo que Martina hizo a la anciana fue atropellarla.,26,6,1,0
1,yes,SI,0,1,32,8,yes,no,Martin estaba en el hospital.,0,Lo que Alfonso hizo a la granjera fue mirarla.,26,6,1,0
1,yes,SI,0,1,32,9,yes,no,Martin estaba en el hospital.,0,Lo que Valeria hizo a la cantante fue admirarla.,26,6,1,0
1,yes,SI,0,1,32,10,yes,no,Martin estaba en el hospital.,0,Lo que Ismael hizo a la conocida fue encontrarla.,26,6,1,0
4,yes,SI,0,1,32,11,yes,no,Martin estaba en el hospital.,0,Lo que Lucía hizo a la oponente fue destrozarla.,26,6,1,0
1,yes,SI,0,1,32,12,yes,no,Martin estaba en el hospital.,0,Lo que Alba hizo a la actriz fue mencionarla.,26,6,1,0
2,yes,SI,0,1,32,13,yes,no,Martin estaba en el hospital.,0,Lo que Daniel hizo a la enferma fue remolcarla.,26,6,1,0
2,yes,SI,0,1,32,14,yes,no,Martin estaba en el hospital.,0,Lo que Maria hizo a la mochilera fue transportarla.,26,6,1,0
1,yes,SI,0,1,32,15,yes,no,Martin estaba en el hospital.,0,Lo que Carla hizo a la contrincante fue asediarla.,26,6,1,0
1,yes,SI,0,1,32,16,yes,no,Martin estaba en el hospital.,0,Lo que Anna hizo a la maestra fue comprenderla.,26,6,1,0
1,yes,SI,0,1,32,17,yes,no,Martin estaba en el hospital.,0,Lo que Mateo hizo a la rehén fue eliminarla.,26,6,1,0
1,yes,SI,0,1,32,18,yes,no,Martin estaba en el hospital.,0,Lo que Carlos hizo a la profesora fue esperarla.,26,6,1,0
1,yes,SI,0,1,32,19,yes,no,Martin estaba en el hospital.,0,Lo que Manuel hizo a la señora fue abrazarla.,26,6,1,0
