id_verb,type,live_row,sentence,subject_nr,catalan,latin,animate,indefinite,affected,DOM,object,pp1,pp2,correctedness_perc,aff_diff,offline_diff,id_obj,correct,object_log,pp1_log,pp2_log,origin,post_target,post_target_log
7,0,0,Tomás empujó a la vieja a la puerta en pocos segundos.,10,0,1,1,0,1,1,0.673572301864624,NA,2.878772497177124,91.48936170212764,0.9499999999999996,0.16888888888888887,0,1,-0.39515993645909603,NA,1.057363987033945,1,0.8524808883666992,-0.15960448841394262
11,1,6,Valeria neutralizó a una criminal en la frontera en cinco minutos.,10,0,1,1,1,1,1,0.5579123497009277,1.5192108154296875,1.568511962890625,91.48936170212764,0.9499999999999996,-0.09499999999999996,1,1,-0.5835534083281038,0.418190999651793,0.4501273755819748,1,0.3879573345184326,-0.9468599079865507
32,0,7,Martín buscó a la médica en el hospital durante dos horas.,10,0,1,1,0,0,1,0.41455984115600586,1.1994528770446777,1.5559570789337158,91.48936170212764,-0.9500000000000002,0.16888888888888887,0,1,-0.880537945331268,0.18186551702752393,0.44209084114291747,1,0.3566467761993408,-1.0310094094147686
48,3,8,Samuel descubrió la infiltrada en el museo en pocas horas.,10,0,1,1,0,0,0,1.0391016006469727,2.032992362976074,1.5477771759033203,91.48936170212764,-0.9500000000000002,-0.345,0,0,0.038356494291958,0.7095087781099232,0.4368198215918072,1,0.711496114730835,-0.3403853221405971
31,3,9,Miguel recibió la invitada en la casa en un día.,10,0,1,1,0,0,0,0.5333385467529297,1.8506665229797363,1.308959722518921,91.48936170212764,-0.9500000000000002,-0.345,0,0,-0.6285988843084076,0.6155458568957582,0.26923271679731675,1,0.6031227111816406,-0.5056346018280823
37,3,10,Isabel vió la estudiante desde su ventana durante una mañana.,10,0,1,1,0,0,0,0.6584692001342773,1.8422625064849854,1.4874930381774902,91.48936170212764,-0.9500000000000002,-0.345,0,0,-0.4178375316576359,0.6109944393432368,0.39709217820988224,1,0.5480196475982666,-0.6014441393953267
12,4,12,Paula abatió una contrincante en el ring en pocos minutos.,10,0,1,1,1,1,0,1.2970373630523682,1.0790557861328125,1.3935000896453857,91.48936170212764,0.9499999999999996,0.28,1,0,0.2600827122072555,0.07608638663813226,0.33181863227096225,1,0.28479790687561035,-1.255975448924939
2,2,13,Simón pateó a la pelota en la cancha en un instante.,10,0,1,0,0,1,1,0.38260650634765625,1.1191253662109375,6.0204784870147705,91.48936170212764,0.9499999999999996,0.15500000000000003,2,0,-0.9607482165072583,0.11254745720182902,1.7951667390549508,1,0.39252710342407227,-0.9351496908340057
38,1,15,Unai amó a una jovencita en su pueblo durante varios años.,10,0,1,1,1,0,1,0.819727897644043,1.8692317008972168,1.2074859142303467,91.48936170212764,-0.9500000000000002,-0.09499999999999996,1,1,-0.19878282593371696,0.6255274913072212,0.188540441242884,1,0.671471118927002,-0.3982842737323225
35,1,19,Carlos vigiló a una niña en la habitación durante unas horas.,10,0,1,1,1,0,1,0.3839735984802246,1.2125444412231445,2.418588638305664,91.48936170212764,-0.9500000000000002,-0.09499999999999996,1,1,-0.9571814827158203,0.19272099571298346,0.8831841627253506,1,0.4425036907196045,-0.8153064739596598
41,0,21,Emma investigó a la empresaria en la ciudad durante varias semanas.,10,0,1,1,0,0,1,0.22824931144714355,1.0350608825683594,1.250248908996582,91.48936170212764,-0.9500000000000002,0.16888888888888887,0,1,-1.4773167761725357,0.03446024872482948,0.22334265868828654,1,0.4607429504394531,-0.7749149827349222
29,2,22,Alfonso miró a la estrella en la colina durante dos horas.,10,0,1,0,0,0,1,0.5615205764770508,1.332470417022705,2.098846435546875,91.48936170212764,-0.9500000000000002,0.15500000000000003,2,0,-0.5771068599237784,0.2870346757027502,0.7413878773935957,1,0.6141073703765869,-0.48758549580285265
49,2,25,Alba mencionó a la ciudad en el teatro tras varios minutos.,10,0,1,0,0,0,1,0.388500452041626,3.991647481918335,2.888338565826416,91.48936170212764,-0.9500000000000002,0.15500000000000003,2,0,-0.945460945618803,1.38420404841732,1.060681446093808,1,2.659062385559082,0.9779735740236685
0,5,28,Juan golpeó la piedra en la calle en diez segundos.,10,0,1,0,0,1,0,0.6064975261688232,1.1697874069213867,2.3255767822265625,91.48936170212764,0.9499999999999996,-0.1644444444444444,2,1,-0.5000546294706159,0.15682202881359208,0.8439680866499834,1,0.38889384269714355,-0.9444488705579003
39,5,29,Valeria admiró la escenografía en el teatro durante el concierto.,10,0,1,0,0,0,0,0.8511857986450195,0.8973572254180908,1.3176445960998535,91.48936170212764,-0.9500000000000002,-0.1644444444444444,2,1,-0.1611248444566097,-0.1083012515884233,0.27584574577167026,1,0.2753119468688965,-1.2898504719564163
28,2,30,Anna comprendió a la tarea en la escuela en dos minutos.,10,0,1,0,0,0,1,0.42396998405456543,1.130563735961914,1.1483500003814697,91.48936170212764,-0.9500000000000002,0.15500000000000003,2,0,-0.8580926185802122,0.12271638970652943,0.13832612981247633,1,0.36902332305908203,-0.9968954308168592
17,2,31,Luis zarandeó a la muñeca en la casa durante algunos minutos.,10,0,1,0,0,1,1,0.5833432674407959,1.1371629238128662,1.1282570362091064,91.48936170212764,0.9499999999999996,0.15500000000000003,2,0,-0.5389794709791869,0.12853649721438293,0.12067399609737879,1,0.3776819705963135,-0.9737027851229118
16,4,33,Valentina venció una adversaria en la guerra en dos años.,10,0,1,1,1,1,0,0.8664453029632568,1.4619755744934082,1.075186014175415,91.48936170212764,0.9499999999999996,0.28,1,0,-0.1433562959236102,0.3797886542751713,0.07249368305279427,1,0.4092447757720947,-0.8934418281829396
44,3,35,Martín detectó la intrusa en el hospital en dos minutos.,10,0,1,1,0,0,0,0.5880720615386963,1.133354663848877,2.761132001876831,91.48936170212764,-0.9500000000000002,-0.345,0,0,-0.530905784955355,0.12518196382001912,1.0156407412498876,1,0.40320324897766113,-0.9083145042771332
18,5,37,María transportó la guitarra en la furgoneta durante un día.,10,0,1,0,0,1,0,0.35456037521362305,1.2350561618804932,1.164635419845581,91.48936170212764,0.9499999999999996,-0.1644444444444444,2,1,-1.0368766366124138,0.2111164442528517,0.15240809370180897,1,0.4145526885986328,-0.8805551988574578
3,5,38,Pablo secuestró la camioneta en el aeropuerto durante una hora.,10,0,1,0,0,1,0,0.3766145706176758,1.0418660640716553,1.4785792827606201,91.48936170212764,0.9499999999999996,-0.1644444444444444,2,1,-0.9765329736039731,0.04101339771028488,0.3910816826539697,1,0.28709983825683594,-1.2479252552240134
15,1,41,Lucía destrozó a una oponente en el bar en diez minutos.,10,0,1,1,1,1,1,0.28927111625671387,1.0195231437683105,1.5358843803405762,91.48936170212764,0.9499999999999996,-0.09499999999999996,1,1,-1.2403909120925471,0.01933501187162741,0.429106358676539,1,0.4743473529815674,-0.7458154134654147
36,0,42,Irene oyó a la niña en la sala durante una noche.,10,0,1,1,0,0,1,0.3174583911895752,0.7696778774261475,2.5742528438568115,91.48936170212764,-0.9500000000000002,0.16888888888888887,0,1,-1.1474085206087887,-0.2617831926684212,0.9455593342862918,1,0.2811095714569092,-1.2690107516425473
14,3,47,Helena derribó la futbolista en el campo durante el partido.,10,0,1,1,0,1,0,0.247877836227417,1.269033432006836,1.1975579261779785,91.48936170212764,0.9499999999999996,-0.345,0,0,-1.3948192500395413,0.23825553354427417,0.18028442172423098,1,0.6339304447174072,-0.4558160392109677
45,4,48,Gabriela localizó una amiga en la ciudad en dos minutos.,10,0,1,1,1,0,0,0.25484347343444824,0.8348722457885742,1.0325732231140137,91.48936170212764,-0.9500000000000002,0.28,1,0,-1.3671057519631022,-0.1804765648924308,0.03205396160870029,1,0.3200197219848633,-1.1393726538847917
4,3,49,Jorge arrolló la ciclista en la calle en un segundo.,10,0,1,1,0,1,0,1.0585718154907227,0.862642765045166,1.434570550918579,91.48936170212764,0.9499999999999996,-0.345,0,0,0.05692065576341954,-0.14775461908427467,0.36086553676952615,1,0.2669656276702881,-1.3206353641862627
23,0,53,Daniel remolcó a la enferma en la calle durante algunos minutos.,10,0,1,1,0,1,1,0.29662418365478516,1.48744535446167,1.3675894737243652,91.48936170212764,0.9499999999999996,0.16888888888888887,0,1,-1.2152893163419725,0.3970601212664898,0.3130496818569015,1,0.8116462230682373,-0.20869071963568228
30,4,54,Carlos esperó una profesora en la esquina durante una hora.,10,0,1,1,1,0,0,0.9851467609405518,1.1051068305969238,1.1282446384429932,91.48936170212764,-0.9500000000000002,0.28,1,0,-0.014964653030098926,0.09994200956981063,0.12066300761352108,1,0.3191990852355957,-1.1419402792138613
43,1,55,Sofía conoció a una chica en el colegio en dos días.,10,0,1,1,1,0,1,0.302229642868042,1.0187644958496094,1.1282947063446045,91.48936170212764,-0.9500000000000002,-0.09499999999999996,1,1,-1.1965681437222564,0.01859061452653466,0.12070738344214131,1,0.34653782844543457,-1.0597632933084205
42,4,57,Ismael encontró una conocida en la carretera en pocas horas.,10,0,1,1,1,0,0,0.20328187942504883,1.176551342010498,1.3928682804107666,91.48936170212764,-0.9500000000000002,0.28,1,0,-1.5931616945139082,0.1625875678510326,0.3313651321148184,1,0.5003721714019775,-0.692403114641705
5,1,58,Manuel abrazó a una señora en el parque en pocos instantes.,10,0,1,1,1,1,1,0.37195634841918945,1.1556267738342285,1.0524868965148926,91.48936170212764,0.9499999999999996,-0.09499999999999996,1,1,-0.9889787745533823,0.1446428581146808,0.05115583662981375,1,0.34143543243408203,-1.0745966883185765
47,3,64,Marta descartó la aspirante en la selección en un día.,10,0,1,1,0,0,0,0.24631810188293457,1.2476229667663574,1.0031278133392334,91.48936170212764,-0.9500000000000002,-0.345,0,0,-1.4011314812946791,0.22124011433997315,0.0031229319072475416,1,0.4396383762359619,-0.8218027621829402
9,2,71,Carlos quemó a la página en la plaza en pocos minutos.,10,0,1,0,0,1,1,0.28380274772644043,0.8613719940185547,1.210080623626709,91.48936170212764,0.9499999999999996,0.15500000000000003,2,0,-1.2594758323917166,-0.1492288190585777,0.1906869884853505,1,0.2984647750854492,-1.2091033595266905
19,2,72,Lucas arrastró a la carreta en la calle por un tiempo.,10,0,1,0,0,1,1,0.8772881031036377,0.8670916557312012,0.8725440502166748,91.48936170212764,0.9499999999999996,0.15500000000000003,2,0,-0.13091983074718197,-0.14261059183619024,-0.13634213882564333,1,0.2718696594238281,-1.3024325208306877
10,5,73,Mateo eliminó la carpeta en el banco en pocos segundos.,10,0,1,0,0,1,0,0.28044795989990234,1.3510596752166748,1.3960552215576172,91.48936170212764,0.9499999999999996,-0.1644444444444444,2,1,-1.2713670974350577,0.30088922914738253,0.3336505605475208,1,0.733799934387207,-0.30951885647604926
33,0,74,Marco imaginó a la amiga en la playa durante dos minutos.,10,0,1,1,0,0,1,0.300121545791626,0.8966374397277832,1.2111730575561523,91.48936170212764,-0.9500000000000002,0.16888888888888887,0,1,-1.2035677337393513,-0.10910369068472028,0.19158935903170146,1,0.3240790367126465,-1.1267678524673155
24,5,75,Coral guió la decisión en el palacio en una hora.,10,0,1,0,0,1,0,0.33587193489074707,1.6259000301361084,1.0427517890930176,91.48936170212764,0.9499999999999996,-0.1644444444444444,2,1,-1.0910253378320827,0.4860615271544041,0.04186316983836784,1,0.33802270889282227,-1.0846421996825628
26,5,77,Juan escuchó la alarma en el balcón durante una noche.,10,0,1,0,0,0,0,0.30150294303894043,1.192735195159912,1.1914548873901367,91.48936170212764,-0.9500000000000002,-0.1644444444444444,2,1,-1.1989755015393528,0.17624915297897548,0.17517515480893642,1,0.4044616222381592,-0.905198424022627
13,0,78,Martina atropelló a la anciana en el aparcamiento en pocos minutos.,10,0,1,1,0,1,1,0.8703310489654541,1.2213807106018066,0.9143540859222412,91.48936170212764,0.9499999999999996,0.16888888888888887,0,1,-0.1388816236591345,0.19998194882301626,-0.0895373800082311,1,0.23335766792297363,-1.4551829469463222
6,2,79,Francisco besó a la cruz en la iglesia durante unos segundos.,10,0,1,0,0,1,1,0.23588156700134277,1.3696701526641846,1.373267412185669,91.48936170212764,0.9499999999999996,0.15500000000000003,2,0,-1.444425434657796,0.314569946372916,0.3171928727055704,1,0.6658589839935303,-0.4066773666063756
1,5,81,Carlos asaltó la camioneta en el barrio en pocos instantes.,10,0,1,0,0,1,0,0.14944028854370117,0.9245738983154297,2.188265085220337,91.48936170212764,0.9499999999999996,-0.1644444444444444,2,1,-1.9008583736703506,-0.07842229807153969,0.783109031343807,1,0.45009422302246094,-0.7982983336412878
34,0,82,Carmen odió a la vendedora en el cine durante la película.,10,0,1,1,0,0,1,0.18996977806091309,1.0246989727020264,1.678002119064331,91.48936170212764,-0.9500000000000002,0.16888888888888887,0,1,-1.6608902823107852,0.02439888428768216,0.5176038708954275,1,0.5036220550537109,-0.6859291829859384
40,4,83,Adrián percibió una mujer detrás de él durante algunos minutos.,10,0,1,1,1,0,0,0.4562983512878418,0.9583368301391602,1.181718349456787,91.48936170212764,-0.9500000000000002,0.28,1,0,-0.7846084042750278,-0.04255596558459016,0.1669696075585113,1,0.34535932540893555,-1.0631698810350172
25,4,87,Pedro observó una secretaria en la oficina durante una hora.,10,0,1,1,1,0,0,0.5864765644073486,1.2389776706695557,2.084909677505493,91.48936170212764,-0.9500000000000002,0.28,1,0,-0.5336225700717068,0.21428658042613613,0.73472553417117,1,0.3648722171783447,-1.0082080766177721
21,4,89,Hugo apaleó una rebelde en la calle durante varios minutos.,10,0,1,1,1,1,0,0.6986696720123291,1.0729913711547852,1.1041243076324463,91.48936170212764,0.9499999999999996,0.28,1,0,-0.3585772206742014,0.07045042182199038,0.09905253900943951,1,0.4018700122833252,-0.9116265951818591
27,1,90,Felipe anunció a una cantante en el escenario en cinco minutos.,10,0,1,1,1,0,1,0.6432983875274658,0.8974790573120117,1.126781940460205,91.48936170212764,-0.9500000000000002,-0.09499999999999996,1,1,-0.44114660713218856,-0.10816549336325226,0.11936572961102908,1,0.22957372665405273,-1.471531052033694
20,3,97,Claudia maltrató la compañera en la casa durante varios años.,10,0,1,1,0,1,0,0.5461490154266357,0.817162275314331,1.0161194801330566,91.48936170212764,0.9499999999999996,-0.345,0,0,-0.6048634184468681,-0.2019175804493952,0.015990940798280114,1,0.2831130027770996,-1.2619091579398745
22,1,98,Carla asedió a una contrincante en la región durante bastante tiempo.,10,0,1,1,1,1,1,0.6290972232818604,0.818809986114502,1.155564546585083,91.48936170212764,0.9499999999999996,-0.09499999999999996,1,1,-0.46346946621042523,-0.19990322923309867,0.14458900947946765,1,0.2854022979736328,-1.2538555222071603
8,0,99,Helena colgó a la criminal en el patio en cinco minutos.,10,0,1,1,0,1,1,0.50075364112854,1.0389974117279053,1.0107460021972656,91.48936170212764,0.9499999999999996,0.16888888888888887,0,1,-0.6916410331125905,0.03825622099551327,0.010688674247483623,1,0.2818002700805664,-1.2665567211057864
46,5,102,Alejandro identificó la amenaza en el aeropuerto en dos horas.,10,0,1,0,0,0,0,0.2193160057067871,0.9503746032714844,0.9651308059692383,91.48936170212764,-0.9500000000000002,-0.1644444444444444,2,1,-1.5172416407825364,-0.05089905287780668,-0.035491636602063135,1,0.37793731689453125,-0.9730269254349315
36,3,3,Irene oyó la niña en la sala durante una noche.,11,0,0,1,0,0,0,1.1854019165039062,1.4338912963867188,1.3692619800567627,97.87234042553192,-0.10000000000000007,-0.3450000000000002,0,0,0.17008188712742744,0.36039193483182225,0.3142718940001922,0,0.4870262145996094,-0.7194373286016311
40,3,7,Adrián percibió la mujer detrás de él durante algunos minutos.,11,0,0,1,0,0,0,0.5580017566680908,1.2357077598571777,1.620516061782837,97.87234042553192,-0.10000000000000007,-0.3450000000000002,0,0,-0.5833931684550812,0.2116438908340957,0.4827446551719663,0,0.5244870185852051,-0.6453346015279455
49,4,8,Alba mencionó una actriz en el teatro tras varios minutos.,11,0,0,1,1,0,0,0.6135213375091553,1.3336796760559082,1.336571216583252,97.87234042553192,-0.10000000000000007,-0.0950000000000002,1,0,-0.4885402354699567,0.2879417957626928,0.2901075410606601,0,0.38988685607910156,-0.9418986945669396
24,1,9,Coral guió a una turista en el palacio en una hora.,11,0,0,1,1,1,1,0.6179757118225098,1.850365161895752,1.7355849742889404,97.87234042553192,0.10000000000000007,-0.2200000000000002,1,1,-0.48130612355483576,0.6153830044209297,0.5513445175462869,0,0.6109256744384766,-0.4927799729735285
48,0,10,Samuel descubrió a la infiltrada en el museo en pocas horas.,11,0,0,1,0,0,1,1.0856363773345947,1.0702424049377441,2.44061017036438,97.87234042553192,-0.10000000000000007,0.4466666666666663,0,1,0.08216633794412742,0.06788516948678175,0.8922480778643316,0,0.28069210052490234,-1.2704969380662186
38,2,13,Unai amó a la vida en su pueblo durante varios años.,11,0,0,0,0,0,1,0.5063502788543701,1.2109746932983398,2.441896915435791,97.87234042553192,-0.10000000000000007,-0.5950000000000002,2,0,-0.6805265984893307,0.19142556699367572,0.8927751616262553,0,0.4537980556488037,-0.7901029912449494
7,0,14,Tomás empujó a la vieja a la puerta en pocos segundos.,11,0,0,1,0,1,1,0.8016026020050049,1.3395113945007324,2.9199841022491455,97.87234042553192,0.10000000000000007,0.4466666666666663,0,1,-0.22114230264257734,0.292304916499181,1.0715781718301451,0,0.403003454208374,-0.9088101458355268
15,1,19,Lucía destrozó a una oponente en el bar en diez minutos.,11,0,0,1,1,1,1,0.5675926208496094,1.042219877243042,1.488088607788086,97.87234042553192,0.10000000000000007,-0.2200000000000002,1,1,-0.5663513343980778,0.041352935699359036,0.3974924828826552,0,0.3308401107788086,-1.1061200693174507
23,4,21,Daniel remolcó una enferma en la calle durante algunos minutos.,11,0,0,1,1,1,0,0.4169435501098633,1.3707225322723389,1.3209681510925293,97.87234042553192,0.10000000000000007,-0.0950000000000002,1,0,-0.8748044377860527,0.3153379966349623,0.27836491555426046,0,0.6128520965576172,-0.4896316502044578
30,5,25,Carlos esperó la furgoneta en la esquina durante una hora.,11,0,0,0,0,0,0,0.5099046230316162,1.0004093647003174,1.4289114475250244,97.87234042553192,-0.10000000000000007,0.6688888888888886,2,1,-0.6735315844164989,4.092809334484696e-4,0.3569129288855854,0,0.3463022708892822,-1.0604432700172015
6,2,26,Francisco besó a la cruz en la iglesia durante unos segundos.,11,0,0,0,0,1,1,0.3550879955291748,1.194835901260376,1.0781333446502686,97.87234042553192,0.10000000000000007,-0.5950000000000002,2,0,-1.0353896454925167,0.17800885483304132,0.07523116117310064,0,0.3686394691467285,-0.9979361609473631
14,1,27,Helena derribó a una futbolista en el campo durante el partido.,11,0,0,1,1,1,1,0.9834508895874023,1.090416669845581,2.01166033744812,97.87234042553192,0.10000000000000007,-0.2200000000000002,1,1,-0.016687576728809998,0.08655988910942966,0.6989604196203231,0,0.30536603927612305,-1.1862440931794214
43,5,29,Sofía conoció la verdad en el colegio en dos días.,11,0,0,0,0,0,0,0.4088718891143799,1.1830320358276367,1.7676234245300293,97.87234042553192,-0.10000000000000007,0.6688888888888886,2,1,-0.8943534015551503,0.16808066478819977,0.5696359463534351,0,0.35727596282958984,-1.029246790692181
27,3,30,Felipe anunció la cantante en el escenario en cinco minutos.,11,0,0,1,0,0,0,0.7120678424835205,1.256584882736206,1.347877025604248,97.87234042553192,-0.10000000000000007,-0.3450000000000002,0,0,-0.3395820877224631,0.2283976306232469,0.2985307810321005,0,0.5673849582672119,-0.5667172668861475
1,5,31,Carlos asaltó la camioneta en el barrio en pocos instantes.,11,0,0,0,0,1,0,0.41870880126953125,2.394475221633911,0.9345617294311523,97.87234042553192,0.10000000000000007,0.6688888888888886,2,1,-0.8705795857109703,0.8731640927135387,-0.06767759816202601,0,0.7252354621887207,-0.32125890142286867
18,5,32,María transportó la guitarra en la furgoneta durante un día.,11,0,0,0,0,1,0,0.3647444248199463,1.236691951751709,1.414959192276001,97.87234042553192,0.10000000000000007,0.6688888888888886,2,1,-1.008558376631092,0.21244003390262578,0.34710069129841997,0,0.3241236209869385,-1.1266302897040879
20,5,39,Claudia maltrató la camiseta en la casa durante varios años.,11,0,0,0,0,1,0,0.3818228244781494,1.1332895755767822,1.6865205764770508,97.87234042553192,0.10000000000000007,0.6688888888888886,2,1,-0.962798588235438,0.1251245324234369,0.5226675761430651,0,0.378253698348999,-0.972190148836028
11,3,45,Valeria neutralizó la criminal en la frontera en cinco minutos.,11,0,0,1,0,1,0,0.32369112968444824,0.9703671932220459,0.9555847644805908,97.87234042553192,0.10000000000000007,-0.3450000000000002,0,0,-1.127965521315586,-0.03008072940312503,-0.045431807064245155,0,0.4313473701477051,-0.8408415502726054
17,3,46,Luis zarandeó la mujer en la casa durante algunos minutos.,11,0,0,1,0,1,0,0.3272395133972168,1.2395656108856201,1.201352596282959,97.87234042553192,0.10000000000000007,-0.3450000000000002,0,0,-1.1170629193282817,0.21476100444081242,0.18344808559118106,0,0.5760464668273926,-0.551566949964688
26,5,47,Juan escuchó la alarma en el balcón durante una noche.,11,0,0,0,0,0,0,0.37392759323120117,1.7465131282806396,1.0484411716461182,97.87234042553192,-0.10000000000000007,0.6688888888888886,2,1,-0.9836931012967883,0.557621302144966,0.04730446262899409,0,0.2964818477630615,-1.2157692841282242
9,3,48,Carlos quemó la bruja en la plaza en pocos minutos.,11,0,0,1,0,1,0,0.3759117126464844,1.1627106666564941,1.0343096256256104,97.87234042553192,0.10000000000000007,-0.3450000000000002,0,0,-0.9784009699549382,0.1507540606905043,0.033734175773873235,0,0.3446497917175293,-1.065226473981054
19,2,51,Lucas arrastró a la carreta en la calle por un tiempo.,11,0,0,0,0,1,1,0.429858922958374,0.9986164569854736,1.527522325515747,97.87234042553192,0.10000000000000007,-0.5950000000000002,2,0,-0.8442982102698786,-0.0013845009938685915,0.42364702767906137,0,0.38205718994140625,-0.9621849696927702
44,4,52,Martín detectó una intrusa en el hospital en dos minutos.,11,0,0,1,1,0,0,0.3381626605987549,0.9695005416870117,1.0899245738983154,97.87234042553192,-0.10000000000000007,-0.0950000000000002,1,0,-1.08422825488504,-0.03097424557136414,0.08610849558831618,0,0.35039448738098145,-1.0486956524038684
10,4,53,Mateo eliminó una rehén en el banco en pocos segundos.,11,0,0,1,1,1,0,0.2952096462249756,1.099785327911377,0.9818565845489502,97.87234042553192,0.10000000000000007,-0.0950000000000002,1,0,-1.2200695098758243,0.09511500431462529,-0.018310025540675606,0,0.5229074954986572,-0.6483507034125775
34,5,54,Carmen odió la música en el cine durante la película.,11,0,0,0,0,0,0,0.31315040588378906,0.86824631690979,1.3767824172973633,97.87234042553192,-0.10000000000000007,0.6688888888888886,2,1,-1.1610716738793851,-0.1412798293366715,0.3197491951315571,0,0.29007935523986816,-1.2376007546757077
5,1,55,Manuel abrazó a una señora en el parque en pocos instantes.,11,0,0,1,1,1,1,0.3376781940460205,0.8306093215942383,0.9436929225921631,97.87234042553192,0.10000000000000007,-0.2200000000000002,1,1,-1.0856619256446172,-0.18559572512483877,-0.05795445962039601,0,0.2632029056549072,-1.3348300398696202
12,5,56,Paula abatió la resistencia en el ring en pocos minutos.,11,0,0,0,0,1,0,0.37552762031555176,1.0224676132202148,1.2111825942993164,97.87234042553192,0.10000000000000007,0.6688888888888886,2,1,-0.9794232543830602,0.02221893432092515,0.1915972329730501,0,0.3101797103881836,-1.1706034385407897
13,0,59,Martina atropelló a la anciana en el aparcamiento en pocos minutos.,11,0,0,1,0,1,1,0.3271050453186035,0.8445219993591309,2.452303409576416,97.87234042553192,0.10000000000000007,0.4466666666666663,0,1,-1.1174739201648136,-0.16898449291475306,0.8970277500503393,0,0.2932090759277344,-1.2268693547156644
16,1,60,Valentina venció a una adversaria en la guerra en dos años.,11,0,0,1,1,1,1,0.3253743648529053,0.997807502746582,0.9966695308685303,97.87234042553192,0.10000000000000007,-0.2200000000000002,1,1,-1.1227788677157047,-0.002194904294451901,-0.00333602748850988,0,0.34916162490844727,-1.0522203553612182
2,2,63,Simón pateó a la pelota en la cancha en un instante.,11,0,0,0,0,1,1,0.4705042839050293,1.1393015384674072,1.8481709957122803,97.87234042553192,0.10000000000000007,-0.5950000000000002,2,0,-0.7539502149927773,0.13041538908300426,0.6141964990861802,0,0.3789694309234619,-0.970299734346709
33,0,66,Marco imaginó a la amiga en la playa durante dos minutos.,11,0,0,1,0,0,1,0.2898294925689697,0.9157426357269287,1.2959647178649902,97.87234042553192,-0.10000000000000007,0.4466666666666663,0,1,-1.2384624855746393,-0.08801991914978434,0.25925537368990037,0,0.29446840286254883,-1.222583572435872
29,1,67,Alfonso miró a una granjera en la colina durante dos horas.,11,0,0,1,1,0,1,0.3190033435821533,0.9753060340881348,1.1964070796966553,97.87234042553192,-0.10000000000000007,-0.2200000000000002,1,1,-1.142553694803466,-0.025003976118626148,0.17932296525585945,0,0.36292600631713867,-1.013556304842075
22,5,68,Carla asedió la ciudad en la región durante bastante tiempo.,11,0,0,0,0,1,0,0.4738297462463379,1.5344715118408203,0.9994015693664551,97.87234042553192,0.10000000000000007,0.6688888888888886,2,1,-0.7469072069438,0.42818602979669856,-5.986097646250866e-4,0,0.3639557361602783,-1.0107230226950361
46,1,69,Alejandro identificó a una agresora en el aeropuerto en dos horas.,11,0,0,1,1,0,1,0.33377957344055176,0.8864526748657227,0.6463747024536133,97.87234042553192,-0.10000000000000007,-0.2200000000000002,1,1,-1.0972744636335672,-0.1205275391390878,-0.43637590859675934,0,0.29317450523376465,-1.226987266250436
35,0,71,Carlos vigiló a la niña en la habitación durante unas horas.,11,0,0,1,0,0,1,0.32797884941101074,1.0598034858703613,1.0688328742980957,97.87234042553192,-0.10000000000000007,0.4466666666666663,0,1,-1.1148061561801599,0.058083500248659506,0.06656728146541074,0,0.3255183696746826,-1.122336383673441
4,3,74,Jorge arrolló la ciclista en la calle en un segundo.,11,0,0,1,0,1,0,0.26874613761901855,0.86939239501953125,1.2343652248382568,97.87234042553192,0.10000000000000007,-0.3450000000000002,0,0,-1.313988071293701,-0.13996070785524706,0.21055684995761906,0,0.3054349422454834,-1.1860184780552252
31,0,76,Miguel recibió a la invitada en la casa en un día.,11,0,0,1,0,0,1,0.28434324264526367,0.8662278652191162,0.9098505973815918,97.87234042553192,-0.10000000000000007,0.4466666666666663,0,1,-1.257573169727409,-0.14360728122109728,-0.09447487165158713,0,0.3038215637207031,-1.191314711350277
8,4,82,Helena colgó una criminal en el patio en cinco minutos.,11,0,0,1,1,1,0,0.3017723560333252,0.9140980243682861,1.166703462600708,97.87234042553192,0.10000000000000007,-0.0950000000000002,1,0,-1.1980823338173878,-0.08981746561089789,0.1541822187019382,0,0.33083105087280273,-1.1061474542377299
45,2,84,Gabriela localizó a la bodega en la ciudad en dos minutos.,11,0,0,0,0,0,1,0.49909138679504395,1.4348692893981934,1.3368995189666748,97.87234042553192,-0.10000000000000007,-0.5950000000000002,2,0,-0.6949660601288495,0.3610737575354723,0.2903531411943796,0,0.3627049922943115,-1.0141654685357004
42,3,85,Ismael encontró la conocida en la carretera en pocas horas.,11,0,0,1,0,0,0,0.38140130043029785,1.2027223110198975,1.0125102996826172,97.87234042553192,-0.10000000000000007,-0.3450000000000002,0,0,-0.9639031761984065,0.1845875799397026,0.012432692472859028,0,0.41494131088256836,-0.8796181883122038
28,2,87,Anna comprendió a la tarea en la escuela en dos minutos.,11,0,0,0,0,0,1,0.3423788547515869,1.136018991470337,1.132978916168213,97.87234042553192,-0.10000000000000007,-0.5950000000000002,2,0,-1.071837392604044,0.12753003800282445,0.12485037301854135,0,0.37157559394836426,-0.9900029524868688
41,2,88,Emma investigó a la epidemia en la ciudad durante varias semanas.,11,0,0,0,0,0,1,0.3476755619049072,1.0326566696166992,1.2352983951568604,97.87234042553192,-0.10000000000000007,-0.5950000000000002,2,0,-1.0564855274401326,0.03213477246953925,0.21131255640724142,0,0.3736395835876465,-0.9844636264528813
25,4,91,Pedro observó una secretaria en la oficina durante una hora.,11,0,0,1,1,0,0,0.34180593490600586,1.235384225845337,1.3910727500915527,97.87234042553192,-0.10000000000000007,-0.0950000000000002,1,0,-1.0735121447708613,0.21138203573880873,0.3300752121427318,0,0.48247599601745605,-0.7288241086272479
37,4,92,Isabel vió una estudiante desde su ventana durante una mañana.,11,0,0,1,1,0,0,0.2927894592285156,0.8806889057159424,1.3906910419464111,97.87234042553192,-0.10000000000000007,-0.0950000000000002,1,0,-1.2283014974456032,-0.1270508303706054,0.32980077608268255,0,0.303757905960083,-1.1915242568139723
3,0,97,Pablo secuestró a la turista en el aeropuerto durante una hora.,11,0,0,1,0,1,1,0.3628199100494385,1.0958538055419922,1.5313920974731445,97.87234042553192,0.10000000000000007,0.4466666666666663,0,1,-1.0138486833896172,0.09153379052468433,0.4261771893552082,0,0.3542945384979248,-1.0376266821380038
47,0,99,Marta descartó a la aspirante en la selección en un día.,11,0,0,1,0,0,1,1.3027784824371338,0.8731374740600586,2.9502952098846436,97.87234042553192,-0.10000000000000007,0.4466666666666663,0,1,0.2644992778858882,-0.13566226239000545,1.081905236492282,0,0.288837194442749,-1.2418920906344302
0,0,101,Juan golpeó a la actriz en la calle en diez segundos.,11,0,0,1,0,1,1,0.32198357582092285,1.1259796619415283,1.0493905544281006,97.87234042553192,0.10000000000000007,0.4466666666666663,0,1,-1.1332547415059384,0.11865346733548343,0.04820957130381804,0,0.35347986221313477,-1.0399287621334312
32,2,103,Martín buscó a la escalera en el hospital durante dos horas.,11,0,0,0,0,0,1,0.8128092288970947,1.114837646484375,1.145853042602539,97.87234042553192,-0.10000000000000007,-0.5950000000000002,2,0,-0.20725884777221512,0.10870878577593747,0.136149374993409,0,0.34420299530029297,-1.0665236930336923
39,4,104,Valeria admiró una cantante en el teatro durante el concierto.,11,0,0,1,1,0,0,0.37611937522888184,1.0817112922668457,1.3396687507629395,97.87234042553192,-0.10000000000000007,-0.0950000000000002,1,0,-0.977848698669818,0.07854431696990977,0.292422382480456,0,0.3938319683074951,-0.9318309370280337
21,1,105,Hugo apaleó a una rebelde en la calle durante varios minutos.,11,0,0,1,1,1,1,0.42723798751831055,1.061967372894287,1.3346424102783203,97.87234042553192,0.10000000000000007,-0.2200000000000002,1,1,-0.8504140731960634,0.06012320002604335,0.28866339850257056,0,0.33999156951904297,-1.078834457211571
38,2,2,Unai amó a la vida en su pueblo durante varios años.,12,1,0,0,0,0,1,0.40220212936401367,1.264080286026001,2.5316004753112793,91.48936170212764,-0.4,-0.71,2,0,-0.9108005073661688,0.23434481113315309,0.9288517016703305,2,0.17731618881225586,-1.7298207626125153
4,1,10,Jorge arrolló a una ciclista en la calle en un segundo.,12,1,0,1,1,1,1,1.3157958984375,1.4598755836486816,2.0502445697784424,91.48936170212764,0.4,0.79,1,1,0.2744417285023394,0.3783512154101124,0.7179590883653072,2,0.6101973056793213,-0.4939729221807659
5,3,11,Manuel abrazó la señora en el parque en pocos instantes.,12,1,0,1,0,1,0,0.5781395435333252,1.2014403343200684,3.5449953079223633,91.48936170212764,0.4,0.415,0,0,-0.547940014649896,0.1835211156355356,1.2655368364070128,2,0.4800584316253662,-0.7338474499361601
41,3,13,Emma investigó la empresaria en la ciudad durante varias semanas.,12,1,0,1,0,0,0,0.904026985168457,1.8442935943603516,1.701883316040039,91.48936170212764,-0.4,0.415,0,0,-0.10089606818542522,0.6120963284914345,0.5317354708327964,2,0.6738450527191162,-0.39475508660720754
40,1,14,Adrián percibió a una mujer detrás de él durante algunos minutos.,12,1,0,1,1,0,1,0.40532469749450684,1.2151541709899902,1.682880163192749,91.48936170212764,-0.4,0.79,1,1,-0.9030668108745209,0.19487095844638994,0.5205067083911404,2,0.46190881729125977,-0.7723877725498999
31,4,16,Miguel recibió una invitada en la casa en un día.,12,1,0,1,1,0,0,0.6002049446105957,1.4061133861541748,1.8677501678466797,91.48936170212764,-0.4,0.79,1,0,-0.5104841077382357,0.3408294346277593,0.6247345877394794,2,0.4535682201385498,-0.790609590445961
1,3,17,Carlos asaltó la conductora en el barrio en pocos instantes.,12,1,0,1,0,1,0,0.653195858001709,2.568580389022827,2.2961466312408447,91.48936170212764,0.4,0.415,0,0,-0.4258782589933338,0.9433533684781712,0.8312323401989713,2,1.5817852020263672,0.4585540839110873
49,1,18,Alba mencionó a una actriz en el teatro tras varios minutos.,12,1,0,1,1,0,1,0.5185213088989258,1.471052646636963,2.352813243865967,91.48936170212764,-0.4,0.79,1,1,-0.6567741549556221,0.3859782306708857,0.8556117372225803,2,0.4317893981933594,-0.8398173137888633
26,5,21,Juan escuchó la alarma en el balcón durante una noche.,12,1,0,0,0,0,0,0.4237802028656006,1.4634060859680176,1.5154039859771729,91.48936170212764,-0.4,-0.07111111111111112,2,1,-0.8585403476283759,0.3807666542455447,0.41568206082523934,2,0.49180173873901367,-0.7096796137467304
19,0,26,Lucas arrastró a la víctima en la calle por un tiempo.,12,1,0,1,0,1,1,0.6606206893920898,1.3428258895874023,1.5300307273864746,91.48936170212764,0.4,-1.0711111111111111,0,1,-0.4145754474240095,0.294776266238299,0.42528781846181185,2,0.5365488529205322,-0.6225976624911997
28,0,29,Anna comprendió a la maestra en la escuela en dos minutos.,12,1,0,1,0,0,1,2.1853630542755127,1.2655746936798096,1.755744457244873,91.48936170212764,-0.4,-1.0711111111111111,0,1,0.7817819723080782,0.2355263223191789,0.5628929591360895,2,0.35028624534606934,-1.0490046149048118
17,3,30,Luis zarandeó la mujer en la casa durante algunos minutos.,12,1,0,1,0,1,0,0.462247371673584,1.622727394104004,2.353320598602295,91.48936170212764,0.4,0.415,0,0,-0.7716550946724762,0.48410831022526035,0.8558273514636013,2,0.44379687309265137,-0.8123883142663483
27,3,32,Felipe anunció la cantante en el escenario en cinco minutos.,12,1,0,1,0,0,0,0.707406759262085,1.9283313751220703,2.640284776687622,91.48936170212764,-0.4,0.415,0,0,-0.3461494471785367,0.6566550564828418,0.9708867812981119,2,0.46852731704711914,-0.7581608715389724
9,5,33,Carlos quemó la página en la plaza en pocos minutos.,12,1,0,0,0,1,0,0.5886187553405762,1.843750238418579,4.224734544754028,91.48936170212764,0.4,-0.07111111111111112,2,1,-0.5299765793673222,0.6118016704177562,1.4409564291912556,2,1.0095815658569336,0.009535953780087357
42,3,37,Ismael encontró la conocida en la carretera en pocas horas.,12,1,0,1,0,0,0,0.561255693435669,2.6833136081695557,4.286552906036377,91.48936170212764,-0.4,0.415,0,0,-0.5775786957710335,0.9870524517426315,1.4554828915395392,2,1.815673589706421,0.5964565226725992
24,0,41,Coral guió a la turista en el palacio en una hora.,12,1,0,1,0,1,1,0.3939805030822754,1.302422046661377,3.0889317989349365,91.48936170212764,0.4,-1.0711111111111111,0,1,-0.9314538554713574,0.26422564384198277,1.1278253350054088,2,0.32593679428100586,-1.121051798986687
8,1,43,Helena colgó a una criminal en el patio en cinco minutos.,12,1,0,1,1,1,1,2.463242530822754,1.2941126823425293,1.9519555568695068,91.48936170212764,0.4,0.79,1,1,0.9014785839709512,0.25782527292305896,0.668831719734527,2,0.45656275749206543,-0.7840291130573943
35,5,44,Carlos vigiló la operación en la habitación durante unas horas.,12,1,0,0,0,0,0,0.753788948059082,1.3564269542694092,2.587226390838623,91.48936170212764,-0.4,-0.07111111111111112,2,1,-0.2826428598921884,0.30485400298978016,0.9505864103292735,2,0.4404454231262207,-0.8199687388386594
12,4,45,Paula abatió una contrincante en el ring en pocos minutos.,12,1,0,1,1,1,0,0.9905083179473877,1.3472232818603516,1.5876679420471191,91.48936170212764,0.4,0.79,1,0,-0.009537015153009504,0.29804564602253686,0.4622662364552159,2,0.42610645294189453,-0.8530660743949924
36,0,46,Irene oyó a la niña en la sala durante una noche.,12,1,0,1,0,0,1,0.3836398124694824,1.105592966079712,1.429306983947754,91.48936170212764,-0.4,-1.0711111111111111,0,1,-0.9580511549414968,0.10038181192683336,0.357189700192424,2,0.3377499580383301,-1.0854494263806815
45,3,47,Gabriela localizó la amiga en la ciudad en dos minutos.,12,1,0,1,0,0,0,3.1378347873687744,1.719980001449585,1.3649766445159912,91.48936170212764,-0.4,0.415,0,0,1.143533003902772,0.542312663693572,0.31113731824584606,2,0.3820204734802246,-0.9622810763137791
2,4,48,Simón pateó una jugadora en la cancha en un instante.,12,1,0,1,1,1,0,0.560211181640625,1.9140713214874268,1.5647215843200684,91.48936170212764,0.4,0.79,1,0,-0.5794414562685294,0.6492325553915941,0.4477079067728591,2,0.37041258811950684,-0.9931377915837445
21,0,50,Hugo apaleó a la rebelde en la calle durante varios minutos.,12,1,0,1,0,1,1,0.659928560256958,1.3511617183685303,2.168957471847534,91.48936170212764,0.4,-1.0711111111111111,0,1,-0.4156236918551698,0.30096475452968185,0.7742466243899648,2,0.5347232818603516,-0.6260058960633631
47,1,55,Marta descartó a una aspirante en la selección en un día.,12,1,0,1,1,0,1,0.3954911231994629,1.7052431106567383,2.753979444503784,91.48936170212764,-0.4,0.79,1,1,-0.9276269365283003,0.5337076874663826,1.013046936409249,2,0.41506242752075195,-0.8793263423037118
14,2,56,Helena derribó a la barrera en el campo durante el partido.,12,1,0,0,0,1,1,0.35188746452331543,1.3893368244171143,2.9819154739379883,91.48936170212764,0.4,-0.71,2,0,-1.0444438575587207,0.32882652855603295,1.0925658705142443,2,0.6509921550750732,-0.42925768742210096
10,5,57,Mateo eliminó la carpeta en el banco en pocos segundos.,12,1,0,0,0,1,0,0.43717336654663086,2.0914645195007324,2.0168755054473877,91.48936170212764,0.4,-0.07111111111111112,2,1,-0.8274254427726941,0.7378645476160046,0.7015495344332368,2,0.3201172351837158,-1.1390679903326726
48,2,61,Samuel descubrió a la tabla en el museo en pocas horas.,12,1,0,0,0,0,1,0.41652941703796387,2.041456699371338,3.6449708938598633,91.48936170212764,-0.4,-0.71,2,0,-0.8757981907265897,0.7136636213499273,1.293348380205108,2,0.9210941791534424,-0.08219299045917718
32,5,64,Martín buscó la escalera en el hospital durante dos horas.,12,1,0,0,0,0,0,0.6815090179443359,1.328937292098999,1.2979393005371094,91.48936170212764,-0.4,-0.07111111111111112,2,1,-0.3834457954395754,0.28437959434325205,0.26077785334953707,2,0.4284365177154541,-0.8476127019418787
34,4,65,Carmen odió una vendedora en el cine durante la película.,12,1,0,1,1,0,0,0.4798297882080078,1.2422149181365967,1.5095148086547852,91.48936170212764,-0.4,0.79,1,0,-0.7343238458684331,0.21689601051918703,0.41178828042123006,2,0.40384721755981445,-0.9067186469038374
16,5,67,Valentina venció la resistencia en la guerra en dos años.,12,1,0,0,0,1,0,0.7467837333679199,1.1787147521972656,1.4473097324371338,91.48936170212764,0.4,-0.07111111111111112,2,1,-0.291979649330157,0.16442465182258467,0.3697064761859923,2,0.46508002281188965,-0.7655457961323422
22,2,68,Carla asedió a la ciudad en la región durante bastante tiempo.,12,1,0,0,0,1,1,0.4801003932952881,1.658522129058838,1.457292079925537,91.48936170212764,0.4,-0.71,2,0,-0.7337600442510599,0.5059269221310522,0.3765799737836274,2,0.4040360450744629,-0.9062511845195537
30,4,69,Carlos esperó una profesora en la esquina durante una hora.,12,1,0,1,1,0,0,0.557894229888916,1.3555617332458496,1.5914695262908936,91.48936170212764,-0.4,0.79,1,0,-0.5835858867385108,0.30421593170511896,0.46465781976585885,2,0.38994574546813965,-0.9417476637199779
18,0,71,María transportó a la mochilera en la furgoneta durante un día.,12,1,0,1,0,1,1,0.4609231948852539,2.6440072059631348,1.695169448852539,91.48936170212764,0.4,-1.0711111111111111,0,1,-0.7745238553206998,0.9722956473878193,0.5277827056602705,2,0.9879200458526611,-0.01215350975923696
7,4,72,Tomás empujó una vieja a la puerta en pocos segundos.,12,1,0,1,1,1,0,2.9863688945770264,1.7410404682159424,2.239919900894165,91.48936170212764,0.4,0.79,1,0,1.0940582328718644,0.5544829047525214,0.8064401066982064,2,0.8461453914642334,-0.1670640766189916
11,2,76,Valeria neutralizó a la bomba en la frontera en cinco minutos.,12,1,0,0,0,1,1,0.5126891136169434,1.4110326766967773,1.542297124862671,91.48936170212764,0.4,-0.71,2,0,-0.6680856338547329,0.34432183114028075,0.4332729445575794,2,0.4373605251312256,-0.826997423711951
25,0,79,Pedro observó a la secretaria en la oficina durante una hora.,12,1,0,1,0,0,1,0.48856449127197266,1.1768808364868164,1.3556785583496094,91.48936170212764,-0.4,-1.0711111111111111,0,1,-0.7162837972325415,0.16286757972601393,0.3043021100524932,2,0.3752706050872803,-0.9801078996835283
6,1,80,Francisco besó a una novia en la iglesia durante unos segundos.,12,1,0,1,1,1,1,1.941843032836914,1.2894015312194824,1.5262718200683594,91.48936170212764,0.4,0.79,1,1,0.6636375390210045,0.2541781814378706,0.42282804286366865,2,0.38796114921569824,-0.9468500752596712
46,1,81,Alejandro identificó a una agresora en el aeropuerto en dos horas.,12,1,0,1,1,0,1,0.48431849479675293,3.0044093132019043,1.228748083114624,91.48936170212764,-0.4,0.79,1,1,-0.7250125415828326,1.100080980679097,0.2059958324492322,2,1.4629528522491455,0.38045689475802796
39,4,82,Valeria admiró una cantante en el teatro durante el concierto.,12,1,0,1,1,0,0,0.37523889541625977,1.5955500602722168,3.1392674446105957,91.48936170212764,-0.4,0.79,1,0,-0.9801924014014095,0.46721854215884356,1.14398947480726,2,0.79409027099609375,-0.2305581327665337
44,5,83,Martín detectó la enfermedad en el hospital en dos minutos.,12,1,0,0,0,0,0,1.4439668655395508,1.2040982246398926,1.7458245754241943,91.48936170212764,-0.4,-0.07111111111111112,2,1,0.3673940939051139,0.18573092548582595,0.5572269801040953,2,0.48871302604675293,-0.7159798205763886
20,0,84,Claudia maltrató a la compañera en la casa durante varios años.,12,1,0,1,0,1,1,0.38704895973205566,1.0490517616271973,3.1215832233428955,91.48936170212764,0.4,-1.0711111111111111,0,1,-0.9492040830186445,0.04788667197868067,1.1383403164946715,2,0.3417510986328125,-1.0736725886566543
37,5,85,Isabel vió la tormenta desde su ventana durante una mañana.,12,1,0,0,0,0,0,0.4091055393218994,1.2269484996795654,1.718069076538086,91.48936170212764,-0.4,-0.07111111111111112,2,1,-0.8937821138747044,0.2045301922966108,0.5412010302846624,2,0.3833165168762207,-0.9588942162737792
3,1,87,Pablo secuestró a una turista en el aeropuerto durante una hora.,12,1,0,1,1,1,1,0.6276726722717285,2.602287769317627,2.110402822494507,91.48936170212764,0.4,0.79,1,1,-0.46573647089485093,0.9563909694084588,0.7468788404016008,2,1.217451810836792,0.19675999476975617
15,5,89,Lucía destrozó la mesa en el bar en diez minutos.,12,1,0,0,0,1,0,1.6205193996429443,2.805636167526245,1.5587339401245117,91.48936170212764,0.4,-0.07111111111111112,2,1,0.4827467149211712,1.031630310952017,0.4438739149114056,2,0.45961833000183105,-0.7773588512923112
23,2,91,Daniel remolcó a la motocicleta en la calle durante algunos minutos.,12,1,0,0,0,1,1,1.5832760334014893,2.1534788608551025,3.6588709354400635,91.48936170212764,0.4,-0.71,2,0,0.4594961392929485,0.7670846092832606,1.2971546122365099,2,0.41655659675598145,-0.8757329400380002
33,3,92,Marco imaginó la amiga en la playa durante dos minutos.,12,1,0,1,0,0,0,0.37081480026245117,1.3729345798492432,1.5796699523925781,91.48936170212764,-0.4,0.415,0,0,-0.9920525316790908,0.31695047805359594,0.45721593432736113,2,0.6446285247802734,-0.4390810586713021
0,2,93,Juan golpeó a la piedra en la calle en diez segundos.,12,1,0,0,0,1,1,0.46407437324523926,1.2009673118591309,3.388237476348877,91.48936170212764,0.4,-0.71,2,0,-0.7677104524340332,0.18312732529125123,1.2203098677067226,2,0.4303462505340576,-0.8431651605211982
29,2,96,Alfonso miró a la estrella en la colina durante dos horas.,12,1,0,0,0,0,1,2.510162115097046,1.1937336921691895,5.327657461166382,91.48936170212764,-0.4,-0.71,2,0,0.9203473387460637,0.17708595170938743,1.6729116408497517,2,0.42362284660339355,-0.8589117323292317
43,0,100,Sofía conoció a la chica en el colegio en dos días.,12,1,0,1,0,0,1,0.43884968757629395,1.6768393516540527,2.016655921936035,91.48936170212764,-0.4,-1.0711111111111111,0,1,-0.8235983218588271,0.5169106831743461,0.7014406553948443,2,0.41840410232543945,-0.8713075614863752
13,4,101,Martina atropelló una anciana en el aparcamiento en pocos minutos.,12,1,0,1,1,1,0,0.4641425609588623,2.155287504196167,2.8897619247436523,91.48936170212764,0.4,0.79,1,0,-0.7675635304996598,0.76792412727707,1.061174119749571,2,0.48957014083862305,-0.7142275364930118
31,5,0,Miguel recibió la caja en la casa en un día.,13,1,0,0,0,0,0,1.2660434246063232,3.528367757797241,3.084433078765869,95.74468085106383,0,0.1333333333333333,2,1,0.23589662377063725,1.260835372450408,1.1263678734574405,2,1.259598970413208,0.2307933928525344
4,4,4,Jorge arrolló una ciclista en la calle en un segundo.,13,1,0,1,1,1,0,0.95619797706604,2.5525639057159424,2.3821909427642822,95.74468085106383,0,-0.07500000000000018,1,0,-0.04479029838948547,0.9370983072627432,0.8680206284107067,2,0.8951730728149414,-0.11073820195542816
5,0,5,Manuel abrazó a la señora en el parque en pocos instantes.,13,1,0,1,0,1,1,1.1426937580108643,3.1198301315307617,2.7628238201141357,95.74468085106383,0,0.3555555555555552,0,1,0.13338842066402518,1.1377785553170152,1.016253279924968,2,0.8670811653137207,-0.1426226903045243
34,0,6,Carmen odió a la vendedora en el cine durante la película.,13,1,0,1,0,0,1,1.0038948059082031,2.6175246238708496,2.177760601043701,95.74468085106383,0,0.3555555555555552,0,1,0.00388724078842501,0.9622290711188212,0.7782971015932959,2,0.8572430610656738,-0.15403378208344634
3,3,7,Pablo secuestró la turista en el aeropuerto durante una hora.,13,1,0,1,0,1,0,0.8455948829650879,2.4258697032928467,2.128026247024536,95.74468085106383,0,-0.7000000000000002,0,0,-0.16771489581020887,0.8861901006264356,0.7551949055314047,2,0.8691425323486328,-0.14024814835320362
48,2,9,Samuel descubrió a la tabla en el museo en pocas horas.,13,1,0,0,0,0,1,0.9048805236816406,2.353876829147339,2.421508550643921,95.74468085106383,0,-0.3250000000000002,2,0,-0.0999523620286946,0.8560636834025822,0.8843907139901264,2,0.8420982360839844,-0.17185860161174457
18,4,10,María transportó una mochilera en la furgoneta durante un día.,13,1,0,1,1,1,0,0.9000732898712158,2.462557792663574,2.7007322311401367,95.74468085106383,0,-0.07500000000000018,1,0,-0.10527908578308874,0.9012005628906709,0.9935229329616697,2,0.856041431427002,-0.15543650281192659
37,3,11,Isabel vió la estudiante desde su ventana durante una mañana.,13,1,0,1,0,0,0,0.9129092693328857,2.1690609455108643,1.6896235942840576,95.74468085106383,0,-0.7000000000000002,0,0,-0.09111877974057185,0.7742943298874498,0.5245057788523189,2,0.8227138519287109,-0.1951468277924248
46,4,13,Alejandro identificó una agresora en el aeropuerto en dos horas.,13,1,0,1,1,0,0,1.4894545078277588,1.950223684310913,1.3584070205688477,95.74468085106383,0,-0.07500000000000018,1,0,0.3984099507966016,0.6679440759000099,0.3063127048248764,2,0.5535802841186523,-0.59134848926039
35,0,15,Carlos vigiló a la niña en la habitación durante unas horas.,13,1,0,1,0,0,1,1.2108697891235352,2.5294530391693115,3.590104579925537,95.74468085106383,0,0.3555555555555552,0,1,0.1913389353576382,0.9280030893153355,1.2781813329743694,2,0.48504066467285156,-0.7235225468731312
27,2,17,Felipe anunció a la actuación en el escenario en cinco minutos.,13,1,0,0,0,0,1,0.6864778995513916,1.8910999298095703,3.15993070602417,95.74468085106383,0,-0.3250000000000002,2,0,-0.37618124722546625,0.637158633234898,1.1505500988850244,2,0.5486512184143066,-0.6002923427981244
47,0,24,Marta descartó a la aspirante en la selección en un día.,13,1,0,1,0,0,1,0.891108512878418,1.8091669082641602,1.6366119384765625,95.74468085106383,0,0.3555555555555552,0,1,-0.11528907118452059,0.5928664676429523,0.49262821376653904,2,0.4422578811645508,-0.8158621254915289
19,5,25,Lucas arrastró la carreta en la calle por un tiempo.,13,1,0,0,0,1,0,0.8338637351989746,2.0015881061553955,1.8862974643707275,95.74468085106383,0,0.1333333333333333,2,1,-0.18168527702409787,0.6939409185442875,0.6346158941342788,2,0.8360753059387207,-0.17903659108022577
23,1,26,Daniel remolcó a una enferma en la calle durante algunos minutos.,13,1,0,1,1,1,1,0.7465012073516846,2.068455457687378,2.360874652862549,95.74468085106383,0,0.5499999999999998,1,1,-0.292358044654321,0.7268021730579766,0.859032165996238,2,0.6982748508453369,-0.3591424846070846
17,4,27,Luis zarandeó una mujer en la casa durante algunos minutos.,13,1,0,1,1,1,0,0.6402842998504639,1.901216983795166,1.719245195388794,95.74468085106383,0,-0.07500000000000018,1,0,-0.44584298274790535,0.6424941989153581,0.541885354616721,2,0.6763486862182617,-0.39104652790721994
12,5,28,Paula abatió la resistencia en el ring en pocos minutos.,13,1,0,0,0,1,0,1.024432897567749,1.7632572650909424,1.8380732536315918,95.74468085106383,0,0.1333333333333333,2,1,0.02413918881406904,0.5671628173817649,0.6087178782163386,2,0.6094608306884766,-0.4951805967879292
9,2,29,Carlos quemó a la página en la plaza en pocos minutos.,13,1,0,0,0,1,1,0.5982179641723633,1.542313575744629,2.6273245811462402,95.74468085106383,0,-0.3250000000000002,2,0,-0.5138001028587849,0.43328361098103113,0.9659660588937137,2,0.5041470527648926,-0.6848872821088398
44,1,33,Martín detectó a una intrusa en el hospital en dos minutos.,13,1,0,1,1,0,1,0.5527112483978271,1.4914591312408447,1.4786872863769531,95.74468085106383,0,0.5499999999999998,1,1,-0.5929195686260633,0.39975492348484165,0.39115472552234565,2,0.516594648361206,-0.6604967577213142
26,4,37,Juan escuchó una vecina en el balcón durante una noche.,13,1,0,1,1,0,0,0.5842266082763672,1.6603829860687256,1.8200466632843018,95.74468085106383,0,-0.07500000000000018,1,0,-0.5374663435467635,0.5070482902571869,0.5988621399272249,2,0.5558216571807861,-0.5873077966524084
45,3,38,Gabriela localizó la amiga en la ciudad en dos minutos.,13,1,0,1,0,0,0,0.7444088459014893,2.85969614982605,2.05963134765625,95.74468085106383,0,-0.7000000000000002,0,0,-0.2951648710209589,1.0507153778681895,0.7225270093382725,2,0.6312756538391113,-0.4600126594732127
1,0,40,Carlos asaltó a la conductora en el barrio en pocos instantes.,13,1,0,1,0,1,1,0.5778608322143555,1.4916694164276123,2.3378374576568604,95.74468085106383,0,0.3555555555555552,0,1,-0.548422214016293,0.399895906472169,0.849226338672831,2,0.46816563606262207,-0.7589331224698052
20,2,41,Claudia maltrató a la camiseta en la casa durante varios años.,13,1,0,0,0,1,1,0.753014087677002,1.6867623329162598,1.9451954364776611,95.74468085106383,0,-0.3250000000000002,2,0,-0.2836713426228513,0.5228109121431082,0.6653624535020012,2,0.5278580188751221,-0.6389279350825458
6,3,43,Francisco besó la novia en la iglesia durante unos segundos.,13,1,0,1,0,1,0,0.4483206272125244,1.581974983215332,3.5960609912872314,95.74468085106383,0,-0.7000000000000002,0,0,-0.8022466168058234,0.45867405582936216,1.2798390773351815,2,0.5782599449157715,-0.5477317797205589
28,4,45,Anna comprendió una maestra en la escuela en dos minutos.,13,1,0,1,1,0,0,0.5846168994903564,1.9037795066833496,1.915513277053833,95.74468085106383,0,-0.07500000000000018,1,0,-0.5367985189391041,0.6438411243498537,0.6499856165121657,2,0.6011476516723633,-0.5089146979609919
21,5,46,Hugo apaleó la muñeca en la calle durante varios minutos.,13,1,0,0,0,1,0,0.4884777069091797,2.358461856842041,2.027240753173828,95.74468085106383,0,0.1333333333333333,2,1,-0.7164614443458039,0.8580096509771168,0.7066756335662882,2,0.4862809181213379,-0.72096880124553675
14,4,47,Helena derribó una futbolista en el campo durante el partido.,13,1,0,1,1,1,0,0.5584378242492676,1.8947787284851074,1.5028467178344727,95.74468085106383,0,-0.07500000000000018,1,0,-0.5826119929919293,0.6391020657457934,0.4073611214280338,2,0.3913271427154541,-0.9382113866834453
33,5,51,Marco imaginó la fiesta en la playa durante dos minutos.,13,1,0,0,0,0,0,0.6885120868682861,1.4144794940948486,1.4601237773895264,95.74468085106383,0,0.1333333333333333,2,1,-0.37322240560327113,0.34676161472605316,0.37852121116062803,2,0.49028468132019043,-0.7127690742962304
30,5,55,Carlos esperó la furgoneta en la esquina durante una hora.,13,1,0,0,0,0,0,0.5281083583831787,1.7182717323303223,1.7904808521270752,95.74468085106383,0,0.1333333333333333,2,1,-0.6384537921209175,0.5413189788839097,0.5824842162506476,2,0.5607402324676514,-0.5784975244269704
22,0,58,Carla asedió a la contrincante en la región durante bastante tiempo.,13,1,0,1,0,1,1,0.7854104042053223,1.8623554706573486,2.3347668647766113,95.74468085106383,0,0.3555555555555552,0,1,-0.24154888991129816,0.621842068613508,0.8479120423573856,2,0.4700336456298828,-0.754951000393661
36,2,60,Irene oyó a la discusión en la sala durante una noche.,13,1,0,0,0,0,1,0.4974057674407959,1.4668917655944824,1.7012546062469482,95.74468085106383,0,-0.3250000000000002,2,0,-0.6983491525035467,0.3831457170214788,0.5313659825460442,2,0.5725719928741455,-0.5576167997145979
32,1,61,Martín buscó a una médica en el hospital durante dos horas.,13,1,0,1,1,0,1,0.6515307426452637,1.5586183071136475,1.596088171005249,95.74468085106383,0,0.5499999999999998,1,1,-0.42843069604739464,0.4437997282287683,0.46755574249242626,2,0.43263983726501465,-0.8378496817117677
41,4,62,Emma investigó una empresaria en la ciudad durante varias semanas.,13,1,0,1,1,0,0,0.8935673236846924,1.9640674591064453,2.016529083251953,95.74468085106383,0,-0.07500000000000018,1,0,-0.11253359894509642,0.6750175571562739,0.7013777578664837,2,0.4918346405029297,-0.7096127155216899
43,2,67,Sofía conoció a la verdad en el colegio en dos días.,13,1,0,0,0,0,1,0.4182875156402588,1.5569939613342285,1.544154167175293,95.74468085106383,0,-0.3250000000000002,2,0,-0.871586246448509,0.44275701444628535,0.43447629582478015,2,0.4752211570739746,-0.7439749894627294
2,3,69,Simón pateó la jugadora en la cancha en un instante.,13,1,0,1,0,1,0,0.4137568473815918,1.4164671897888184,1.4290099143981934,95.74468085106383,0,-0.7000000000000002,0,0,-0.8824768028650473,0.3481658771460573,0.3569818369209987,2,0.401381254196167,-0.9128435447663145
40,2,70,Adrián percibió a la sombra detrás de él durante algunos minutos.,13,1,0,0,0,0,1,0.7108266353607178,1.350440263748169,1.9069547653198242,95.74468085106383,0,-0.3250000000000002,2,0,-0.3413267110335412,0.30043066057928725,0.6455076060012526,2,0.39915895462036133,-0.9183955589183441
29,0,77,Alfonso miró a la granjera en la colina durante dos horas.,13,1,0,1,0,0,1,0.5433924198150635,1.617201328277588,2.481769323348999,95.74468085106383,0,0.3555555555555552,0,1,-0.6099235316362038,0.4806970801281854,0.9089717426360862,2,0.44060230255126953,-0.8196126186827707
49,0,78,Alba mencionó a la actriz en el teatro tras varios minutos.,13,1,0,1,0,0,1,0.5208234786987305,1.3576011657714844,1.371506690979004,95.74468085106383,0,0.3555555555555552,0,1,-0.6523441071171301,0.3057192936377792,0.3159099099683847,2,0.48534178733825684,-0.7229019200791353
15,2,82,Lucía destrozó a la mesa en el bar en diez minutos.,13,1,0,0,0,1,1,0.38030219078063965,2.0351696014404297,1.1947736740112305,95.74468085106383,0,-0.3250000000000002,2,0,-0.966789103400199,0.7105791576529569,0.17795677331327883,2,0.3733394145965576,-0.9852673143958502
42,5,85,Ismael encontró la dificultad en la carretera en pocas horas.,13,1,0,0,0,0,0,0.37379956245422363,1.224276065826416,1.4142355918884277,95.74468085106383,0,0.1333333333333333,2,1,-0.9840355544958069,0.20234970263474572,0.346589167378327,2,0.40099215507507324,-0.9138134152707411
16,1,87,Valentina venció a una adversaria en la guerra en dos años.,13,1,0,1,1,1,1,0.49126505851745605,1.2374794483184814,1.383760690689087,95.74468085106383,0,0.5499999999999998,1,1,-0.7107714627978257,0.21307660790339467,0.32480493089277074,2,0.40083885192871094,-0.91419579795959
38,1,90,Unai amó a una jovencita en su pueblo durante varios años.,13,1,0,1,1,0,1,0.5756936073303223,1.2611708641052246,1.3662488460540771,95.74468085106383,0,0.5499999999999998,1,1,-0.552179691530303,0.2320405466975498,0.31206891590007685,2,0.3708529472351074,-0.9919496635880389
13,3,92,Martina atropelló la anciana en el aparcamiento en pocos minutos.,13,1,0,1,0,1,0,0.3941836357116699,1.220715045928955,1.2425971031188965,95.74468085106383,0,-0.7000000000000002,0,0,-0.930938397779504,0.1994367902742103,0.21720362733852333,2,0.3822348117828369,-0.9617201686894161
25,3,93,Pedro observó la secretaria en la oficina durante una hora.,13,1,0,1,0,0,0,0.4838542938232422,1.6108672618865967,1.9387621879577637,95.74468085106383,0,-0.7000000000000002,0,0,-0.7259714634086422,0.47677270594395427,0.6620497219918889,2,0.5260131359100342,-0.6424290933432599
0,1,95,Juan golpeó a una actriz en la calle en diez segundos.,13,1,0,1,1,1,1,0.4155910015106201,1.2687747478485107,1.641584873199463,95.74468085106383,0,0.5499999999999998,1,1,-0.8780536717945961,0.23805166931113433,0.49566216128291485,2,0.4373643398284912,-0.8269887016613532
11,0,98,Valeria neutralizó a la criminal en la frontera en cinco minutos.,13,1,0,1,0,1,1,0.536060094833374,1.675250768661499,1.9529929161071777,95.74468085106383,0,0.3555555555555552,0,1,-0.6235090069695575,0.5159628667049426,0.6693630247026988,2,0.4177703857421875,-0.8728233137931624
39,5,99,Valeria admiró la escenografía en el teatro durante el concierto.,13,1,0,0,0,0,0,0.7616770267486572,2.088486909866333,1.2915894985198975,95.74468085106383,0,0.1333333333333333,2,1,-0.27223266255625284,0.7364398372152368,0.25587362927114193,2,0.5059216022491455,-0.6813735579650456
24,1,100,Coral guió a una turista en el palacio en una hora.,13,1,0,1,1,1,1,0.40194201469421387,1.4858651161193848,1.51418137550354,95.74468085106383,0,0.5499999999999998,1,1,-0.9114474428211959,0.3959971724041305,0.41487494671942915,2,0.378767728805542,-0.9708321145265488
8,3,101,Helena colgó la criminal en el patio en cinco minutos.,13,1,0,1,0,1,0,0.9839839935302734,1.6183850765228271,1.1833670139312744,95.74468085106383,0,-0.7000000000000002,0,0,-0.01614564879971543,0.48142878569864844,0.16836377689129942,2,0.45145130157470703,-0.7952877711345504
10,1,102,Mateo eliminó a una rehén en el banco en pocos segundos.,13,1,0,1,1,1,1,0.436692476272583,1.3547675609588623,1.2441174983978271,95.74468085106383,0,0.5499999999999998,1,1,-0.828526047233991,0.3036298978889223,0.21842644194495556,2,0.4458916187286377,-0.8076793638280327
7,5,103,Tomás empujó la silla a la puerta en pocos segundos.,13,1,0,0,0,1,0,0.47505664825439453,1.4909932613372803,2.091205596923828,95.74468085106383,0,0.1333333333333333,2,1,-0.7443212225754068,0.39944251621321997,0.7377407403015247,2,0.4686460494995117,-0.7579074873578463
1,2,1,Carlos asaltó a la camioneta en el barrio en pocos instantes.,14,1,0,0,0,1,1,0.7045161724090576,NA,1.9287738800048828,95.74468085106383,0,-0.1200000000000001,2,0,-0.3502439920388108,NA,0.6568845056969466,2,0.14973020553588867,-1.8989202341233156
46,5,2,Alejandro identificó la amenaza en el aeropuerto en dos horas.,14,1,0,0,0,0,0,0.7053871154785156,1.8094735145568848,1.9972846508026123,95.74468085106383,0,-0.06444444444444475,2,1,-0.34900852690056716,0.5930359270297013,0.6917885834860515,2,0.5348589420318604,-0.6257522266040062
27,1,11,Felipe anunció a una cantante en el escenario en cinco minutos.,14,1,0,1,1,0,1,0.13034915924072266,1.9077095985412598,0.9343612194061279,95.74468085106383,0,0.6299999999999999,1,1,-2.0375385886370627,0.645903359419791,-0.06789217097351453,2,0.5820503234863281,-0.5411983685173549
31,1,14,Miguel recibió a una invitada en la casa en un día.,14,1,0,1,1,0,1,0.438570499420166,1.3386785984039307,1.3847298622131348,95.74468085106383,0,0.6299999999999999,1,1,-0.8242347060443924,0.2916830068319431,0.32550507528201034,2,0.4750487804412842,-0.7443377845544733
29,0,16,Alfonso miró a la granjera en la colina durante dos horas.,14,1,0,1,0,0,1,0.6363840103149414,1.3946137428283691,1.9917805194854736,95.74468085106383,0,0.15777777777777757,0,1,-0.4519531080463715,0.3326174900717004,0.6890289721108483,2,0.4530065059661865,-0.7918487916459733
0,2,18,Juan golpeó a la piedra en la calle en diez segundos.,14,1,0,0,0,1,1,0.6253221035003662,1.4953694343566895,1.5966269969940186,95.74468085106383,0,-0.1200000000000001,2,0,-0.46948839640039103,0.40237328959725827,0.46789327713960427,2,0.5597314834594727,-0.580298104069236
8,3,19,Helena colgó la criminal en el patio en cinco minutos.,14,1,0,1,0,1,0,2.559396743774414,0.9330105781555176,1.286499261856079,95.74468085106383,0,-0.1200000000000001,0,0,0.9397715837592434,-0.06933874041180116,0.25192477897819066,2,0.11218762397766113,-2.1875825952067913
42,2,20,Ismael encontró a la dificultad en la carretera en pocas horas.,14,1,0,0,0,0,1,0.4225747585296631,1.3058280944824219,0.8090925216674805,95.74468085106383,0,-0.1200000000000001,2,0,-0.861388904572047,0.26683739468860534,-0.21184200299009567,2,0.5923805236816406,-0.5236060741012003
16,1,22,Valentina venció a una adversaria en la guerra en dos años.,14,1,0,1,1,1,1,0.6930098533630371,1.4847755432128906,0.969170331954956,95.74468085106383,0,0.6299999999999999,1,1,-0.3667110614762336,0.3952636114788597,-0.031314901367805376,2,0.37520456314086914,-0.9802839000347126
12,2,23,Paula abatió a la resistencia en el ring en pocos minutos.,14,1,0,0,0,1,1,0.5537352561950684,1.4943196773529053,1.305720329284668,95.74468085106383,0,-0.1200000000000001,2,0,-0.5910685833586198,0.40167103795322345,0.266754864955031,2,0.45011472702026367,-0.7982527797778091
41,1,24,Emma investigó a una empresaria en la ciudad durante varias semanas.,14,1,0,1,1,0,1,0.45574283599853516,1.198836088180542,1.1597120761871338,95.74468085106383,0,0.6299999999999999,1,1,-0.7858265846943936,0.18135115959463957,0.1481717641255221,2,0.3884744644165039,-0.9455278399923054
32,3,27,Martín buscó la médica en el hospital durante dos horas.,14,1,0,1,0,0,0,0.5721714496612549,1.2624990940093994,1.1606228351593018,95.74468085106383,0,-0.1200000000000001,0,0,-0.5583165953445244,0.23309316455080306,0.1489567878860892,2,0.4221384525299072,-0.8624219321909917
4,5,29,Jorge arrolló la valla en la calle en un segundo.,14,1,0,0,0,1,0,0.3567776679992676,1.203047275543213,1.2868363857269287,95.74468085106383,0,-0.06444444444444475,2,1,-1.0306424699232504,0.1848577342613025,0.25218679211518263,2,0.44597959518432617,-0.8074820787164574
47,2,30,Marta descartó a la sospecha en la selección en un día.,14,1,0,0,0,0,1,0.4146604537963867,1.3371737003326416,1.2373461723327637,95.74468085106383,0,-0.1200000000000001,2,0,-0.8802952772695067,0.2905582076562467,0.2129689025485329,2,0.4765303134918213,-0.7412239409295681
24,0,31,Coral guió a la turista en el palacio en una hora.,14,1,0,1,0,1,1,0.38044023513793945,1.1933226585388184,1.1870105266571045,95.74468085106383,0,0.15777777777777757,0,1,-0.9664261832997503,0.1767415663459572,0.17143798387557485,2,0.4164762496948242,-0.8759258425429822
11,4,34,Valeria neutralizó una criminal en la frontera en cinco minutos.,14,1,0,1,1,1,0,0.4737570285797119,1.7352476119995117,1.265695333480835,95.74468085106383,0,-0.4950000000000001,1,0,-0.7470606866433918,0.5511501190657471,0.23562164190169854,2,0.4118363857269287,-0.8871291305284609
28,5,37,Anna comprendió la tarea en la escuela en dos minutos.,14,1,0,0,0,0,0,0.496807336807251,1.1539194583892822,1.2458546161651611,95.74468085106383,0,-0.06444444444444475,2,1,-0.6995529803413785,0.14316437222673456,0.21982173311227265,2,0.42059922218322754,-0.8660748650180827
7,1,38,Tomás empujó a una vieja a la puerta en pocos segundos.,14,1,0,1,1,1,1,0.40236830711364746,1.0320689678192139,1.2394657135009766,95.74468085106383,0,0.6299999999999999,1,1,-0.9103874229562461,0.03156549410857798,0.21468041055422865,2,0.30669617652893066,-1.1818976744250291
49,4,40,Alba mencionó una actriz en el teatro tras varios minutos.,14,1,0,1,1,0,0,0.3916192054748535,1.1240878105163574,1.1801443099975586,95.74468085106383,0,-0.4950000000000001,1,0,-0.9374653259255875,0.11697187165523175,0.16563672760805337,2,0.4043900966644287,-0.9053752810960444
22,0,43,Carla asedió a la contrincante en la región durante bastante tiempo.,14,1,0,1,0,1,1,1.2232234477996826,2.060853958129883,1.073786973953247,95.74468085106383,0,0.15777777777777757,0,1,0.2014895446769825,0.7231204396838657,0.07119162813860835,2,0.11937093734741211,-2.1255195134522036
35,3,45,Carlos vigiló la niña en la habitación durante unas horas.,14,1,0,1,0,0,0,0.4051074981689453,0.9214413166046143,1.1960816383361816,95.74468085106383,0,-0.1200000000000001,0,0,-0.9036028195176226,-0.08181618636929308,0.17905091267728054,2,0.13717961311340332,-1.9864641671992125
15,0,50,Lucía destrozó a la oponente en el bar en diez minutos.,14,1,0,1,0,1,1,0.5207183361053467,0.7312791347503662,1.2539987564086914,95.74468085106383,0,0.15777777777777757,0,1,-0.6525460050961579,-0.3129600388360947,0.2263374505106291,2,0.3788466453552246,-0.9706237854539769
44,3,52,Martín detectó la intrusa en el hospital en dos minutos.,14,1,0,1,0,0,0,2.4865427017211914,1.1229112148284912,1.2457044124603271,95.74468085106383,0,-0.1200000000000001,0,0,0.910893272450166,0.1159246119260275,0.2197011630569055,2,0.33213090896606445,-1.102226083668435
26,1,53,Juan escuchó a una vecina en el balcón durante una noche.,14,1,0,1,1,0,1,0.3759784698486328,1.2347869873046875,1.1308562755584717,95.74468085106383,0,0.6299999999999999,1,1,-0.9782233982725888,0.21089847528833655,0.12297511174551302,2,0.4246549606323242,-0.8564782971280718
18,4,55,María transportó una mochilera en la furgoneta durante un día.,14,1,0,1,1,1,0,0.42526912689208984,1.8957970142364502,1.3676133155822754,95.74468085106383,0,-0.4950000000000001,1,0,-0.8550330707233131,0.6396393380996267,0.3130671151953026,2,1.302797794342041,0.26451410140503034
43,3,56,Sofía conoció la chica en el colegio en dos días.,14,1,0,1,0,0,0,0.4341769218444824,1.1902377605438232,1.192448616027832,95.74468085106383,0,-0.1200000000000001,0,0,-0.8343031739305126,0.17415308594264278,0.17600885356715246,2,0.41468334197998047,-0.8802400813815864
20,1,59,Claudia maltrató a una compañera en la casa durante varios años.,14,1,0,1,1,1,1,0.405808687210083,1.1985819339752197,1.2051572799682617,95.74468085106383,0,0.6299999999999999,1,1,-0.9018734442047693,0.1811391363229985,0.18661008122049735,2,0.3797478675842285,-0.968247752836758
21,3,62,Hugo apaleó la rebelde en la calle durante varios minutos.,14,1,0,1,0,1,0,0.4290311336517334,1.546001672744751,1.031458854675293,95.74468085106383,0,-0.1200000000000001,0,0,-0.8462257900726218,0.4356720321470194,0.03097416390692204,2,0.49675965309143066,-0.6996489652449465
25,0,63,Pedro observó a la secretaria en la oficina durante una hora.,14,1,0,1,0,0,1,0.39771366119384766,1.2442238330841064,1.3170571327209473,95.74468085106383,0,0.15777777777777757,0,1,-0.9220229768584629,0.21851190826342134,0.2753998027776565,2,0.43555569648742676,-0.8311325999658289
40,4,64,Adrián percibió una mujer detrás de él durante algunos minutos.,14,1,0,1,1,0,0,0.5654895305633545,1.2300159931182861,1.1453735828399658,95.74468085106383,0,-0.4950000000000001,1,0,-0.570063497189994,0.20702717183498587,0.1357308570133475,2,0.38703179359436035,-0.9492484353362143
30,5,66,Carlos esperó la furgoneta en la esquina durante una hora.,14,1,0,0,0,0,0,0.45677661895751953,1.26651930809021,1.1938726902008057,95.74468085106383,0,-0.06444444444444475,2,1,-0.7835608063690437,0.23627243557845054,0.17720238466316038,2,0.3800673484802246,-0.967406809122894
6,4,68,Francisco besó una novia en la iglesia durante unos segundos.,14,1,0,1,1,1,0,0.4084186553955078,1.5363538265228271,1.3996546268463135,95.74468085106383,0,-0.4950000000000001,1,0,-0.8954625145098469,0.4294119640067871,0.33622551107719284,2,0.5117285251617432,-0.6699610188547088
37,4,70,Isabel vió una estudiante desde su ventana durante una mañana.,14,1,0,1,1,0,0,0.16518688201904297,1.3256027698516846,1.0355167388916016,95.74468085106383,0,-0.4950000000000001,1,0,-1.8006778277125242,0.2818672766359424,0.03490056675578152,2,0.45331859588623047,-0.7911600985230721
5,3,71,Manuel abrazó la señora en el parque en pocos instantes.,14,1,0,1,0,1,0,0.12653160095214844,1.5209739208221436,1.1648516654968262,95.74468085106383,0,-0.1200000000000001,0,0,-2.0672631921134528,0.41935086705661884,0.15259375315725468,2,0.48303914070129395,-0.7276575919642145
36,0,73,Irene oyó a la niña en la sala durante una noche.,14,1,0,1,0,0,1,0.38042736053466797,1.1433568000793457,1.2388050556182861,95.74468085106383,0,0.15777777777777757,0,1,-0.9664600252016684,0.13396849714984668,0.21414725016951805,2,0.3598005771636963,-1.0222053533433215
13,4,76,Martina atropelló una anciana en el aparcamiento en pocos minutos.,14,1,0,1,1,1,0,0.39485955238342285,1.303877592086792,1.3056914806365967,95.74468085106383,0,-0.4950000000000001,1,0,-0.9292251408950065,0.26534258799920796,0.26673277066261575,2,0.45124030113220215,-0.7957552629018716
10,5,77,Mateo eliminó la carpeta en el banco en pocos segundos.,14,1,0,0,0,1,0,0.398618221282959,1.3696560859680176,1.3390355110168457,95.74468085106383,0,-0.06444444444444475,2,1,-0.9197511590446492,0.3145596761860586,0.2919495869076674,2,0.483959436416626,-0.7257541848342385
34,0,82,Carmen odió a la vendedora en el cine durante la película.,14,1,0,1,0,0,1,0.401231050491333,1.2728815078735352,0.9469945430755615,95.74468085106383,0,0.15777777777777757,0,1,-0.9132178318429274,0.24128323423238612,-0.05446194814047362,2,0.47469639778137207,-0.7450798418645014
17,2,83,Luis zarandeó a la muñeca en la casa durante algunos minutos.,14,1,0,0,0,1,1,0.17865467071533203,1.558290958404541,1.13792085647583,95.74468085106383,0,-0.1200000000000001,2,0,-1.7223005503522013,0.4435896812351446,0.12920278713088662,2,0.24283552169799805,-1.4153709302587585
48,4,86,Samuel descubrió una infiltrada en el museo en pocas horas.,14,1,0,1,1,0,0,0.38799476623535156,1.2735421657562256,1.1746747493743896,95.74468085106383,0,-0.4950000000000001,1,0,-0.9467634285339875,0.241802125023699,0.160991300234355,2,0.5053808689117432,-0.682442938104723
19,5,87,Lucas arrastró la carreta en la calle por un tiempo.,14,1,0,0,0,1,0,0.32697033882141113,1.3874595165252686,1.2016441822052002,95.74468085106383,0,-0.06444444444444475,2,1,-1.1178858191671712,0.32747438893370173,0.1836907708301149,2,0.4322700500488281,-0.8387047701877859
33,5,88,Marco imaginó la fiesta en la playa durante dos minutos.,14,1,0,0,0,0,0,0.4348740577697754,1.3810639381408691,1.1549789905548096,95.74468085106383,0,-0.06444444444444475,2,1,-0.8326988121814776,0.3228541717919609,0.14408215381248102,2,0.45420336723327637,-0.7892102357906551
9,1,90,Carlos quemó a una bruja en la plaza en pocos minutos.,14,1,0,1,1,1,1,0.37264037132263184,1.2498977184295654,1.2864155769348145,95.74468085106383,0,0.6299999999999999,1,1,-0.9871414763818328,0.2230617227099932,0.2518597283048979,2,0.40849947929382324,-0.8952646393614152
14,0,91,Helena derribó a la futbolista en el campo durante el partido.,14,1,0,1,0,1,1,0.4224834442138672,1.17179536819458,1.2069320678710938,95.74468085106383,0,0.15777777777777757,0,1,-0.8616050182452942,0.1585370753938063,0.18808165873457497,2,0.40360474586486816,-0.9073192317391414
39,2,95,Valeria admiró a la escenografía en el teatro durante el concierto.,14,1,0,0,0,0,1,1.1420674324035645,1.1167678833007812,1.160599708557129,95.74468085106383,0,-0.1200000000000001,2,0,0.1328401571294233,0.11043869482304275,0.14893686166037146,2,0.3576934337615967,-1.0280789897165268
2,5,96,Simón pateó la pelota en la cancha en un instante.,14,1,0,0,0,1,0,0.4291839599609375,1.2463889122009277,1.2126271724700928,95.74468085106383,0,-0.06444444444444475,2,1,-0.8458696408695678,0.22025050023544568,0.19278922284092215,2,0.40779948234558105,-0.8969796902256653
38,5,97,Unai amó la vida en su pueblo durante varios años.,14,1,0,0,0,0,0,0.38924336433410645,0.6919107437133789,1.2389678955078125,95.74468085106383,0,-0.06444444444444475,2,1,-0.9435505157245594,-0.3682983147566513,0.21427869069532313,2,0.3571186065673828,-1.0296873210979052
45,3,99,Gabriela localizó la amiga en la ciudad en dos minutos.,14,1,0,1,0,0,0,0.3824961185455322,1.0830047130584717,0.7126946449279785,95.74468085106383,0,-0.1200000000000001,0,0,-0.9610367733604135,0.07973931986392875,-0.33870221828396546,2,0.3336961269378662,-1.097524499711504
23,0,100,Daniel remolcó a la enferma en la calle durante algunos minutos.,14,1,0,1,0,1,1,0.41860079765319824,1.272425889968872,1.140495777130127,95.74468085106383,0,0.15777777777777757,0,1,-0.8708375634460183,0.2409252280364228,0.13146306008760075,2,0.4425210952758789,-0.8152671427306319
3,2,105,Pablo secuestró a la camioneta en el aeropuerto durante una hora.,14,1,0,0,0,1,1,0.37412285804748535,1.152585506439209,1.1249911785125732,95.74468085106383,0,-0.1200000000000001,2,0,-0.9831710380579108,0.14200768527470825,0.117775194303483,2,0.3714175224304199,-0.9904284517730523
30,4,0,Carlos esperó una profesora en la esquina durante una hora.,15,0,0,1,1,0,0,1.307884693145752,2.5117809772491455,2.1888155937194824,95.74468085106383,-0.05000000000000026,-0.9700000000000002,1,0,0.26841109406177327,0.9209920542191009,0.7833605727443104,0,0.9001860618591309,-0.10515380162560982
3,5,1,Pablo secuestró la camioneta en el aeropuerto durante una hora.,15,0,0,0,0,1,0,0.815406322479248,2.6175878047943115,2.031691789627075,95.74468085106383,0.04999999999999982,0.5577777777777775,2,1,-0.20406873478936025,0.9622532084890595,0.7088688398787815,0,0.7011101245880127,-0.35509030786933093
21,1,4,Hugo apaleó a una rebelde en la calle durante varios minutos.,15,0,0,1,1,1,1,0.9614624977111816,2.746619462966919,2.492670774459839,95.74468085106383,0.04999999999999982,1.4049999999999998,1,1,-0.039299718654504816,1.010370869292578,0.9133547358367137,0,0.8578836917877197,-0.15328674603987372
17,5,6,Luis zarandeó la muñeca en la casa durante algunos minutos.,15,0,0,0,0,1,0,0.8086869716644287,2.5397558212280273,2.2304446697235107,95.74468085106383,0.04999999999999982,0.5577777777777775,2,1,-0.21234336923094438,0.9320679430345438,0.802200969057257,0,0.9272804260253906,-0.07549924996620969
33,2,7,Marco imaginó a la fiesta en la playa durante dos minutos.,15,0,0,0,0,0,1,1.0628044605255127,2.859579086303711,2.6099934577941895,95.74468085106383,-0.05000000000000026,-0.5950000000000002,2,0,0.060911131851350143,1.0506744413797282,0.959347714739196,0,0.9030213356018066,-0.10200909837826624
18,3,8,María transportó la mochilera en la furgoneta durante un día.,15,0,0,1,0,1,0,1.3046841621398926,2.7145731449127197,2.399226665496826,95.74468085106383,0.04999999999999982,-0.7200000000000002,0,0,0.2659609901340225,0.998634719998755,0.8751464627193523,0,0.7546641826629639,-0.28148241985693145
23,0,10,Daniel remolcó a la enferma en la calle durante algunos minutos.,15,0,0,1,0,1,1,0.9679908752441406,1.8560922145843506,2.3636043071746826,95.74468085106383,0.04999999999999982,0.22444444444444445,0,1,-0.032532618150670004,0.6184733177118563,0.8601877027819693,0,0.709019660949707,-0.3438720222989408
38,5,12,Unai amó la vida en su pueblo durante varios años.,15,0,0,0,0,0,0,0.6997134685516357,2.449136734008789,2.192939519882202,95.74468085106383,-0.05000000000000026,0.5577777777777775,2,1,-0.35708435837790775,0.895735608999767,0.7852428903423653,0,0.90659332275390625,-0.09806130565372849
25,5,13,Pedro observó la planta en la oficina durante una hora.,15,0,0,0,0,0,0,0.825345516204834,2.6878020763397217,1.83931565284729,95.74468085106383,-0.05000000000000026,0.5577777777777775,2,1,-0.19195317280183646,0.9887237876358196,0.6093935746382096,0,0.852874755859375,-0.15914257010263605
46,2,15,Alejandro identificó a la amenaza en el aeropuerto en dos horas.,15,0,0,0,0,0,1,0.7639472484588623,1.6823196411132812,1.878225326538086,95.74468085106383,-0.05000000000000026,-0.5950000000000002,2,0,-0.269256538719251,0.5201735798298383,0.6303273557709392,0,0.6530959606170654,-0.42603120703054026
27,4,19,Felipe anunció una cantante en el escenario en cinco minutos.,15,0,0,1,1,0,0,0.8768763542175293,1.8433406352996826,1.9689016342163086,95.74468085106383,-0.05000000000000026,-0.9700000000000002,1,0,-0.13138928375878747,0.6115794881420217,0.677475841180191,0,0.5408551692962646,-0.614603745225222
13,1,20,Martina atropelló a una anciana en el aparcamiento en pocos minutos.,15,0,0,1,1,1,1,1.3378400802612305,2.1223831176757812,1.6561870574951172,95.74468085106383,0.04999999999999982,1.4049999999999998,1,1,0.2910564330838746,0.7525395694542071,0.5045180070084461,0,0.7406442165374756,-0.30023490861552865
42,0,21,Ismael encontró a la conocida en la carretera en pocas horas.,15,0,0,1,0,0,1,0.710498571395874,1.8554108142852783,1.8757960796356201,95.74468085106383,-0.05000000000000026,0.22444444444444445,0,1,-0.3417883421495028,0.6181061347666033,0.6290331451212346,0,0.5702199935913086,-0.5617330389455377
40,3,23,Adrián percibió la mujer detrás de él durante algunos minutos.,15,0,0,1,0,0,0,0.7477548122406006,2.0140128135681152,1.8101634979248047,95.74468085106383,-0.05000000000000026,-0.7200000000000002,0,0,-0.2906801458651044,0.700129156524451,0.5934171715433904,0,0.6661050319671631,-0.40630791521957665
43,0,27,Sofía conoció a la chica en el colegio en dos días.,15,0,0,1,0,0,1,0.7148122787475586,1.5617845058441162,1.982881784439087,95.74468085106383,-0.05000000000000026,0.22444444444444445,0,1,-0.3357353179658926,0.445829081492986,0.6845512332569055,0,0.5217783451080322,-0.6505124075085684
11,2,29,Valeria neutralizó a la bomba en la frontera en cinco minutos.,15,0,0,0,0,1,1,1.06093168258667,2.131251573562622,1.8469746112823486,95.74468085106383,0.04999999999999982,-0.5950000000000002,2,0,0.05914746791375797,0.7567094003779203,0.6135489552007799,0,0.706371545791626,-0.34761391109310247
34,4,31,Carmen odió una vendedora en el cine durante la película.,15,0,0,1,1,0,0,1.3630316257476807,1.6851859092712402,1.9395983219146729,95.74468085106383,-0.05000000000000026,-0.9700000000000002,1,0,0.3097113554882617,0.5218758896299226,0.6624809010778635,0,0.6720938682556152,-0.397357263309826
0,2,32,Juan golpeó a la piedra en la calle en diez segundos.,15,0,0,0,0,1,1,0.7562673091888428,1.8427753448486328,2.4515864849090576,95.74468085106383,0.04999999999999982,-0.5950000000000002,2,0,-0.27936038171542255,0.6112727748109568,0.8967353598507664,0,0.6347877979278564,-0.4544645124304165
41,5,36,Emma investigó la epidemia en la ciudad durante varias semanas.,15,0,0,0,0,0,0,0.6467421054840088,1.5400328636169434,2.2484548091888428,95.74468085106383,-0.05000000000000026,0.5577777777777775,2,1,-0.43580766443192215,0.4318037562088452,0.8102432288228921,0,0.49672365188598633,-0.6997214399514257
12,4,37,Paula abatió una contrincante en el ring en pocos minutos.,15,0,0,1,1,1,0,1.169945478439331,1.5085675716400146,1.3915157318115234,95.74468085106383,0.04999999999999982,-0.9700000000000002,1,0,0.15695714809936515,0.4111605725415132,0.33039360756957553,0,0.4293632507324219,-0.8454519800307517
24,4,40,Coral guió una turista en el palacio en una hora.,15,0,0,1,1,1,0,0.9461932182312012,2.0355682373046875,2.0714080333709717,95.74468085106383,0.04999999999999982,-0.9700000000000002,1,0,-0.055308483184267836,0.7107750120072893,0.7282285853977037,0,0.5318903923034668,-0.6313178403722484
28,0,42,Anna comprendió a la maestra en la escuela en dos minutos.,15,0,0,1,0,0,1,0.7865157127380371,2.138780117034912,1.6499347686767578,95.74468085106383,-0.05000000000000026,0.22444444444444445,0,1,-0.2401425786311863,0.7602356277311585,0.5007357529956964,0,0.5470788478851318,-0.6031623409059098
26,1,43,Juan escuchó a una vecina en el balcón durante una noche.,15,0,0,1,1,0,1,0.7663321495056152,1.9433646202087402,2.0200624465942383,95.74468085106383,-0.05000000000000026,1.4049999999999998,1,1,-0.2661395876830189,0.664420811157528,0.7031284250908443,0,0.8695712089538574,-0.13975505210196065
1,0,45,Carlos asaltó a la conductora en el barrio en pocos instantes.,15,0,0,1,0,1,1,0.9408676624298096,3.079841136932373,2.170848846435547,95.74468085106383,0.04999999999999982,0.22444444444444445,0,1,-0.0609527843241884,1.1248780167371843,0.7751182645365737,0,1.1644032001495361,0.15220868121047385
31,5,48,Miguel recibió la caja en la casa en un día.,15,0,0,0,0,0,0,0.7209961414337158,2.2669951915740967,2.0145082473754883,95.74468085106383,-0.05000000000000026,0.5577777777777775,2,1,-0.3271214933984489,0.8184552504706929,0.7003751196470837,0,0.7701315879821777,-0.26119388525168774
45,5,50,Gabriela localizó la bodega en la ciudad en dos minutos.,15,0,0,0,0,0,0,0.6771659851074219,1.7415404319763184,3.690319299697876,95.74468085106383,-0.05000000000000026,0.5577777777777775,2,1,-0.38983885870967344,0.5547700273079705,1.3057129853922729,0,0.5848722457885742,-0.536361838866773
2,3,52,Simón pateó la jugadora en la cancha en un instante.,15,0,0,1,0,1,0,0.42677783966064453,1.5855591297149658,1.545001745223999,95.74468085106383,0.04999999999999982,-0.7200000000000002,0,0,-0.8514916829722536,0.4609371083500335,0.4350250399438922,0,0.5104110240936279,-0.6725389482552886
15,1,53,Lucía destrozó a una oponente en el bar en diez minutos.,15,0,0,1,1,1,1,0.41710329055786133,1.3688554763793945,1.8045878410339355,95.74468085106383,0.04999999999999982,1.4049999999999998,1,1,-0.8744213886761889,0.31397497198218366,0.5903322227931437,0,0.4522871971130371,-0.7934379090828338
14,0,54,Helena derribó a la futbolista en el campo durante el partido.,15,0,0,1,0,1,1,0.779280424118042,1.7607405185699463,2.335291862487793,95.74468085106383,0.04999999999999982,0.22444444444444445,0,1,-0.2493843182761269,0.565734469747411,0.8481368779511345,0,0.5251047611236572,-0.6441574912995258
35,0,57,Carlos vigiló a la niña en la habitación durante unas horas.,15,0,0,1,0,0,1,0.7049310207366943,3.189059257507324,2.2066233158111572,95.74468085106383,-0.05000000000000026,0.22444444444444445,0,1,-0.3496553238834745,1.159725969701415,0.7914634356850349,0,0.8015687465667725,-0.22118453822552686
29,3,64,Alfonso miró la granjera en la colina durante dos horas.,15,0,0,1,0,0,0,0.9959964752197266,1.7473266124725342,1.6922869682312012,95.74468085106383,-0.05000000000000026,-0.7200000000000002,0,0,-0.004011560339818375,0.5580869698727131,0.5260808497765964,0,0.5968875885009766,-0.5160264772872832
36,2,65,Irene oyó a la discusión en la sala durante una noche.,15,0,0,0,0,0,1,0.901555061340332,1.7684824466705322,1.9314243793487549,95.74468085106383,-0.05000000000000026,-0.5950000000000002,2,0,-0.10363416073266772,0.5701218040673669,0.658257751101623,0,0.4794156551361084,-0.7351873018285378
20,2,67,Claudia maltrató a la camiseta en la casa durante varios años.,15,0,0,0,0,1,1,0.8750960826873779,1.7234561443328857,2.1278796195983887,95.74468085106383,0.04999999999999982,-0.5950000000000002,2,0,-0.13342158986749122,0.5443316609491997,0.7551260001416706,0,0.7289369106292725,-0.31616809306516086
16,0,69,Valentina venció a la adversaria en la guerra en dos años.,15,0,0,1,0,1,1,0.7289035320281982,1.858055591583252,3.648064613342285,95.74468085106383,0.04999999999999982,0.22444444444444445,0,1,-0.3162138849091835,0.619530560064206,1.2941967840459876,0,0.6510381698608398,-0.4291870058336548
4,5,72,Jorge arrolló la valla en la calle en un segundo.,15,0,0,0,0,1,0,1.187361717224121,2.0360748767852783,1.9839580059051514,95.74468085106383,0.04999999999999982,0.5577777777777775,2,1,0.17173380149261666,0.7110238744291713,0.6850938422602182,0,0.7031662464141846,-0.35216193374303423
49,3,73,Alba mencionó la actriz en el teatro tras varios minutos.,15,0,0,1,0,0,0,0.79530930519104,1.9787466526031494,2.4031317234039307,95.74468085106383,-0.05000000000000026,-0.7200000000000002,0,0,-0.2290241768598572,0.6824636405392089,0.8767727714833258,0,0.7625484466552734,-0.2710892359218545
37,5,74,Isabel vió la tormenta desde su ventana durante una mañana.,15,0,0,0,0,0,0,0.947333812713623,2.0399560928344727,2.1913561820983887,95.74468085106383,-0.05000000000000026,0.5577777777777775,2,1,-0.0541037529620589,0.7129282845041428,0.7845206133974358,0,0.621760368347168,-0.47520052036662896
32,1,75,Martín buscó a una médica en el hospital durante dos horas.,15,0,0,1,1,0,1,0.7095596790313721,2.020439386367798,2.722010374069214,95.74468085106383,-0.05000000000000026,1.4049999999999998,1,1,-0.3431106717103194,0.7033150057633627,1.0013707154156979,0,0.6048328876495361,-0.5028030778678212
6,2,79,Francisco besó a la cruz en la iglesia durante unos segundos.,15,0,0,0,0,1,1,0.7095692157745361,2.1056838035583496,1.7170581817626953,95.74468085106383,0.04999999999999982,-0.5950000000000002,2,0,-0.3430972314326968,0.7446402616790138,0.5406124670504302,0,0.7053425312042236,-0.34907173429740845
7,4,82,Tomás empujó una vieja a la puerta en pocos segundos.,15,0,0,1,1,1,0,0.7120938301086426,1.6555657386779785,1.8608486652374268,95.74468085106383,0.04999999999999982,-0.9700000000000002,1,0,-0.33954559239243837,0.5041427864755934,0.6210326552978854,0,0.5375857353210449,-0.6206670241262626
10,1,83,Mateo eliminó a una rehén en el banco en pocos segundos.,15,0,0,1,1,1,1,1.2379913330078125,2.4155960083007812,1.8574004173278809,95.74468085106383,0.04999999999999982,1.4049999999999998,1,1,0.21349017343645477,0.8819460509832713,0.6191778850436483,0,0.6656756401062012,-0.40695275394541947
47,3,86,Marta descartó la aspirante en la selección en un día.,15,0,0,1,0,0,0,0.8241667747497559,1.890834093093872,2.0489847660064697,95.74468085106383,-0.05000000000000026,-0.7200000000000002,0,0,-0.19338237301111613,0.6370180508162063,0.7173444343860151,0,0.7735240459442139,-0.25679852225865923
5,0,90,Manuel abrazó a la señora en el parque en pocos instantes.,15,0,0,1,0,1,1,0.5965311527252197,2.6233575344085693,2.112553119659424,95.74468085106383,0.04999999999999982,0.22444444444444445,0,1,-0.516623812948342,0.9644549990332245,0.7478972253339623,0,0.596477746963501,-0.5167133441526246
22,4,92,Carla asedió una contrincante en la región durante bastante tiempo.,15,0,0,1,1,1,0,1.1668002605438232,1.9279379844665527,1.8798017501831055,95.74468085106383,0.04999999999999982,-0.9700000000000002,1,0,0.1542651823091617,0.6564510299379098,0.6311663192511385,0,0.6337318420410156,-0.45612937609901905
44,1,93,Martín detectó a una intrusa en el hospital en dos minutos.,15,0,0,1,1,0,1,0.693852424621582,1.6931123733520508,1.6892931461334229,95.74468085106383,-0.05000000000000026,1.4049999999999998,1,1,-0.36549598572489894,0.5265684762300351,0.5243101847154551,0,0.4642915725708008,-0.7672425349484698
48,1,96,Samuel descubrió a una infiltrada en el museo en pocas horas.,15,0,0,1,1,0,1,0.6298832893371582,1.5907886028289795,1.4114463329315186,95.74468085106383,-0.05000000000000026,1.4049999999999998,1,1,-0.4622207317787734,0.4642298698983888,0.344614946686077,0,0.5310750007629395,-0.6328520233395951
39,3,98,Valeria admiró la cantante en el teatro durante el concierto.,15,0,0,1,0,0,0,0.6917169094085693,1.7038853168487549,3.4556987285614014,95.74468085106383,-0.05000000000000026,-0.7200000000000002,0,0,-0.36857849751483807,0.5329111238234154,1.2400246736933147,0,0.6447837352752686,-0.4388403125568855
9,2,99,Carlos quemó a la página en la plaza en pocos minutos.,15,0,0,0,0,1,1,0.6074001789093018,1.740591049194336,1.8750829696655273,95.74468085106383,0.04999999999999982,-0.5950000000000002,2,0,-0.4985674318211383,0.5542247389920983,0.6286529089316314,0,0.5431575775146484,-0.6103558031463028
8,3,103,Helena colgó la criminal en el patio en cinco minutos.,15,0,0,1,0,1,0,0.632910966873169,1.832660436630249,2.2570223808288574,95.74468085106383,0.04999999999999982,-0.7200000000000002,0,0,-0.45742551937949455,0.6057687016313246,0.8140464139709289,0,0.5765833854675293,-0.5506353088521438
19,4,104,Lucas arrastró una víctima en la calle por un tiempo.,15,0,0,1,1,1,0,2.709440231323242,1.503551721572876,1.7702579498291016,95.74468085106383,0.04999999999999982,-0.9700000000000002,1,0,0.9967420568485441,0.40783012363485055,0.5711252703342407,0,0.46914005279541016,-0.7568539350810879
6,1,1,Francisco besó a una novia en la iglesia durante unos segundos.,16,0,0,1,1,1,1,0.41076183319091797,1.2441740036010742,1.2670707702636719,95.74468085106383,0.1499999999999999,0.7949999999999999,1,1,-0.889741713737379,0.21847185881288392,0.23670775634078076,0,0.4175913333892822,-0.873251996007218
13,4,4,Martina atropelló una anciana en el aparcamiento en pocos minutos.,16,0,0,1,1,1,0,0.42522335052490234,1.197697639465332,1.4176006317138672,95.74468085106383,0.1499999999999999,-0.7050000000000001,1,0,-0.8551407174537599,0.18040108007961983,0.3489657464906648,0,0.3892676830291748,-0.9434880408369939
40,5,9,Adrián percibió la sombra detrás de él durante algunos minutos.,16,0,0,0,0,0,0,0.4618873596191406,1.4362454414367676,1.0739614963531494,95.74468085106383,-0.1499999999999999,0.5311111111111111,2,1,-0.7724342279751535,0.362032376241426,0.07135414474862979,0,0.6268293857574463,-0.46708088740800346
14,3,15,Helena derribó la futbolista en el campo durante el partido.,16,0,0,1,0,1,0,0.725482702255249,1.32716965675354,1.2581322193145752,95.74468085106383,0.1499999999999999,-0.45500000000000007,0,0,-0.3209180494572951,0.28304859702992646,0.2296282555491171,0,0.5498313903808594,-0.5981436106995377
35,5,18,Carlos vigiló la operación en la habitación durante unas horas.,16,0,0,0,0,0,0,0.4760091304779053,1.1442794799804688,1.1583316326141357,95.74468085106383,-0.1499999999999999,0.5311111111111111,2,1,-0.7423182432584114,0.13477516380328172,0.1469807221007786,0,0.3795764446258545,-0.9686992673175399
31,2,22,Miguel recibió a la caja en la casa en un día.,16,0,0,0,0,0,1,0.46190595626831055,1.208000898361206,1.8250463008880615,95.74468085106383,-0.1499999999999999,-0.5800000000000001,2,0,-0.7723939664819112,0.18896684318884174,0.6016053570622557,0,0.3962428569793701,-0.9257279805036124
10,3,24,Mateo eliminó la rehén en el banco en pocos segundos.,16,0,0,1,0,1,0,0.35500502586364746,1.4850928783416748,1.1419284343719482,95.74468085106383,0.1499999999999999,-0.45500000000000007,0,0,-1.0356233322445485,0.39547731463667557,0.13271844234542587,0,0.679091215133667,-0.3869998229883731
27,1,25,Felipe anunció a una cantante en el escenario en cinco minutos.,16,0,0,1,1,0,1,0.6988437175750732,1.2178146839141846,1.2055346965789795,95.74468085106383,-0.1499999999999999,0.7949999999999999,1,1,-0.35832814175311095,0.19705800985833918,0.18692320012367797,0,0.39774250984191895,-0.9219504432629378
42,0,26,Ismael encontró a la conocida en la carretera en pocas horas.,16,0,0,1,0,0,1,0.5061783790588379,1.2204139232635498,1.101745367050171,95.74468085106383,-0.1499999999999999,0.30888888888888877,0,1,-0.6808661440337266,0.1991900825658239,0.09689561964845027,0,0.3938291072845459,-0.9318382016321581
18,2,28,María transportó a la guitarra en la furgoneta durante un día.,16,0,0,0,0,1,1,0.4417150020599365,1.785477876663208,1.7974915504455566,95.74468085106383,0.1499999999999999,-0.5800000000000001,2,0,-0.8170903965916224,0.5796860974201323,0.5863921098763176,0,0.40833234786987305,-0.8956738580542344
0,2,30,Juan golpeó a la piedra en la calle en diez segundos.,16,0,0,0,0,1,1,0.3902425765991211,1.2109429836273193,1.1032676696777344,95.74468085106383,0.1499999999999999,-0.5800000000000001,2,0,-0.9409867419350502,0.19139938140419477,0.09827638506259037,0,0.35857200622558594,-1.0256257849252286
33,5,34,Marco imaginó la fiesta en la playa durante dos minutos.,16,0,0,0,0,0,0,0.38542723655700684,1.1485278606414795,1.1178984642028809,95.74468085106383,-0.1499999999999999,0.5311111111111111,2,1,-0.9534028546193166,0.13848100113879583,0.11145055146985272,0,0.39716029167175293,-0.9234153224234366
22,0,35,Carla asedió a la contrincante en la región durante bastante tiempo.,16,0,0,1,0,1,1,0.6986558437347412,0.87876296043396,1.9032671451568604,95.74468085106383,0.1499999999999999,0.30888888888888877,0,1,-0.3585970131669778,-0.12924008725027972,0.6435719595213455,0,0.3654754161834717,-1.006556262838347
5,1,36,Manuel abrazó a una señora en el parque en pocos instantes.,16,0,0,1,1,1,1,0.4614560604095459,1.1341629028320312,1.1255526542663574,95.74468085106383,0.1499999999999999,0.7949999999999999,1,1,-0.7733684399522084,0.12589484827944722,0.1182741632702328,0,0.357332706451416,-1.0290879803547621
17,2,38,Luis zarandeó a la muñeca en la casa durante algunos minutos.,16,0,0,0,0,1,1,0.38893795013427734,1.1128251552581787,1.1688461303710938,95.74468085106383,0.1499999999999999,-0.5800000000000001,2,0,-0.9443354593098964,0.10690196674379362,0.15601704882325887,0,0.35656094551086426,-1.0312500985892634
46,0,39,Alejandro identificó a la agresora en el aeropuerto en dos horas.,16,0,0,1,0,0,1,0.6515176296234131,1.0798900127410889,1.0339069366455078,95.74468085106383,-0.1499999999999999,0.30888888888888877,0,1,-0.4284508227320674,0.07685919589553053,0.03334476879151263,0,0.33175110816955566,-1.1033702653999489
23,4,40,Daniel remolcó una enferma en la calle durante algunos minutos.,16,0,0,1,1,1,0,0.4340076446533203,1.508448600769043,1.1151037216186523,95.74468085106383,0.1499999999999999,-0.7050000000000001,1,0,-0.8346931306282919,0.4110817059632553,0.1089474244588607,0,0.6230454444885254,-0.47313581825063755
19,4,41,Lucas arrastró una víctima en la calle por un tiempo.,16,0,0,1,1,1,0,0.4297468662261963,1.107663869857788,1.1109895706176758,95.74468085106383,0.1499999999999999,-0.7050000000000001,1,0,-0.8445589268314057,0.10225317574580751,0.10525112323060111,0,0.4020202159881592,-0.9112529030997825
38,5,43,Unai amó la vida en su pueblo durante varios años.,16,0,0,0,0,0,0,0.14907264709472656,1.4588985443115234,1.1934313774108887,95.74468085106383,-0.1499999999999999,0.5311111111111111,2,1,-1.9033215274634387,0.3776817292965471,0.17683266821109114,0,0.678400993347168,-0.388016730255563
16,3,44,Valentina venció la adversaria en la guerra en dos años.,16,0,0,1,0,1,0,0.39185190200805664,1.2339422702789307,1.1680421829223633,95.74468085106383,0.1499999999999999,-0.45500000000000007,0,0,-0.9368713115763079,0.21021414179479697,0.15532899926960778,0,0.41611552238464355,-0.8767923592318291
12,0,45,Paula abatió a la contrincante en el ring en pocos minutos.,16,0,0,1,0,1,1,0.4492464065551758,1.1323940753936768,1.0592608451843262,95.74468085106383,0.1499999999999999,0.30888888888888877,0,1,-0.8001837521146753,0.12433404233948087,0.057571349022343274,0,0.3800547122955322,-0.9674400569007066
4,1,47,Jorge arrolló a una ciclista en la calle en un segundo.,16,0,0,1,1,1,1,0.383648157119751,1.1230146884918213,1.1053917407989502,95.74468085106383,0.1499999999999999,0.7949999999999999,1,1,-0.9580294039155467,0.11601675536072435,0.10019978870370452,0,0.3829689025878906,-0.9598014873854175
21,4,48,Hugo apaleó una rebelde en la calle durante varios minutos.,16,0,0,1,1,1,0,0.41589951515197754,1.1678402423858643,1.054790735244751,95.74468085106383,0.1499999999999999,-0.7050000000000001,1,0,-0.8773115980142402,0.15515609627173924,0.0533423920347862,0,0.3584017753601074,-1.0261006443219023
26,3,49,Juan escuchó la vecina en el balcón durante una noche.,16,0,0,1,0,0,0,0.3426532745361328,1.4709985256195068,1.2106294631958008,95.74468085106383,-0.1499999999999999,-0.45500000000000007,0,0,-1.0710362044918589,0.3859414393207063,0.19114044185961773,0,0.3454170227050781,-1.0630028304507455
34,3,52,Carmen odió la vendedora en el cine durante la película.,16,0,0,1,0,0,0,0.40810108184814453,1.1081843376159668,1.1125316619873047,95.74468085106383,-0.1499999999999999,-0.45500000000000007,0,0,-0.8962403856350412,0.10272294417669078,0.10663819486658162,0,0.3881192207336426,-0.9464427166245326
30,3,53,Carlos esperó la profesora en la esquina durante una hora.,16,0,0,1,0,0,0,0.3752591609954834,1.110722303390503,1.1005630493164062,95.74468085106383,-0.1499999999999999,-0.45500000000000007,0,0,-0.9801383957206342,0.10501052747055781,0.0958219118620528,0,0.3331756591796875,-1.0990854230394635
41,4,59,Emma investigó una empresaria en la ciudad durante varias semanas.,16,0,0,1,1,0,0,0.3532071113586426,1.3736588954925537,1.1571133136749268,95.74468085106383,-0.1499999999999999,-0.7050000000000001,1,0,-1.040700676370528,0.31747790642376006,0.14592838090510962,0,0.35570240020751953,-1.0336608522081563
45,5,60,Gabriela localizó la bodega en la ciudad en dos minutos.,16,0,0,0,0,0,0,0.38914060592651367,1.1117033958435059,1.1840147972106934,95.74468085106383,-0.1499999999999999,0.5311111111111111,2,1,-0.943814545848806,0.10589342989296281,0.16891103402788574,0,0.335843563079834,-1.0911098135097042
3,1,65,Pablo secuestró a una turista en el aeropuerto durante una hora.,16,0,0,1,1,1,1,0.32976365089416504,1.0940072536468506,1.0316472053527832,95.74468085106383,0.1499999999999999,0.7949999999999999,1,1,-1.10937909053372,0.08984733436798273,0.031156753335224097,0,0.36996030807495117,-0.994359554571397
43,0,66,Sofía conoció a la chica en el colegio en dos días.,16,0,0,1,0,0,1,0.3444702625274658,1.0283081531524658,1.0281000137329102,95.74468085106383,-0.1499999999999999,0.30888888888888877,0,1,-1.065747512929258,0.027914881989897656,0.027712451924098346,0,0.32853102684020996,-1.1131239954712955
9,5,70,Carlos quemó la página en la plaza en pocos minutos.,16,0,0,0,0,1,0,0.3335251808166504,0.9340124130249023,1.0405161380767822,95.74468085106383,0.1499999999999999,0.5311111111111111,2,1,-1.0980369117791924,-0.06826555066505308,0.039716876656101165,0,0.33867812156677246,-1.0827051165598875
28,0,72,Anna comprendió a la maestra en la escuela en dos minutos.,16,0,0,1,0,0,1,0.35053420066833496,1.0945255756378174,0.9810919761657715,95.74468085106383,-0.1499999999999999,0.30888888888888877,0,1,-1.0482970004679841,0.09032100512468533,-0.01908906625233915,0,0.3663480281829834,-1.0041715007217984
7,0,73,Tomás empujó a la vieja a la puerta en pocos segundos.,16,0,0,1,0,1,1,0.3689725399017334,1.122091293334961,1.0050978660583496,95.74468085106383,0.1499999999999999,0.30888888888888877,0,1,-0.9970330553212162,0.1151941703991212,0.005084915932533134,0,0.40323662757873535,-0.9082317241417167
20,2,74,Claudia maltrató a la camiseta en la casa durante varios años.,16,0,0,0,0,1,1,0.3768332004547119,1.080216407775879,1.1295592784881592,95.74468085106383,0.1499999999999999,-0.5800000000000001,2,0,-0.9759526285513593,0.07716139863348263,0.12182753761001562,0,0.3444178104400635,-1.0658997933636623
8,1,75,Helena colgó a una criminal en el patio en cinco minutos.,16,0,0,1,1,1,1,0.4481232166290283,1.0196821689605713,1.1549921035766602,95.74468085106383,0.1499999999999999,0.7949999999999999,1,1,-0.8026870472645596,0.01949097968084256,0.14409350722022196,0,0.34691691398620605,-1.0586699686677838
44,3,76,Martín detectó la intrusa en el hospital en dos minutos.,16,0,0,1,0,0,0,0.3430192470550537,1.1069419384002686,1.0958352088928223,95.74468085106383,-0.1499999999999999,-0.45500000000000007,0,0,-1.0699687195273908,0.10160120284805745,0.09151682037148479,0,0.3306701183319092,-1.106634021916097
11,0,78,Valeria neutralizó a la criminal en la frontera en cinco minutos.,16,0,0,1,0,1,1,0.33625125885009766,1.0869739055633545,1.132174015045166,95.74468085106383,0.1499999999999999,0.30888888888888877,0,1,-1.0898966042809841,0.08339760192944864,0.12413969150487136,0,0.3611729145050049,-1.0183984477786838
1,1,80,Carlos asaltó a una conductora en el barrio en pocos instantes.,16,0,0,1,1,1,1,0.34490966796875,1.0465202331542969,1.0427474975585938,95.74468085106383,0.1499999999999999,0.7949999999999999,1,1,-1.064472728209391,0.045470596834834044,0.04185905424412976,0,0.33690619468688965,-1.0879507414222909
37,3,81,Isabel vió la estudiante desde su ventana durante una mañana.,16,0,0,1,0,0,0,0.3547170162200928,1.1006429195404053,1.093900442123413,95.74468085106383,-0.1499999999999999,-0.45500000000000007,0,0,-1.0364349447978765,0.09589448137636823,0.08974969631521766,0,0.3961505889892578,-0.9259608647885563
39,4,83,Valeria admiró una cantante en el teatro durante el concierto.,16,0,0,1,1,0,0,0.3764622211456299,1.1382956504821777,1.0973761081695557,95.74468085106383,-0.1499999999999999,-0.7050000000000001,1,0,-0.9769375790194913,0.1295321002771441,0.09292197410043226,0,0.37793922424316406,-0.9730218787149211
32,1,91,Martín buscó a una médica en el hospital durante dos horas.,16,0,0,1,1,0,1,0.30153369903564453,0.9272093772888184,0.9621713161468506,95.74468085106383,-0.1499999999999999,0.7949999999999999,1,1,-1.1988734977983364,-0.07557587345206554,-0.0385627608586469,0,0.3226487636566162,-1.1311909664482738
29,2,92,Alfonso miró a la estrella en la colina durante dos horas.,16,0,0,0,0,0,1,0.3284440040588379,0.9881458282470703,0.9916892051696777,95.74468085106383,-0.1499999999999999,-0.5800000000000001,2,0,-1.1133889150733751,-0.011924992685640338,-0.00834552202659543,0,0.34491658210754395,-1.0644526821795584
15,2,95,Lucía destrozó a la mesa en el bar en diez minutos.,16,0,0,0,0,1,1,0.38140416145324707,1.1617136001586914,0.9708728790283203,95.74468085106383,0.1499999999999999,-0.5800000000000001,2,0,-0.9638956748809876,0.14989615658651537,-0.02955973684281122,0,0.3602418899536133,-1.0209795566290174
47,0,96,Marta descartó a la aspirante en la selección en un día.,16,0,0,1,0,0,1,0.5992631912231445,1.1578550338745117,1.0896031856536865,95.74468085106383,-0.1499999999999999,0.30888888888888877,0,1,-0.5120543930219058,0.14656918467743865,0.08581358009981205,0,0.34772157669067383,-1.056353186412884
25,5,98,Pedro observó la planta en la oficina durante una hora.,16,0,0,0,0,0,0,0.4021012783050537,1.2075793743133545,1.1146836280822754,95.74468085106383,-0.1499999999999999,0.5311111111111111,2,1,-0.91105128601145835,0.18861783880517582,0.10857062301956319,0,0.45624685287475586,-0.78472127191798
48,4,99,Samuel descubrió una infiltrada en el museo en pocas horas.,16,0,0,1,1,0,0,0.3541851043701172,1.1072113513946533,1.1393101215362549,95.74468085106383,-0.1499999999999999,-0.7050000000000001,1,0,-1.0379356088087404,0.10184455817215005,0.13042292267813008,0,0.3746986389160156,-0.981633205652355
24,5,101,Coral guió la decisión en el palacio en una hora.,16,0,0,0,0,1,0,0.37582850456237793,0.9875941276550293,1.0424959659576416,95.74468085106383,0.1499999999999999,0.5311111111111111,2,1,-0.9786223445270082,-0.01248346760510763,0.041617805098336534,0,0.32788610458374023,-1.1150889730232425
49,5,102,Alba mencionó la ciudad en el teatro tras varios minutos.,16,0,0,0,0,0,0,0.2973511219024658,0.9968280792236328,1.1488206386566162,95.74468085106383,-0.1499999999999999,0.5311111111111111,2,1,-1.2128416098335721,-0.003176961980094742,0.13873588455488287,0,0.35074543952941895,-1.047694562138495
2,2,104,Simón pateó a la pelota en la cancha en un instante.,16,0,0,0,0,1,1,0.3739471435546875,1.145298957824707,1.1027472019195557,95.74468085106383,0.1499999999999999,-0.5800000000000001,2,0,-0.983640818949146,0.13566570146277412,0.09780452263361329,0,0.3676180839538574,-1.0007106950592146
36,4,105,Irene oyó una niña en la sala durante una noche.,16,0,0,1,1,0,0,0.3509788513183594,1.0521621704101562,1.112581729888916,95.74468085106383,-0.1499999999999999,-0.7050000000000001,1,0,-1.0470293099857821,0.05084725681723008,0.10668319742852078,0,0.3752267360687256,-0.9802248062099047
31,5,1,Miguel recibió la caja en la casa en un día.,17,0,0,0,0,0,0,0.52821946144104,1.1143605709075928,2.2560312747955322,95.74468085106383,-1.0500000000000005,1.0333333333333337,2,1,-0.6382434349643872,0.108280761403458,0.8136071964810048,0,0.3737199306488037,-0.9842486106273348
3,3,2,Pablo secuestró la turista en el aeropuerto durante una hora.,17,0,0,1,0,1,0,0.3665175437927246,1.4843015670776367,1.4667985439300537,95.74468085106383,1.0499999999999998,-1.2999999999999998,0,0,-1.0037088903352651,0.3949443364168295,0.38308216452982186,0,0.19313478469848633,-1.6443669675081294
18,1,5,María transportó a una mochilera en la furgoneta durante un día.,17,0,0,1,1,1,1,0.4073326587677002,1.1761670112609863,0.7035255432128906,95.74468085106383,1.0499999999999998,1.0750000000000002,1,1,-0.8981250839731866,0.16226085577145372,-0.35165109432651254,0,0.4038112163543701,-0.9068077964847902
46,0,6,Alejandro identificó a la agresora en el aeropuerto en dos horas.,17,0,0,1,0,0,1,0.355144739151001,1.3909404277801514,1.8887920379638672,95.74468085106383,-1.0500000000000005,1.1444444444444448,0,1,-1.0352298566819587,0.329980085122807,0.6359374913863101,0,0.5874342918395996,-0.5319908828960708
20,3,7,Claudia maltrató la compañera en la casa durante varios años.,17,0,0,1,0,1,0,1.6033217906951904,1.2196974754333496,1.5388588905334473,95.74468085106383,1.0499999999999998,-1.2999999999999998,0,0,0.47207759627303725,0.19860285703901331,0.4310411615909556,0,0.12179112434387207,-2.105447797101508
28,2,8,Anna comprendió a la tarea en la escuela en dos minutos.,17,0,0,0,0,0,1,0.2926814556121826,1.5802276134490967,2.0076956748962402,95.74468085106383,-1.0500000000000005,-1.7999999999999998,2,0,-1.2286704435873173,0.45756889580835114,0.6969876340170886,0,0.645986795425415,-0.4369762159263788
0,0,9,Juan golpeó a la actriz en la calle en diez segundos.,17,0,0,1,0,1,1,0.40968871116638184,1.2329442501068115,2.8783791065216064,95.74468085106383,1.0499999999999998,1.1444444444444448,0,1,-0.8923576487108511,0.20940500832366093,1.0572273254751712,0,0.36200785636901855,-1.0160893647150189
11,4,14,Valeria neutralizó una criminal en la frontera en cinco minutos.,17,0,0,1,1,1,0,0.6161115169525146,1.2808911800384521,1.250192642211914,95.74468085106383,1.0499999999999998,-0.4249999999999998,1,0,-0.4843272978194744,0.24755607007783254,0.223297653209434,0,0.3849186897277832,-0.954723162511517
6,1,15,Francisco besó a una novia en la iglesia durante unos segundos.,17,0,0,1,1,1,1,0.32284021377563477,1.360429286956787,1.2351431846618652,95.74468085106383,1.0499999999999998,1.0750000000000002,1,1,-1.1305977723541032,0.3078003021144023,0.2111869023569961,0,0.5182831287384033,-0.6572336054673408
45,0,16,Gabriela localizó a la amiga en la ciudad en dos minutos.,17,0,0,1,0,0,1,0.42806148529052734,1.5434610843658447,1.547729730606079,95.74468085106383,-1.0500000000000005,1.1444444444444448,0,1,-0.8484884364971924,0.4340273520512687,0.43678916729273576,0,0.34543704986572266,-1.0629448524740779
1,0,20,Carlos asaltó a la conductora en el barrio en pocos instantes.,17,0,0,1,0,1,1,0.3870084285736084,1.0489587783813477,1.357180118560791,95.74468085106383,1.0499999999999998,1.1444444444444448,0,1,-0.9493088069295499,0.04779803253275099,0.3054091049559143,0,0.3325955867767334,-1.1008279811726365
33,5,23,Marco imaginó la fiesta en la playa durante dos minutos.,17,0,0,0,0,0,0,0.35378551483154297,1.0189616680145264,1.271517276763916,95.74468085106383,-1.0500000000000005,1.0333333333333337,2,1,-1.0390644397804452,0.018784136275461362,0.24021089349037256,0,0.31760692596435547,-1.1469407426543747
49,1,24,Alba mencionó a una actriz en el teatro tras varios minutos.,17,0,0,1,1,0,1,0.3240358829498291,1.0037410259246826,1.1229162216186523,95.74468085106383,-1.0500000000000005,1.0750000000000002,1,1,-1.1269010194769675,0.0037340456906060347,0.11592907067479856,0,0.32392311096191406,-1.1272491031986638
36,3,27,Irene oyó la niña en la sala durante una noche.,17,0,0,1,0,0,0,0.3042738437652588,0.9967689514160156,1.297626256942749,95.74468085106383,-1.0500000000000005,-1.2999999999999998,0,0,-1.1898271811950207,-0.003236279692476721,0.2605366391794876,0,0.30660486221313477,-1.1821954541798392
41,2,28,Emma investigó a la epidemia en la ciudad durante varias semanas.,17,0,0,0,0,0,1,0.3613698482513428,1.3785216808319092,1.2345402240753174,95.74468085106383,-1.0500000000000005,-1.7999999999999998,2,0,-1.0178533347103218,0.3210116792012752,0.21069861256536138,0,0.5609841346740723,-0.5780626542977138
44,0,29,Martín detectó a la intrusa en el hospital en dos minutos.,17,0,0,1,0,0,1,0.345334529876709,1.0116567611694336,1.022803544998169,95.74468085106383,-1.0500000000000005,1.1444444444444448,0,1,-1.063241679942876,0.011589344529618384,0.022547430402850625,0,0.3581523895263672,-1.0267967140847483
4,5,33,Jorge arrolló la valla en la calle en un segundo.,17,0,0,0,0,1,0,0.36827850341796875,1.1110827922821045,1.6183130741119385,95.74468085106383,1.0499999999999998,1.0333333333333337,2,1,-0.9989158242777958,0.10533502838692262,0.48138429442541286,0,0.3501262664794922,-1.0494614281874364
2,3,37,Simón pateó la jugadora en la cancha en un instante.,17,0,0,1,0,1,0,0.3169398307800293,1.0215058326721191,1.0413918495178223,95.74468085106383,1.0499999999999998,-1.2999999999999998,0,0,-1.1490433313856168,0.021277845168312277,0.04055813524956866,0,0.3874044418334961,-0.9482860623199494
43,4,41,Sofía conoció una chica en el colegio en dos días.,17,0,0,1,1,0,0,0.3488903045654297,0.8891243934631348,0.9853987693786621,95.74468085106383,-1.0500000000000005,-0.4249999999999998,1,0,-1.0529977197526759,-0.11751812810146174,-0.014708877727669436,0,0.2892270088195801,-1.2405434015659174
14,5,42,Helena derribó la barrera en el campo durante el partido.,17,0,0,0,0,1,0,0.4208834171295166,1.0504581928253174,1.5070312023162842,95.74468085106383,1.0499999999999998,1.0333333333333337,2,1,-0.8653994025811477,0.049226443105285275,0.41014162435123824,0,0.36089015007019043,-1.0191816603902728
16,0,45,Valentina venció a la adversaria en la guerra en dos años.,17,0,0,1,0,1,1,0.3094348907470703,0.9479408264160156,0.960538387298584,95.74468085106383,1.0499999999999998,1.1444444444444448,0,1,-1.1730075781414266,-0.053463198067675174,-0.040261331618385764,0,0.3789703845977783,-0.9702972178558297
7,4,47,Tomás empujó una vieja a la puerta en pocos segundos.,17,0,0,1,1,1,0,0.319028377532959,1.0877177715301514,1.3087005615234375,95.74468085106383,1.0499999999999998,-0.4249999999999998,1,0,-1.142475222370231,0.08408171361630842,0.26903470714884553,0,0.3761899471282959,-0.9776610846192572
22,5,48,Carla asedió la ciudad en la región durante bastante tiempo.,17,0,0,0,0,1,0,0.4212625026702881,1.346066951751709,1.3270864486694336,95.74468085106383,1.0499999999999998,1.0333333333333337,2,1,-0.8644991178265387,0.29718697125718063,0.28298589917348094,0,0.36962056159973145,-0.9952783087281067
15,4,49,Lucía destrozó una oponente en el bar en diez minutos.,17,0,0,1,1,1,0,0.2497713565826416,0.915457010269165,0.9475176334381104,95.74468085106383,1.0499999999999998,-0.4249999999999998,1,0,-1.3872093532669945,-0.08833187362258528,-0.05390973170995782,0,0.32891154289245605,-1.111966430956146
30,2,50,Carlos esperó a la furgoneta en la esquina durante una hora.,17,0,0,0,0,0,1,0.2292337417602539,0.7220251560211182,0.9607460498809814,95.74468085106383,-1.0500000000000005,-1.7999999999999998,2,0,-1.4730130896177962,-0.3256952985617712,-0.04004516104084132,0,0.24403738975524902,-1.4104338287266391
32,1,51,Martín buscó a una médica en el hospital durante dos horas.,17,0,0,1,1,0,1,0.23860406875610352,1.085355281829834,0.91119384765625,95.74468085106383,-1.0500000000000005,1.0750000000000002,1,1,-1.432949716839644,0.08190738208389188,-0.0929996187856442,0,0.2758615016937256,-1.2878563446689972
48,1,52,Samuel descubrió a una infiltrada en el museo en pocas horas.,17,0,0,1,1,0,1,0.2583761215209961,0.8910777568817139,0.8978216648101807,95.74468085106383,-1.0500000000000005,1.0750000000000002,1,1,-1.3533389203181359,-0.1153235860915525,-0.10778382192725683,0,0.29825830459594727,-1.209795373979531
40,5,53,Adrián percibió la sombra detrás de él durante algunos minutos.,17,0,0,0,0,0,0,0.3082313537597656,0.8728523254394531,0.9802651405334473,95.74468085106383,-1.0500000000000005,1.0333333333333337,2,1,-1.1769046294087901,-0.13598889502350925,-0.01993219234525198,0,0.2807278633117676,-1.2703695368720422
38,3,54,Unai amó la jovencita en su pueblo durante varios años.,17,0,0,1,0,0,0,0.599329948425293,1.0039410591125488,1.100210428237915,95.74468085106383,-1.0500000000000005,-1.2999999999999998,0,0,-0.5119430004233514,0.003933313483070702,0.09550145990722407,0,0.29589200019836426,-1.2177607554319276
35,4,57,Carlos vigiló una niña en la habitación durante unas horas.,17,0,0,1,1,0,0,0.18240761756896973,1.058730125427246,0.9805810451507568,95.74468085106383,-1.0500000000000005,-0.4249999999999998,1,0,-1.7015114392261828,0.05707019507452017,-0.01960997980012829,0,0.343219518661499,-1.069385040428697
8,2,58,Helena colgó a la fotografía en el patio en cinco minutos.,17,0,0,0,0,1,1,0.3387885093688965,1.0415303707122803,1.3480165004730225,95.74468085106383,1.0499999999999998,-1.7999999999999998,2,0,-1.0823792324556079,0.040691141843206054,0.2986342531221884,0,0.3133535385131836,-1.1604232098486973
39,1,62,Valeria admiró a una cantante en el teatro durante el concierto.,17,0,0,1,1,0,1,0.25458502769470215,0.7425293922424316,1.040245771408081,95.74468085106383,-1.0500000000000005,1.0750000000000002,1,1,-1.368120401757317,-0.2976928235770756,0.03945700389604119,0,0.248032808303833,-1.3941942500191962
26,4,67,Juan escuchó una vecina en el balcón durante una noche.,17,0,0,1,1,0,0,0.24234390258789062,0.8585073947906494,0.8809573650360107,95.74468085106383,-1.0500000000000005,-0.4249999999999998,1,0,-1.4173974765373156,-0.15255998506417393,-0.12674604804670345,0,0.28773927688598633,-1.2457004974577093
42,4,68,Ismael encontró una conocida en la carretera en pocas horas.,17,0,0,1,1,0,0,0.35805583000183105,0.7858436107635498,1.0820560455322266,95.74468085106383,-1.0500000000000005,-0.4249999999999998,1,0,-1.027066355014546,-0.2409974748439988,0.07886297717174907,0,0.2958369255065918,-1.2179469038169028
12,3,69,Paula abatió la contrincante en el ring en pocos minutos.,17,0,0,1,0,1,0,0.28469371795654297,1.1224384307861328,1.122102975845337,95.74468085106383,1.0499999999999998,-1.2999999999999998,0,0,-1.2563413504261614,0.11550348905078271,0.11520458171737161,0,0.4682013988494873,-0.7588567362119614
10,2,70,Mateo eliminó a la carpeta en el banco en pocos segundos.,17,0,0,0,0,1,1,0.26380300521850586,1.0497760772705078,0.8782849311828613,95.74468085106383,1.0499999999999998,-1.7999999999999998,2,0,-1.3325526467300517,0.048576881683966115,-0.12978421500590182,0,0.280900239944458,-1.2697556906734502
24,5,73,Coral guió la decisión en el palacio en una hora.,17,0,0,0,0,1,0,0.2689676284790039,0.9441699981689453,1.0009074211120605,95.74468085106383,1.0499999999999998,1.0333333333333337,2,1,-1.3131642468485152,-0.05744904624351233,9.070096544146636e-4,0,0.29352283477783203,-1.2257998411123279
27,1,77,Felipe anunció a una cantante en el escenario en cinco minutos.,17,0,0,1,1,0,1,0.29532361030578613,0.9039158821105957,0.8630015850067139,95.74468085106383,-1.0500000000000005,1.0750000000000002,1,1,-1.219683539802285,-0.10101897368206672,-0.14733875127616178,0,0.2925539016723633,-1.2291063500658013
34,5,79,Carmen odió la música en el cine durante la película.,17,0,0,0,0,0,0,0.2795982360839844,0.7237534523010254,1.098397970199585,95.74468085106383,-1.0500000000000005,1.0333333333333337,2,1,-1.274401577354884,-0.32330448008762064,0.09385272750886883,0,0.26256871223449707,-1.3372424703105417
25,1,80,Pedro observó a una secretaria en la oficina durante una hora.,17,0,0,1,1,0,1,0.2328495979309082,0.681990385055542,0.8238911628723145,95.74468085106383,-1.0500000000000005,1.0750000000000002,1,1,-1.4573625362852902,-0.3827397193970843,-0.19371684168933317,0,0.25443100929260254,-1.3687255630709432
19,2,83,Lucas arrastró a la carreta en la calle por un tiempo.,17,0,0,0,0,1,1,0.5850241184234619,1.6186599731445312,1.3307456970214844,95.74468085106383,1.0499999999999998,-1.7999999999999998,2,0,-0.5361022045258403,0.4815986298732874,0.2857394595667113,0,0.6006081104278564,-0.5098126196481988
5,0,87,Manuel abrazó a la señora en el parque en pocos instantes.,17,0,0,1,0,1,1,0.24071550369262695,0.7399868965148926,0.9248969554901123,95.74468085106383,1.0499999999999998,1.1444444444444448,0,1,-1.4241395254131135,-0.30112280035300704,-0.07807294714524254,0,0.2401578426361084,-1.4264588941648628
13,0,90,Martina atropelló a la anciana en el aparcamiento en pocos minutos.,17,0,0,1,0,1,1,0.22936224937438965,0.7832300662994385,0.7836127281188965,95.74468085106383,1.0499999999999998,1.1444444444444448,0,1,-1.4724526502769228,-0.24432879945845007,-0.2438403499108257,0,0.25456666946411133,-1.368192514766863
29,3,91,Alfonso miró la granjera en la colina durante dos horas.,17,0,0,1,0,0,0,0.2760326862335205,0.8356878757476807,0.9392788410186768,95.74468085106383,-1.0500000000000005,-1.2999999999999998,0,0,-1.2872359918947536,-0.1795000899803334,-0.06264288856491436,0,0.27735424041748047,-1.282459743549706
9,4,93,Carlos quemó una bruja en la plaza en pocos minutos.,17,0,0,1,1,1,0,0.2763946056365967,0.8785700798034668,0.8987705707550049,95.74468085106383,1.0499999999999998,-0.4249999999999998,1,0,-1.285925703789214,-0.12945960242111113,-0.10672748202521734,0,0.2972137928009033,-1.213303558060279
23,3,94,Daniel remolcó la enferma en la calle durante algunos minutos.,17,0,0,1,0,1,0,0.30386996269226074,1.3709261417388916,1.0540430545806885,95.74468085106383,1.0499999999999998,-1.2999999999999998,0,0,-1.1911554233906583,0.31548652731203786,0.05263329803316447,0,0.32376742362976074,-1.1277298492551118
37,2,98,Isabel vió a la tormenta desde su ventana durante una mañana.,17,0,0,0,0,0,1,0.2825660705566406,0.8121147155761719,0.9073011875152588,95.74468085106383,-1.0500000000000005,-1.7999999999999998,2,0,-1.2638428776642512,-0.20811367345876702,-0.09728081396220062,0,0.27473974227905273,-1.2919310211394863
47,2,102,Marta descartó a la sospecha en la selección en un día.,17,0,0,0,0,0,1,0.3742227554321289,1.4351589679718018,1.1423935890197754,95.74468085106383,-1.0500000000000005,-1.7999999999999998,2,0,-0.9829040561088287,0.3612756221504622,0.13312570073499888,0,0.2839803695678711,-1.2588501644498045
21,0,104,Hugo apaleó a la rebelde en la calle durante varios minutos.,17,0,0,1,0,1,1,0.28835034370422363,0.9925520420074463,0.9521815776824951,95.74468085106383,1.0499999999999998,1.1444444444444448,0,1,-1.243579066952556,-0.007475832523486208,-0.048999529518207297,0,0.3033299446105957,-1.1929341398151747
17,5,105,Luis zarandeó la muñeca en la casa durante algunos minutos.,17,0,0,0,0,1,0,0.349637508392334,0.9389348030090332,0.9250023365020752,95.74468085106383,1.0499999999999998,1.0333333333333337,2,1,-1.050858351504102,-0.06300923454965925,-0.07795901552471265,0,0.29056549072265625,-1.2359262867121819
23,4,0,Daniel remolcó una enferma en la calle durante algunos minutos.,18,0,1,1,1,1,0,0.4190254211425781,3.0382800102233887,3.204634428024292,97.87234042553192,0,0.355,1,0,-0.8698236899157358,1.1112915691900438,1.164598020848011,1,1.6996886730194092,0.5304451007731855
2,2,5,Simón pateó a la pelota en la cancha en un instante.,18,0,1,0,0,1,1,0.7375423908233643,2.9632656574249268,1.6633596420288086,97.87234042553192,0,-1.27,2,0,-0.3044317133374935,1.0862919228325512,0.5088394378212197,1,0.3938779830932617,-0.9317141052278587
32,0,6,Martín buscó a la médica en el hospital durante dos horas.,18,0,1,1,0,0,1,4.067381858825684,2.531085968017578,4.179742813110352,97.87234042553192,0,0.48,0,1,1.402999514532675,0.928648447014435,1.4302497166797115,1,0.4342381954193115,-0.8341620580661923
21,0,7,Hugo apaleó a la rebelde en la calle durante varios minutos.,18,0,1,1,0,1,1,2.28064227104187,2.5934736728668213,2.2038822174072266,97.87234042553192,0,0.48,0,1,0.8244571011223483,0.9529981635593446,0.7902204494848338,1,0.4692955017089844,-0.7565226413353429
44,3,9,Martín detectó la intrusa en el hospital en dos minutos.,18,0,1,1,0,0,0,1.3826162815093994,1.7045841217041016,3.175412178039551,97.87234042553192,0,-1.145,0,0,0.3239775604682252,0.5333211640938276,1.1554374437737633,1,0.39107680320739746,-0.9388513106457516
37,5,13,Isabel vió la tormenta desde su ventana durante una mañana.,18,0,1,0,0,0,0,1.1261944770812988,1.9112682342529297,3.094602108001709,97.87234042553192,0,0.48,2,1,0.11884422979625402,0.6477670187011342,1.1296593382603386,1,0.29395246505737305,-1.224337208193961
12,0,15,Paula abatió a la contrincante en el ring en pocos minutos.,18,0,1,1,0,1,1,1.9810574054718018,2.2238094806671143,2.39703631401062,97.87234042553192,0,0.48,0,1,0.6836307453237178,0.7992217075512015,0.8742331051124678,1,0.37556004524230957,-0.9793369131255351
29,2,16,Alfonso miró a la estrella en la colina durante dos horas.,18,0,1,0,0,0,1,0.835228443145752,1.736952781677246,2.2582192420959473,97.87234042553192,0,-1.27,2,0,-0.18005000694303444,0.5521323030536984,0.8145765567163558,1,0.39428067207336426,-0.930692257627753
26,1,17,Juan escuchó a una vecina en el balcón durante una noche.,18,0,1,1,1,0,1,0.9615941047668457,2.0204575061798096,3.9142282009124756,97.87234042553192,0,0.98,1,1,-0.039162845870105295,0.7033239739763578,1.3646181710332224,1,0.28852128982543945,-1.24298640086782
11,4,22,Valeria neutralizó una criminal en la frontera en cinco minutos.,18,0,1,1,1,1,0,0.5904133319854736,3.2440431118011475,1.4054677486419678,97.87234042553192,0,0.355,1,0,-0.5269324246746188,1.1768204258692818,0.3403701645639754,1,0.27112436294555664,-1.3051776595084663
19,3,23,Lucas arrastró la víctima en la calle por un tiempo.,18,0,1,1,0,1,0,0.9283912181854248,1.3581323623657227,1.9114468097686768,97.87234042553192,0,-1.145,0,0,-0.07430206371165841,0.30611049299184623,0.6478604473317386,1,0.15802860260009766,-1.844979233224421
46,3,27,Alejandro identificó la agresora en el aeropuerto en dos horas.,18,0,1,1,0,0,0,0.9530723094940186,2.388915777206421,2.2590229511260986,97.87234042553192,0,-1.145,0,0,-0.04806450255679916,0.8708396133088351,0.8149323972952993,1,0.644334077835083,-0.43953793298203037
31,3,30,Miguel recibió la invitada en la casa en un día.,18,0,1,1,0,0,0,0.9036238193511963,1.5165927410125732,1.4812185764312744,97.87234042553192,0,-1.145,0,0,-0.1013421342319622,0.4164662009172981,0.3928651114526672,1,0.41266465187072754,-0.8851199967987368
13,1,35,Martina atropelló a una anciana en el aparcamiento en pocos minutos.,18,0,1,1,1,1,1,0.831775426864624,3.206230878829956,2.1338632106781006,97.87234042553192,0,0.98,1,1,-0.18419279422965465,1.1650960662014072,0.7579340508616694,1,0.5905330181121826,-0.5267297293919603
4,2,36,Jorge arrolló a la valla en la calle en un segundo.,18,0,1,0,0,1,1,0.8232097625732422,1.4548535346984863,2.498595714569092,97.87234042553192,0,-1.27,2,0,-0.19454423523567668,0.37490523211908555,0.9157288598812833,1,0.4942033290863037,-0.7048082491364681
20,2,37,Claudia maltrató a la camiseta en la casa durante varios años.,18,0,1,0,0,1,1,0.6670417785644531,2.3442130088806152,1.2953753471374512,97.87234042553192,0,-1.27,2,0,-0.4049025984996833,0.8519497416817913,0.25880049650441533,1,0.515709400177002,-0.6622118500963896
30,5,38,Carlos esperó la furgoneta en la esquina durante una hora.,18,0,1,0,0,0,0,0.6393601894378662,1.632084846496582,2.4651589393615723,97.87234042553192,0,0.48,2,1,-0.447287306669088,0.48985824446538617,0.9022562838588365,1,0.7129566669464111,-0.3383346360859897
22,4,39,Carla asedió una contrincante en la región durante bastante tiempo.,18,0,1,1,1,1,0,0.9276492595672607,2.5368876457214355,1.5982518196105957,97.87234042553192,0,0.355,1,0,-0.07510157069071396,0.9309379933619165,0.4689104191659098,1,1.1836864948272705,0.16863371662587148
6,1,41,Francisco besó a una novia en la iglesia durante unos segundos.,18,0,1,1,1,1,1,1.0706512928009033,1.922868013381958,1.9234247207641602,97.87234042553192,0,0.98,1,1,0.06826714816098003,0.6538178284642859,0.65410730585177,1,0.7164962291717529,-0.3333822945724866
42,2,43,Ismael encontró a la dificultad en la carretera en pocas horas.,18,0,1,0,0,0,1,0.4474344253540039,1.7724988460540771,1.3925135135650635,97.87234042553192,0,-1.27,2,0,-0.8042252875263844,0.5723903283966146,0.3311103973072679,1,0.6168510913848877,-0.48312762717890156
7,1,46,Tomás empujó a una vieja a la puerta en pocos segundos.,18,0,1,1,1,1,1,0.9054615497589111,1.747007131576538,1.5013751983642578,97.87234042553192,0,0.98,1,1,-0.09931046555427159,0.5579041133282114,0.40638148701423554,1,0.8538150787353516,-0.1580406440794485
17,4,47,Luis zarandeó una mujer en la casa durante algunos minutos.,18,0,1,1,1,1,0,0.5404713153839111,1.6528346538543701,1.6643903255462646,97.87234042553192,0,0.355,1,0,-0.6153137138312174,0.50249178591947,0.5094588855324097,1,0.7516529560089111,-0.2854805562227371
1,1,51,Carlos asaltó a una conductora en el barrio en pocos instantes.,18,0,1,1,1,1,1,0.6136953830718994,1.8322341442108154,1.9228694438934326,97.87234042553192,0,0.98,1,1,-0.4882565927180414,0.605536066060531,0.6538185724107932,1,0.6168186664581299,-0.4831801938022773
16,0,52,Valentina venció a la adversaria en la guerra en dos años.,18,0,1,1,0,1,1,0.7485659122467041,1.9505198001861572,1.4620587825775146,97.87234042553192,0,0.48,0,1,-0.289596019885597,0.6680959012517614,0.3798455674806729,1,0.5787577629089355,-0.5468712604380679
47,5,53,Marta descartó la sospecha en la selección en un día.,18,0,1,0,0,0,0,0.5184569358825684,1.96492338180542,1.5039563179016113,97.87234042553192,0,0.48,2,1,-0.6568983099545608,0.6754532531134149,0.40809918115746774,1,0.7732768058776855,-0.25711820150934317
18,0,55,María transportó a la mochilera en la furgoneta durante un día.,18,0,1,1,0,1,1,0.816753625869751,1.7073132991790771,1.6117446422576904,97.87234042553192,0,0.48,0,1,-0.20241778912329889,0.5349209648617819,0.4773172210260489,1,0.7250776290893555,-0.3214765552535312
0,5,56,Juan golpeó la piedra en la calle en diez segundos.,18,0,1,0,0,1,0,0.4709961414337158,1.40547776222229,2.2110607624053955,97.87234042553192,0,0.48,2,1,-0.7529053772843807,0.3403772892700813,0.7934723833635402,1,0.4248640537261963,-0.8559860348136084
3,4,58,Pablo secuestró una turista en el aeropuerto durante una hora.,18,0,1,1,1,1,0,0.8821845054626465,1.2041175365447998,1.4790380001068115,97.87234042553192,0,0.355,1,0,-0.1253540549855489,0.18574696383688977,0.39139187650665425,1,0.4053971767425537,-0.9028880091163762
33,0,59,Marco imaginó a la amiga en la playa durante dos minutos.,18,0,1,1,0,0,1,0.45119237899780273,1.3995370864868164,1.3054735660552979,97.87234042553192,0,0.48,0,1,-0.7958614694599886,0.3361415294342019,0.2665658608136341,1,0.44759631156921387,-0.8038635430403084
10,4,61,Mateo eliminó una rehén en el banco en pocos segundos.,18,0,1,1,1,1,0,1.3602654933929443,6.308161973953247,2.020141839981079,97.87234042553192,0,0.355,1,0,0.3076798964259556,1.8418443463160323,0.7031677267603736,1,3.8306660652160645,1.3430386954395401
8,1,66,Helena colgó a una criminal en el patio en cinco minutos.,18,0,1,1,1,1,1,0.7084271907806396,1.548616647720337,2.0547025203704834,97.87234042553192,0,0.98,1,1,-0.34470799043820155,0.437362047087272,0.720131078525807,1,0.40274596214294434,-0.9094492826911539
38,0,68,Unai amó a la jovencita en su pueblo durante varios años.,18,0,1,1,0,0,1,0.5513265132904053,1.4413905143737793,1.6953237056732178,97.87234042553192,0,0.48,0,1,-0.5954280622330744,0.36560828264415995,0.5278736993970249,1,0.5053379535675049,-0.682527858546115
40,1,69,Adrián percibió a una mujer detrás de él durante algunos minutos.,18,0,1,1,1,0,1,0.4011826515197754,1.3713617324829102,1.7768983840942383,97.87234042553192,0,0.98,1,1,-0.9133384653054293,0.3158042114995928,0.5748693635724734,1,0.48035597801208496,-0.7332278290865504
49,3,70,Alba mencionó la actriz en el teatro tras varios minutos.,18,0,1,1,0,0,0,0.62583160400390625,1.6185407638549805,1.7110860347747803,97.87234042553192,0,-1.145,0,0,-0.46867394725853434,0.48152498026098983,0.5371282769742267,1,0.5493009090423584,-0.599108883724394
45,3,71,Gabriela localizó la amiga en la ciudad en dos minutos.,18,0,1,1,0,0,0,0.7091736793518066,2.361131429672241,1.3586268424987793,97.87234042553192,0,-1.145,0,0,-0.3436548186239153,0.8591409235054226,0.30647451504991574,1,0.7506289482116699,-0.28684382626274485
48,5,74,Samuel descubrió la tabla en el museo en pocas horas.,18,0,1,0,0,0,0,0.6498727798461914,1.7349011898040771,1.8933184146881104,97.87234042553192,0,0.48,2,1,-0.43097865856231327,0.5509504606554765,0.6383310644677674,1,0.5180978775024414,-0.6575911018645526
36,4,75,Irene oyó una niña en la sala durante una noche.,18,0,1,1,1,0,0,0.5716521739959717,1.3842999935150146,1.4515869617462158,97.87234042553192,0,0.355,1,0,-0.5592245599821092,0.3251945920268846,0.3726574143284376,1,0.4826686382293701,-0.7284249099835696
41,0,78,Emma investigó a la empresaria en la ciudad durante varias semanas.,18,0,1,1,0,0,1,0.8904585838317871,1.4992146492004395,1.974775791168213,97.87234042553192,0,0.48,0,1,-0.11601868622586574,0.4049414037992917,0.6804548684496768,1,0.4572873115539551,-0.7824433951409523
27,2,80,Felipe anunció a la actuación en el escenario en cinco minutos.,18,0,1,0,0,0,1,0.9874382019042969,2.9439809322357178,1.2211618423461914,97.87234042553192,0,-1.27,2,0,-0.012641364515171038,1.0797627240235483,0.19980273535880302,1,0.738323450088501,-0.30337327114525126
35,4,82,Carlos vigiló una niña en la habitación durante unas horas.,18,0,1,1,1,0,0,0.7549927234649658,2.1034767627716064,2.4142253398895264,97.87234042553192,0,0.355,1,0,-0.2810471675743034,0.7435915770521254,0.8813784654146806,1,0.15708613395690918,-1.8509610001435586
5,0,83,Manuel abrazó a la señora en el parque en pocos instantes.,18,0,1,1,0,1,1,1.040031909942627,1.6872303485870361,1.9625358581542969,97.87234042553192,0,0.48,0,1,0.03925139531972011,0.523088337566313,0.6742374421784808,1,0.6564335823059082,-0.4209337597313451
15,3,86,Lucía destrozó la oponente en el bar en diez minutos.,18,0,1,1,0,1,0,0.15836429595947266,1.719658374786377,1.5008306503295898,97.87234042553192,0,-1.145,0,0,-1.8428572293054364,0.5421256517876883,0.4060187217222575,1,1.1731979846954346,0.1597333403353625
34,5,90,Carmen odió la música en el cine durante la película.,18,0,1,0,0,0,0,0.5644040107727051,1.4752681255340576,1.4942529201507568,97.87234042553192,0,0.48,2,1,-0.5719849527695051,0.3888397532948866,0.4016263629788124,1,0.46115899085998535,-0.774012412884187
43,2,91,Sofía conoció a la verdad en el colegio en dos días.,18,0,1,0,0,0,1,0.5443000793457031,1.7574551105499268,1.6053249835968018,97.87234042553192,0,-1.27,2,0,-0.6082545677663124,0.5638668027263766,0.4733262180770442,1,0.5736470222473145,-0.5557410156380819
28,1,92,Anna comprendió a una maestra en la escuela en dos minutos.,18,0,1,1,1,0,1,0.6485199928283691,1.5317463874816895,1.4475018978118896,97.87234042553192,0,0.98,1,1,-0.4330624463587262,0.42640851419531256,0.3698392415604506,1,0.4507014751434326,-0.7969500762857152
14,5,94,Helena derribó la barrera en el campo durante el partido.,18,0,1,0,0,1,0,0.5337660312652588,1.4571232795715332,1.5907909870147705,97.87234042553192,0,0.48,2,1,-0.6277976797329555,0.3764641355564903,0.46423136864184233,1,0.5177185535430908,-0.6583235173098734
24,3,99,Coral guió la turista en el palacio en una hora.,18,0,1,1,0,1,0,0.3768129348754883,1.0132784843444824,1.0258152484893799,97.87234042553192,0,-1.145,0,0,-0.976006408643311,0.013191097993456738,0.025487660835622965,1,0.3852419853210449,-0.9538836088372638
39,5,100,Valeria admiró la escenografía en el teatro durante el concierto.,18,0,1,0,0,0,0,0.6653470993041992,1.2355873584747314,1.3386564254760742,97.87234042553192,0,0.48,2,1,-0.40744642065590675,0.21154645092766897,0.29166644340027753,1,0.3360595703125,-1.0904668421366817
25,5,103,Pedro observó la planta en la oficina durante una hora.,18,0,1,0,0,0,0,0.42047810554504395,1.0300884246826172,1.4689865112304688,97.87234042553192,0,0.48,2,1,-0.8663628685940391,0.029644647763136626,0.38457271486943906,1,0.3043358325958252,-1.1896234748354657
9,2,104,Carlos quemó a la página en la plaza en pocos minutos.,18,0,1,0,0,1,1,0.5637543201446533,1.1792404651641846,1.1858468055725098,97.87234042553192,0,-1.27,2,0,-0.5731367249668449,0.16487055764111666,0.17045712323798953,1,0.31984853744506836,-1.1399077157240254
48,5,0,Samuel descubrió la tabla en el museo en pocas horas.,19,0,1,0,0,0,0,0.6002151966094971,2.6887881755828857,1.8630290031433105,97.87234042553192,-0.4500000000000002,1.2799999999999998,2,1,-0.5104670270536494,0.989090599763215,0.6222036594764309,1,0.9476954936981201,-0.053722037505031454
40,1,1,Adrián percibió a una mujer detrás de él durante algunos minutos.,19,0,1,1,1,0,1,0.8361396789550781,1.8766837120056152,2.2011537551879883,97.87234042553192,-0.4500000000000002,0.6549999999999998,1,1,-0.17895959976395273,0.6295062362161037,0.7889816570730855,1,0.7263343334197998,-0.31974485580919093
20,5,2,Claudia maltrató la camiseta en la casa durante varios años.,19,0,1,0,0,1,0,0.7122881412506104,1.9539289474487305,2.8218867778778076,97.87234042553192,0.4500000000000002,1.2799999999999998,2,1,-0.33927275666848195,0.6698421903436569,1.0374057313917993,1,0.6705961227416992,-0.3995882267417022
37,2,3,Isabel vió a la tormenta desde su ventana durante una mañana.,19,0,1,0,0,0,1,0.7986652851104736,2.006061315536499,2.1224331855773926,97.87234042553192,-0.4500000000000002,-1.5950000000000002,2,0,-0.22481333824469138,0.6961732551426504,0.752563159592407,1,0.6723299026489258,-0.39700613236310545
47,0,4,Marta descartó a la aspirante en la selección en un día.,19,0,1,1,0,0,1,0.7246644496917725,2.7973976135253906,2.3385701179504395,97.87234042553192,-0.4500000000000002,-0.05333333333333368,0,1,-0.3220465592767536,1.0286895612581737,0.8495396818909865,1,0.8322064876556396,-0.18367468667464248
0,2,5,Juan golpeó a la piedra en la calle en diez segundos.,19,0,1,0,0,1,1,0.6457977294921875,2.2917633056640625,2.6991047859191895,97.87234042553192,0.4500000000000002,-1.5950000000000002,2,0,-0.43726893647060366,0.8293215237397248,0.9929201572611877,1,0.5778331756591797,-0.5484700753965418
29,5,8,Alfonso miró la estrella en la colina durante dos horas.,19,0,1,0,0,0,0,0.7561204433441162,1.9314112663269043,1.8492438793182373,97.87234042553192,-0.4500000000000002,1.2799999999999998,2,1,-0.2795545988993984,0.6582509617773786,0.6147768416619157,1,0.7120468616485596,-0.3396115528138656
1,3,13,Carlos asaltó la conductora en el barrio en pocos instantes.,19,0,1,1,0,1,0,0.7082059383392334,2.1874096393585205,2.7962491512298584,97.87234042553192,0.4500000000000002,-0.5950000000000002,0,0,-0.3450203542233725,0.7827180306746259,1.0282789302834376,1,0.8262088298797607,-0.19090771673724446
10,1,14,Mateo eliminó a una rehén en el banco en pocos segundos.,19,0,1,1,1,1,1,0.5565576553344727,1.9031274318695068,2.09344220161438,97.87234042553192,0.4500000000000002,0.6549999999999998,1,1,-0.5859845101568657,0.6434985497449343,0.7388096976003005,1,0.6612606048583984,-0.41360725834518763
8,2,15,Helena colgó a la fotografía en el patio en cinco minutos.,19,0,1,0,0,1,1,1.481356143951416,2.1605091094970703,1.9132153987884521,97.87234042553192,0.4500000000000002,-1.5950000000000002,2,0,0.3929579816977915,0.7703438927647019,0.6487852814997743,1,0.5817484855651855,-0.5417170800430289
30,3,20,Carlos esperó la profesora en la esquina durante una hora.,19,0,1,1,0,0,0,0.8789019584655762,2.209826707839966,2.167879581451416,97.87234042553192,-0.4500000000000002,-0.5950000000000002,0,0,-0.12908192509956332,0.7929140997131248,0.7737495384238259,1,0.932509183883667,-0.06987627884385247
34,4,21,Carmen odió una vendedora en el cine durante la película.,19,0,1,1,1,0,0,0.7127828598022461,2.346832752227783,3.125649929046631,97.87234042553192,-0.4500000000000002,0.1549999999999998,1,0,-0.33857844940779946,0.853066654094469,1.1396422388590073,1,0.7160663604736328,-0.3339824340904794
9,4,28,Carlos quemó una bruja en la plaza en pocos minutos.,19,0,1,1,1,1,0,0.42417168617248535,1.369692087173462,1.7967338562011719,97.87234042553192,0.4500000000000002,0.1549999999999998,1,0,-0.8576169854901214,0.3145859606911094,0.5859704923260061,1,0.4497640132904053,-0.7990322486815733
15,2,34,Lucía destrozó a la mesa en el bar en diez minutos.,19,0,1,0,0,1,1,0.3924241065979004,1.4489006996154785,1.47133469581604,97.87234042553192,0.4500000000000002,-1.5950000000000002,2,0,-0.9354121194421738,0.3708051307041638,0.38616994518506376,1,0.43087196350097656,-0.8419443014551697
38,5,38,Unai amó la vida en su pueblo durante varios años.,19,0,1,0,0,0,0,0.8045399188995361,1.334824800491333,2.067201614379883,97.87234042553192,-0.4500000000000002,1.2799999999999998,2,1,-0.2174846942660563,0.2888000476530532,0.7261958155558614,1,0.4007835388183594,-0.9143338008673876
28,0,40,Anna comprendió a la maestra en la escuela en dos minutos.,19,0,1,1,0,0,1,1.238715648651123,1.9351129531860352,1.6727807521820068,97.87234042553192,-0.4500000000000002,-0.05333333333333368,0,1,0.21407507562256245,0.6601656985176177,0.5144873627186509,1,0.6048667430877686,-0.5027471045710109
36,2,42,Irene oyó a la discusión en la sala durante una noche.,19,0,1,0,0,0,1,0.9547538757324219,1.9764297008514404,3.3221964836120605,97.87234042553192,-0.4500000000000002,-1.5950000000000002,2,0,-0.046301693463518236,0.6812920356297504,1.2006261556226692,1,0.6652448177337646,-0.4076001591076835
41,1,43,Emma investigó a una empresaria en la ciudad durante varias semanas.,19,0,1,1,1,0,1,0.6762754917144775,1.2926642894744873,1.3991482257843018,97.87234042553192,-0.4500000000000002,0.6549999999999998,1,1,-0.3911547538358256,0.25670542916753974,0.3358636413105804,1,0.5242736339569092,-0.6457415287533771
16,4,46,Valentina venció una adversaria en la guerra en dos años.,19,0,1,1,1,1,0,0.540757417678833,1.211987018585205,1.5670316219329834,97.87234042553192,0.4500000000000002,0.1549999999999998,1,0,-0.6147844968526991,0.1922611768514827,0.44918314308921475,1,0.4516324996948242,-0.7948864836299047
44,0,47,Martín detectó a la intrusa en el hospital en dos minutos.,19,0,1,1,0,0,1,1.463045358657837,1.9336442947387695,1.5134475231170654,97.87234042553192,-0.4500000000000002,-0.05333333333333368,0,1,0.38052012542466157,0.6594064580568193,0.4143901763427292,1,0.3959500789642334,-0.9264671388959251
49,0,48,Alba mencionó a la actriz en el teatro tras varios minutos.,19,0,1,1,0,0,1,0.5461187362670898,1.4458026885986328,1.4777941703796387,97.87234042553192,-0.4500000000000002,-0.05333333333333368,0,1,-0.6049188611888271,0.36866466117468977,0.3905505505680661,1,0.41077518463134766,-0.8897092101735926
6,5,50,Francisco besó la cruz en la iglesia durante unos segundos.,19,0,1,0,0,1,0,0.538470983505249,1.488004446029663,1.3848989009857178,97.87234042553192,0.4500000000000002,1.2799999999999998,2,1,-0.6190216677645989,0.39743592432959696,0.32562714129680553,1,0.4478332996368408,-0.8033342148380811
24,5,51,Coral guió la decisión en el palacio en una hora.,19,0,1,0,0,1,0,0.7254102230072021,1.457566499710083,3.634586811065674,97.87234042553192,0.4500000000000002,1.2799999999999998,2,1,-0.32101795930845667,0.3767682640748092,1.2904954349415727,1,0.4465610980987549,-0.8061790501798721
31,4,52,Miguel recibió una invitada en la casa en un día.,19,0,1,1,1,0,0,0.6629340648651123,1.6626873016357422,2.2676827907562256,97.87234042553192,-0.4500000000000002,0.1549999999999998,1,0,-0.41107974341726844,0.5084351498399542,0.8187585131015028,1,0.4428286552429199,-0.8145723665041006
14,2,53,Helena derribó a la barrera en el campo durante el partido.,19,0,1,0,0,1,1,0.5574808120727539,3.510709047317505,1.8024582862854004,97.87234042553192,0.4500000000000002,-1.5950000000000002,2,0,-0.5843271940468889,1.2558180248597146,0.5891514477651616,1,0.6106724739074707,-0.4931945127875821
18,3,54,María transportó la mochilera en la furgoneta durante un día.,19,0,1,1,0,1,0,0.5535891056060791,1.7366819381713867,1.715935230255127,97.87234042553192,0.4500000000000002,-0.5950000000000002,0,0,-0.5913325540520853,0.5519763606312781,0.5399582557468556,1,0.4535191059112549,-0.7907178804108463
42,4,55,Ismael encontró una conocida en la carretera en pocas horas.,19,0,1,1,1,0,0,0.5318605899810791,2.22735595703125,1.8486275672912598,97.87234042553192,-0.4500000000000002,0.1549999999999998,1,0,-0.6313738728890532,0.8008152125171374,0.6144435082610215,1,0.38879895210266113,-0.94469290160869
23,0,60,Daniel remolcó a la enferma en la calle durante algunos minutos.,19,0,1,1,0,1,1,0.14865612983703613,1.5019619464874268,4.4975433349609375,97.87234042553192,0.4500000000000002,-0.05333333333333368,0,1,-1.9061194936776036,0.4067722177929226,1.50353132214042,1,0.6127135753631592,-0.48985770287257924
35,1,63,Carlos vigiló a una niña en la habitación durante unas horas.,19,0,1,1,1,0,1,0.4219210147857666,1.4141490459442139,3.77746844291687,97.87234042553192,-0.4500000000000002,0.6549999999999998,1,1,-0.86293715121849,0.3465279692349888,1.329054061170067,1,0.39153432846069336,-0.9376820829491201
4,4,64,Jorge arrolló una ciclista en la calle en un segundo.,19,0,1,1,1,1,0,0.5431554317474365,1.4070241451263428,2.5666556358337402,97.87234042553192,0.4500000000000002,0.1549999999999998,1,0,-0.610359753696823,0.3414769387002487,0.942603742455179,1,0.44791531562805176,-0.8031510920510793
21,1,65,Hugo apaleó a una rebelde en la calle durante varios minutos.,19,0,1,1,1,1,1,0.6316080093383789,1.1324496269226074,2.1991236209869385,97.87234042553192,0.4500000000000002,0.6549999999999998,1,1,-0.4594863156513213,0.12438309784727153,0.7880589269033534,1,0.1214447021484375,-2.1082962461532757
32,1,70,Martín buscó a una médica en el hospital durante dos horas.,19,0,1,1,1,0,1,0.4583933353424072,1.7845191955566406,2.4735748767852783,97.87234042553192,-0.4500000000000002,0.6549999999999998,1,1,-0.7800276526436531,0.5791490207165845,0.9056644228204479,1,0.3903694152832031,-0.9406617695120864
11,2,71,Valeria neutralizó a la bomba en la frontera en cinco minutos.,19,0,1,0,0,1,1,0.6128544807434082,1.411785364151001,1.602651834487915,97.87234042553192,0.4500000000000002,-1.5950000000000002,2,0,-0.4896277599001465,0.3448551191249615,0.47165965383473085,1,0.4979085922241211,-0.6973387685555621
19,3,72,Lucas arrastró la víctima en la calle por un tiempo.,19,0,1,1,0,1,0,0.5418992042541504,1.9326927661895752,1.8787164688110352,97.87234042553192,0.4500000000000002,-0.5950000000000002,0,0,-0.6126752648478502,0.658914246150092,0.6305888143202066,1,0.4432373046875,-0.8136499758649532
12,5,74,Paula abatió la resistencia en el ring en pocos minutos.,19,0,1,0,0,1,0,0.4568479061126709,1.2188949584960938,2.820418357849121,97.87234042553192,0.4500000000000002,1.2799999999999998,2,1,-0.7834047528627293,0.19794467656156986,1.0368852277938845,1,0.39359450340270996,-0.9324340788336886
26,2,76,Juan escuchó a la alarma en el balcón durante una noche.,19,0,1,0,0,0,1,0.3527228832244873,1.5509238243103027,1.3473896980285645,97.87234042553192,-0.4500000000000002,-1.5950000000000002,2,0,-1.0420725637072812,0.4388507690684173,0.298169163699967,1,0.8193809986114502,-0.1992061035311537
39,3,78,Valeria admiró la cantante en el teatro durante el concierto.,19,0,1,1,0,0,0,0.46867895126342773,1.5987269878387451,2.127042770385742,97.87234042553192,-0.4500000000000002,-0.5950000000000002,0,0,-0.7578372838235273,0.46920767996134655,0.7547326443308071,1,0.4337961673736572,-0.8351805156360977
43,0,79,Sofía conoció a la chica en el colegio en dos días.,19,0,1,1,0,0,1,0.34261250495910645,1.319042682647705,1.2249610424041748,97.87234042553192,-0.4500000000000002,-0.05333333333333368,0,1,-1.0711551935857093,0.27690623306582035,0.20290904137195123,1,0.42766237258911133,-0.8494212437963717
46,5,80,Alejandro identificó la amenaza en el aeropuerto en dos horas.,19,0,1,0,0,0,0,0.43593549728393555,1.2217977046966553,1.2238702774047852,97.87234042553192,-0.4500000000000002,1.2799999999999998,2,1,-0.8302609885869234,0.20032330260732167,0.2020181959611606,1,0.4006080627441406,-0.9147717292826119
27,4,82,Felipe anunció una cantante en el escenario en cinco minutos.,19,0,1,1,1,0,0,0.4425313472747803,1.6307930946350098,2.150336742401123,97.87234042553192,-0.4500000000000002,0.1549999999999998,1,0,-0.8152439757443407,0.4890664576119617,0.7656244542478703,1,0.6740384101867676,-0.3944681812859406
3,1,85,Pablo secuestró a una turista en el aeropuerto durante una hora.,19,0,1,1,1,1,1,0.3962419033050537,1.0235025882720947,2.1897900104522705,97.87234042553192,0.4500000000000002,0.6549999999999998,1,1,-0.9257303872989584,0.023230654960264385,0.7838056535928551,1,0.2878706455230713,-1.2452440472324733
5,0,87,Manuel abrazó a la señora en el parque en pocos instantes.,19,0,1,1,0,1,1,0.4153265953063965,1.2431161403656006,3.4743220806121826,97.87234042553192,0.4500000000000002,-0.05333333333333368,0,1,-0.8786900916132662,0.2176212436952033,1.2453993752693384,1,0.41564464569091797,-0.8779246008613345
2,0,89,Simón pateó a la jugadora en la cancha en un instante.,19,0,1,1,0,1,1,0.6566281318664551,1.739715814590454,1.9222431182861328,97.87234042553192,0.4500000000000002,-0.05333333333333368,0,1,-0.4206374300769646,0.5537217749394511,0.6534927948931207,1,0.49636101722717285,-0.7004517597040313
25,0,92,Pedro observó a la secretaria en la oficina durante una hora.,19,0,1,1,0,0,1,0.5083901882171631,1.3677418231964111,2.9634861946105957,97.87234042553192,-0.4500000000000002,-0.05333333333333368,0,1,-0.6765060391898879,0.3131610756557989,1.0863663437603297,1,0.28872108459472656,-1.2422941620921544
7,4,93,Tomás empujó una vieja a la puerta en pocos segundos.,19,0,1,1,1,1,0,0.550410270690918,1.582503318786621,5.590554475784302,97.87234042553192,0.4500000000000002,0.1549999999999998,1,0,-0.5970913321248282,0.4590079722135345,1.7210784729070276,1,0.4692695140838623,-0.7565780186926734
22,5,95,Carla asedió la ciudad en la región durante bastante tiempo.,19,0,1,0,0,1,0,0.45256519317626953,1.6950221061706543,2.6812000274658203,97.87234042553192,0.4500000000000002,1.2799999999999998,2,1,-0.7928234529019972,0.5276957827359542,0.9862644657455192,1,0.32069826126098633,-1.1372545939971754
13,1,96,Martina atropelló a una anciana en el aparcamiento en pocos minutos.,19,0,1,1,1,1,1,0.33423876762390137,0.9324650764465332,2.5206642150878906,97.87234042553192,0.4500000000000002,0.6549999999999998,1,1,-1.0958996682800644,-0.06992357969736046,0.9245224442087371,1,0.3830597400665283,-0.9595643226790204
45,3,99,Gabriela localizó la amiga en la ciudad en dos minutos.,19,0,1,1,0,0,0,0.2437131404876709,1.1143290996551514,1.6581594944000244,97.87234042553192,-0.4500000000000002,-0.5950000000000002,0,0,-1.411763399050972,0.10825251947021877,0.5057082489501875,1,0.2701404094696045,-1.308813420082531
33,3,102,Marco imaginó la amiga en la playa durante dos minutos.,19,0,1,1,0,0,0,0.28535938262939453,0.9519858360290527,1.6751189231872559,97.87234042553192,-0.4500000000000002,-0.5950000000000002,0,0,-1.2540059014136755,-0.049205122422195,0.5158841616744906,1,0.35193753242492676,-1.044301583834676
17,3,105,Luis zarandeó la mujer en la casa durante algunos minutos.,19,0,1,1,0,1,0,0.4335057735443115,1.4443788528442383,2.8233330249786377,97.87234042553192,0.4500000000000002,-0.5950000000000002,0,0,-0.8358501644089118,0.36767936952489816,1.0379181107793083,1,0.4110107421875,-0.8891359281182145
40,2,0,Adrián percibió a la sombra detrás de él durante algunos minutos.,20,1,0,0,0,0,1,0.3017749786376953,1.136681079864502,2.3005101680755615,95.74468085106383,-0.5,-1.6150000000000002,2,0,-1.198073643183797,0.12811268277962193,0.8331309105451795,2,0.3744175434112549,-0.9823836780746178
41,1,1,Emma investigó a una empresaria en la ciudad durante varias semanas.,20,1,0,1,1,0,1,0.5929520130157471,1.3340144157409668,1.2807395458221436,95.74468085106383,-0.5,1.1349999999999998,1,1,-0.5226418056605814,0.28819275383756704,0.24743768126015098,2,0.48588037490844727,-0.7217928275432862
28,5,3,Anna comprendió la tarea en la escuela en dos minutos.,20,1,0,0,0,0,0,0.30651378631591797,0.9527688026428223,1.364295244216919,95.74468085106383,-0.5,-0.2400000000000002,2,1,-1.1824925447938832,-0.04838300429530109,0.3106379907028168,2,0.3098015785217285,-1.171823255719488
23,3,5,Daniel remolcó la enferma en la calle durante algunos minutos.,20,1,0,1,0,1,0,0.29715609550476074,0.9312987327575684,2.13783860206604,95.74468085106383,0.5,0.00999999999999978,0,0,-1.2134977041550223,-0.07117518017963372,0.7597953196064814,2,0.3494548797607422,-1.0513808250393346
44,1,6,Martín detectó a una intrusa en el hospital en dos minutos.,20,1,0,1,1,0,1,0.2163839340209961,0.6302669048309326,NA,95.74468085106383,-0.5,1.1349999999999998,1,1,-1.5307009768130408,-0.46161189085266807,NA,2,0.2111518383026123,-1.55517779149463
33,2,9,Marco imaginó a la fiesta en la playa durante dos minutos.,20,1,0,0,0,0,1,0.31333255767822266,1.0181455612182617,3.29669451713562,95.74468085106383,-0.5,-1.6150000000000002,2,0,-1.1604901678842954,0.017982895350865717,1.1929203050002763,2,0.3269369602203369,-1.1179879088705653
26,0,10,Juan escuchó a la vecina en el balcón durante una noche.,20,1,0,1,0,0,1,0.1667344570159912,0.9388296604156494,1.3364064693450928,95.74468085106383,-0.5,0.4266666666666663,0,1,-1.7913528098292506,-0.06312122153795481,0.28998427236355495,2,0.44185805320739746,-0.8167665950726466
8,1,12,Helena colgó a una criminal en el patio en cinco minutos.,20,1,0,1,1,1,1,0.2085418701171875,1.0355825424194336,1.6084222793579102,95.74468085106383,0.5,1.1349999999999998,1,1,-1.5676154419943245,0.034964111297994406,0.4752537478213886,2,0.37731504440307617,-0.9746747789582146
30,0,13,Carlos esperó a la profesora en la esquina durante una hora.,20,1,0,1,0,0,1,0.2539491653442383,0.7100048065185547,1.2096054553985596,95.74468085106383,-0.5,0.4266666666666663,0,1,-1.3706211684335772,-0.3424835392252473,0.1902942365177491,2,0.2570462226867676,-1.3584993554465297
45,4,14,Gabriela localizó una amiga en la ciudad en dos minutos.,20,1,0,1,1,0,0,0.4140334129333496,1.1240253448486328,1.3065698146820068,95.74468085106383,-0.5,0.2599999999999998,1,0,-0.8818086008450259,0.11691630001499503,0.267405240970302,2,0.3854372501373291,-0.95337687448793
15,4,18,Lucía destrozó una oponente en el bar en diez minutos.,20,1,0,1,1,1,0,0.33971643447875977,1.4658195972442627,3.1473727226257324,95.74468085106383,0.5,0.2599999999999998,1,0,-1.079644025595912,0.3824145380779438,1.146568048509762,2,0.3611445426940918,-1.0184770055115613
29,1,24,Alfonso miró a una granjera en la colina durante dos horas.,20,1,0,1,1,0,1,0.17333602905273438,0.6671404838562012,1.4500055313110352,95.74468085106383,-0.5,1.1349999999999998,1,1,-1.7525232039683947,-0.4047546347698267,0.37156737112247273,2,0.23929071426391602,-1.4300760885652992
5,0,25,Manuel abrazó a la señora en el parque en pocos instantes.,20,1,0,1,0,1,1,0.2949855327606201,1.1763956546783447,1.7633674144744873,95.74468085106383,0.5,0.4266666666666663,0,1,-1.2208289653343136,0.16245523394584932,0.5672252846946145,2,0.3568713665008545,-1.0303798800573762
11,4,26,Valeria neutralizó una criminal en la frontera en cinco minutos.,20,1,0,1,1,1,0,0.3305203914642334,0.752434492111206,3.0417845249176025,95.74468085106383,0.5,0.2599999999999998,1,0,-1.107086922760912,-0.28444133982131303,1.1124443579678802,2,0.2425861358642578,-1.4163984322327479
9,2,27,Carlos quemó a la página en la plaza en pocos minutos.,20,1,0,0,0,1,1,0.2972285747528076,1.1838536262512207,3.642101526260376,95.74468085106383,0.5,-1.6150000000000002,2,0,-1.2132538242165485,0.16877490234242162,1.2925608574298817,2,0.43512797355651855,-0.832115099075508
21,4,28,Hugo apaleó una rebelde en la calle durante varios minutos.,20,1,0,1,1,1,0,0.33146238327026367,0.6164612770080566,1.0618655681610107,95.74468085106383,0.5,0.2599999999999998,1,0,-1.1042409500927621,-0.48375976936737236,0.060027331154828126,2,0.20099997520446777,-1.6044504942839257
6,3,34,Francisco besó la novia en la iglesia durante unos segundos.,20,1,0,1,0,1,0,0.2762305736541748,1.2315089702606201,1.8533313274383545,95.74468085106383,0.5,0.00999999999999978,0,0,-1.286519350236702,0.20824022256379907,0.6169847372763609,2,0.3748183250427246,-0.9813138369562975
31,0,35,Miguel recibió a la invitada en la casa en un día.,20,1,0,1,0,0,1,0.17700719833374023,1.0748023986816406,1.4937820434570312,95.74468085106383,-0.5,0.4266666666666663,0,1,-1.7315648786830464,0.07213682950367623,0.4013111881543151,2,0.2704179286956787,-1.30778663266344
35,5,36,Carlos vigiló la operación en la habitación durante unas horas.,20,1,0,0,0,0,0,0.20396757125854492,0.7885816097259521,1.0005788803100586,95.74468085106383,-0.5,-0.2400000000000002,2,1,-1.5897942621930006,-0.23751937796529451,5.787128234852429e-4,2,0.3952357769012451,-0.9282727886096224
2,5,37,Simón pateó la pelota en la cancha en un instante.,20,1,0,0,0,1,0,0.494762659072876,1.4891889095306396,2.4069910049438477,95.74468085106383,0.5,-0.2400000000000002,2,1,-0.7036771080195708,0.3982316157221343,0.8783774217535897,2,0.5640368461608887,-0.5726356995454968
24,5,38,Coral guió la decisión en el palacio en una hora.,20,1,0,0,0,1,0,0.20694303512573242,0.5532619953155518,1.4014105796813965,95.74468085106383,0.5,-0.2400000000000002,2,1,-1.57531171621852,-0.5919236187396085,0.3374792862917174,2,0.17879056930541992,-1.721540162010603
17,1,39,Luis zarandeó a una mujer en la casa durante algunos minutos.,20,1,0,1,1,1,1,0.2684814929962158,0.6776127815246582,0.9352285861968994,95.74468085106383,0.5,1.1349999999999998,1,1,-1.3149732947972148,-0.38917927288733967,-0.06696430235719956,2,0.32726597785949707,-1.1169820507560597
47,3,40,Marta descartó la aspirante en la selección en un día.,20,1,0,1,0,0,0,0.22943663597106934,0.7562899589538574,1.3479058742523193,95.74468085106383,-0.5,0.00999999999999978,0,0,-1.472128383589677,-0.27933043274688646,0.2985521838298361,2,0.3252992630004883,-1.1230097111048805
49,5,43,Alba mencionó la ciudad en el teatro tras varios minutos.,20,1,0,0,0,0,0,0.345782995223999,1.2134382724761963,2.429760694503784,95.74468085106383,-0.5,-0.2400000000000002,2,1,-1.061943882118491,0.19345787754519922,0.8877927728749477,2,0.39835333824157715,-0.9204158830187225
42,0,45,Ismael encontró a la conocida en la carretera en pocas horas.,20,1,0,1,0,0,1,0.37804722785949707,1.2171273231506348,1.576338291168213,95.74468085106383,-0.5,0.4266666666666663,0,1,-0.9727361497398385,0.19649342903480121,0.45510462015777553,2,0.4060957431793213,-0.9011663265429982
3,0,48,Pablo secuestró a la turista en el aeropuerto durante una hora.,20,1,0,1,0,1,1,0.5936777591705322,1.2563977241516113,1.176640272140503,95.74468085106383,0.5,0.4266666666666663,0,1,-0.5214185998009502,0.22824867727639303,0.1626631504168657,2,0.316800594329834,-1.1494827430024834
46,0,51,Alejandro identificó a la agresora en el aeropuerto en dos horas.,20,1,0,1,0,0,1,0.3150632381439209,0.9001922607421875,1.4497900009155273,95.74468085106383,-0.5,0.4266666666666663,0,1,-1.1549819042928484,-0.10514691542510535,0.37141871898923823,2,0.31771016120910645,-1.1466157545571118
43,5,56,Sofía conoció la verdad en el colegio en dos días.,20,1,0,0,0,0,0,0.4126152992248535,1.3633506298065186,3.7305426597595215,95.74468085106383,-0.5,-0.2400000000000002,2,1,-0.8852395989915862,0.3099453682057695,1.3165537082640004,2,0.3485703468322754,-1.0539152131050478
19,3,57,Lucas arrastró la víctima en la calle por un tiempo.,20,1,0,1,0,1,0,0.3360302448272705,0.8684148788452148,1.5733888149261475,95.74468085106383,0.5,0.00999999999999978,0,0,-1.0905541087031063,-0.14108570749371657,0.45323177403185005,2,0.29956769943237305,-1.2054148454597384
7,0,59,Tomás empujó a la vieja a la puerta en pocos segundos.,20,1,0,1,0,1,1,0.2817678451538086,1.6757774353027344,1.5281875133514404,95.74468085106383,0.5,0.4266666666666663,0,1,-1.2666717912310015,0.5162771980763997,0.42408240137700853,2,0.33233642578125,-1.1016074924721735
16,4,60,Valentina venció una adversaria en la guerra en dos años.,20,1,0,1,1,1,0,0.2908496856689453,1.1613941192626953,1.2005953788757324,95.74468085106383,0.5,0.2599999999999998,1,0,-1.234948689358475,0.14962111045297685,0.18281758281581476,2,0.20003700256347656,-1.6092529167294782
0,2,61,Juan golpeó a la piedra en la calle en diez segundos.,20,1,0,0,0,1,1,0.38878536224365234,1.328434944152832,1.6134586334228516,95.74468085106383,0.5,-1.6150000000000002,2,0,-0.9447278556548544,0.284001515619242,0.4783800943893766,2,0.15439057350158691,-1.8682696957061
32,4,62,Martín buscó una médica en el hospital durante dos horas.,20,1,0,1,1,0,0,0.18552136421203613,0.7720947265625,1.019110918045044,95.74468085106383,-0.5,0.2599999999999998,1,0,-1.6845852326119397,-0.25864803368356803,0.01893059821386851,2,0.3019826412200928,-1.197385742662938
25,2,63,Pedro observó a la planta en la oficina durante una hora.,20,1,0,0,0,0,1,0.17376065254211426,1.3802037239074707,1.6948161125183105,95.74468085106383,-0.5,-1.6150000000000002,2,0,-1.7500764868216898,0.32223111429337103,0.527574246757357,2,0.5884702205657959,-0.5302289558292703
34,4,64,Carmen odió una vendedora en el cine durante la película.,20,1,0,1,1,0,0,0.4172813892364502,1.1008327007293701,NA,95.74468085106383,-0.5,0.2599999999999998,1,0,-0.8739944904226459,0.09606689408690436,NA,2,0.3741486072540283,-0.9831022148894563
48,3,65,Samuel descubrió la infiltrada en el museo en pocas horas.,20,1,0,1,0,0,0,0.43176937103271484,1.326138973236084,2.1509594917297363,95.74468085106383,-0.5,0.00999999999999978,0,0,-0.8398636966440013,0.282271692633922,0.7659140178115342,2,0.450514554977417,-0.7973648939597215
36,1,66,Irene oyó a una niña en la sala durante una noche.,20,1,0,1,1,0,1,0.22306323051452637,1.1066241264343262,1.3376572132110596,95.74468085106383,-0.5,1.1349999999999998,1,1,-1.5003000028050886,0.10131405355247057,0.290919735468144,2,0.1451270580291748,-1.930145657985047
18,1,71,María transportó a una mochilera en la furgoneta durante un día.,20,1,0,1,1,1,1,0.31086039543151855,0.9995965957641602,1.5203135013580322,95.74468085106383,0.5,1.1349999999999998,1,1,-1.1684113568715817,-4.0348562521787306e-4,0.4189165644848359,2,0.42023444175720215,-0.8669425287774071
38,2,74,Unai amó a la vida en su pueblo durante varios años.,20,1,0,0,0,0,1,0.21245574951171875,0.6351854801177979,1.1308867931365967,95.74468085106383,-0.5,-1.6150000000000002,2,0,-1.549021549894035,-0.4538382280670919,0.12300209763842831,2,0.21122026443481445,-1.5548537827243667
14,3,75,Helena derribó la futbolista en el campo durante el partido.,20,1,0,1,0,1,0,0.1934678554534912,0.913651704788208,1.1726152896881104,95.74468085106383,0.5,0.00999999999999978,0,0,-1.6426439019994203,-0.09030584712378184,0.15923654459661238,2,0.2849407196044922,-1.255474121736522
13,0,78,Martina atropelló a la anciana en el aparcamiento en pocos minutos.,20,1,0,1,0,1,1,0.2793118953704834,0.8588640689849854,1.3021419048309326,95.74468085106383,0.5,0.4266666666666663,0,1,-1.2754262169970674,-0.15214461284332662,0.2640105277329204,2,0.33890533447265625,-1.0820344599422418
27,5,79,Felipe anunció la actuación en el escenario en cinco minutos.,20,1,0,0,0,0,0,0.17824840545654297,0.8573288917541504,1.4356520175933838,95.74468085106383,-0.5,-0.2400000000000002,2,1,-1.7245771652730844,-0.15393366299727196,0.3616191136787508,2,0.2518608570098877,-1.3788784986869365
12,3,80,Paula abatió la contrincante en el ring en pocos minutos.,20,1,0,1,0,1,0,0.20357465744018555,0.78415679931640625,1.1097345352172852,95.74468085106383,0.5,0.00999999999999978,0,0,-1.591722474350802,-0.24314627950081938,0.10412082925963126,2,0.21509432792663574,-1.5366786125278407
20,5,82,Claudia maltrató la camiseta en la casa durante varios años.,20,1,0,0,0,1,0,0.22703051567077637,0.8601095676422119,2.8907253742218018,95.74468085106383,0.5,-0.2400000000000002,2,1,-1.4826708402679358,-0.1506954936146838,1.0615074651708967,2,0.28182005882263184,-1.2664865009910788
10,1,83,Mateo eliminó a una rehén en el banco en pocos segundos.,20,1,0,1,1,1,1,0.20455455780029297,0.7187535762786865,1.1067678928375244,95.74468085106383,0.5,1.1349999999999998,1,1,-1.5869205527709187,-0.33023671119086995,0.10144395950871207,2,0.2111210823059082,-1.5553234603038646
39,5,85,Valeria admiró la escenografía en el teatro durante el concierto.,20,1,0,0,0,0,0,0.4448115825653076,1.4685661792755127,1.5832736492156982,95.74468085106383,-0.5,-0.2400000000000002,2,1,-0.8101044964448076,0.38428653654202843,0.45949463343576646,2,0.46333861351013184,-0.7692971455254112
37,2,89,Isabel vió a la tormenta desde su ventana durante una mañana.,20,1,0,0,0,0,1,0.2143104076385498,1.3226449489593506,1.7195615768432617,95.74468085106383,-0.5,-1.6150000000000002,2,0,-1.5403298119397002,0.2796334809821252,0.5420693611494027,2,0.3018958568572998,-1.1976731659233015
22,2,98,Carla asedió a la ciudad en la región durante bastante tiempo.,20,1,0,0,0,1,1,0.18558859825134277,0.6651787757873535,1.0506622791290283,95.74468085106383,0.5,-1.6150000000000002,2,0,-1.684222892352487,-0.40769943868568703,0.04942070736292961,2,0.291414737701416,-1.2330078109974731
1,4,103,Carlos asaltó una conductora en el barrio en pocos instantes.,20,1,0,1,1,1,0,0.3016669750213623,0.8065190315246582,0.969813346862793,95.74468085106383,0.5,0.2599999999999998,1,0,-1.1984316017805812,-0.21502778402057857,-0.03065165191559666,2,0.2770559787750244,-1.2835357037715975
4,3,104,Jorge arrolló la ciclista en la calle en un segundo.,20,1,0,1,0,1,0,0.280411958694458,0.8697671890258789,0.9347500801086426,95.74468085106383,0.5,0.00999999999999978,0,0,-1.2714954760347765,-0.13952970196528974,-0.06747607942431043,2,0.313983678817749,-1.158414272712225
0,0,0,Juan golpeó a la actriz en la calle en diez segundos.,21,0,0,1,0,1,1,0.6326320171356201,1.634544849395752,1.7679526805877686,93.61702127659576,-0.10000000000000007,0.3111111111111111,0,1,-0.4578663574159597,0.4913643860199668,0.5698221994838454,0,0.5562849044799805,-0.5864746978434314
31,3,2,Miguel recibió la invitada en la casa en un día.,21,0,0,1,0,0,0,1.4886093139648438,2.3880045413970947,1.8530755043029785,93.61702127659576,0.09999999999999964,-0.05000000000000004,0,0,0.3978423377861466,0.8704580972861247,0.6168466935335147,0,0.8637099266052246,-0.14651829964485952
29,5,3,Alfonso miró la estrella en la colina durante dos horas.,21,0,0,0,0,0,0,0.7491888999938965,1.6896064281463623,1.444397211074829,93.61702127659576,0.09999999999999964,-0.1333333333333333,2,1,-0.2887641243336293,0.524495619059951,0.36769207956554156,0,0.5562295913696289,-0.5865741358473469
16,5,4,Valentina venció la resistencia en la guerra en dos años.,21,0,0,0,0,1,0,0.7120106220245361,1.340792179107666,1.3574817180633545,93.61702127659576,-0.10000000000000007,-0.1333333333333333,2,1,-0.3396624491076554,0.2932606177242438,0.3056313053786229,0,0.5569107532501221,-0.5853502794507887
11,5,9,Valeria neutralizó la bomba en la frontera en cinco minutos.,21,0,0,0,0,1,0,0.6343173980712891,1.3628368377685547,1.8600952625274658,93.61702127659576,-0.10000000000000007,-0.1333333333333333,2,1,-0.4552058219445408,0.30956843738193,0.6206277028262103,0,0.551048755645752,-0.5959319879983889
14,4,10,Helena derribó una futbolista en el campo durante el partido.,21,0,0,1,1,1,0,0.7979226112365723,1.2388496398925781,1.7865135669708252,93.61702127659576,-0.10000000000000007,0.19999999999999996,1,0,-0.22574366463532278,0.21418323926386407,0.5802659926147227,0,0.5291967391967773,-0.6363950085200002
24,2,14,Coral guió a la decisión en el palacio en una hora.,21,0,0,0,0,1,1,1.4389939308166504,1.3701162338256836,1.5647733211517334,93.61702127659576,-0.10000000000000007,-1.175,2,0,0.36394421025676066,0.3148955784496651,0.4477409707868502,0,0.6650607585906982,-0.4078768761981274
23,5,15,Daniel remolcó la motocicleta en la calle durante algunos minutos.,21,0,0,0,0,1,0,0.6411638259887695,NA,2.161313533782959,93.61702127659576,-0.10000000000000007,-0.1333333333333333,2,1,-0.44447027595052485,NA,0.77071615435967,0,NA,NA
10,2,19,Mateo eliminó a la carpeta en el banco en pocos segundos.,21,0,0,0,0,1,1,1.0553243160247803,2.549076795578003,1.694056749343872,93.61702127659576,-0.10000000000000007,-1.175,2,0,0.053848128241995426,0.935731252667885,0.5271260958717375,0,1.077737808227539,0.07486422233574057
12,5,20,Paula abatió la resistencia en el ring en pocos minutos.,21,0,0,0,0,1,0,0.7161910533905029,1.532165288925171,1.5820624828338623,93.61702127659576,-0.10000000000000007,-0.1333333333333333,2,1,-0.3338083132711656,0.42668195644191337,0.4587293646678266,0,0.678701639175415,-0.3875736601060245
30,5,24,Carlos esperó la furgoneta en la esquina durante una hora.,21,0,0,0,0,0,0,0.6723062992095947,1.4613215923309326,1.46140456199646,93.61702127659576,0.09999999999999964,-0.1333333333333333,2,1,-0.3970412399101146,0.3793412265002549,0.3793980020318433,0,0.5030415058135986,-0.6870825957586701
9,4,29,Carlos quemó una bruja en la plaza en pocos minutos.,21,0,0,1,1,1,0,1.2882118225097656,1.7430801391601562,1.8945229053497314,93.61702127659576,-0.10000000000000007,0.19999999999999996,1,0,0.25325507263066505,0.5556537431976113,0.6389670418493159,0,0.10797357559204102,-2.225868752238678
1,0,33,Carlos asaltó a la conductora en el barrio en pocos instantes.,21,0,0,1,0,1,1,0.6099655628204346,1.3834853172302246,1.4496471881866455,93.61702127659576,-0.10000000000000007,0.3111111111111111,0,1,-0.4943527778011195,0.32460590741673484,0.3713202083337675,0,0.5264625549316406,-0.6415750706749311
38,2,35,Unai amó a la vida en su pueblo durante varios años.,21,0,0,0,0,0,1,0.6115150451660156,1.424135446548462,1.4817416667938232,93.61702127659576,0.09999999999999964,-1.175,2,0,-0.4918157204519088,0.3535649254246425,0.393218197775158,0,0.4491446018218994,-0.8004103900323812
17,0,37,Luis zarandeó a la mujer en la casa durante algunos minutos.,21,0,0,1,0,1,1,0.5703918933868408,1.5165607929229736,1.3997719287872314,93.61702127659576,-0.10000000000000007,0.3111111111111111,0,1,-0.561431622137952,0.4164451349941634,0.3363093153411415,0,0.5225679874420166,-0.6490001841017278
20,0,43,Claudia maltrató a la compañera en la casa durante varios años.,21,0,0,1,0,1,1,0.3420414924621582,0.9573523998260498,1.0472800731658936,93.61702127659576,-0.10000000000000007,0.3111111111111111,0,1,-1.0728232262898039,-0.043583721427620334,0.04619639675248535,0,0.3280153274536133,-1.1146949416483038
13,1,46,Martina atropelló a una anciana en el aparcamiento en pocos minutos.,21,0,0,1,1,1,1,0.4471774101257324,1.315507411956787,1.030928373336792,93.61702127659576,-0.10000000000000007,0.825,1,1,-0.8047998724472396,0.2742224558090477,0.030459729621260465,0,0.4670569896697998,-0.761303995204553
32,4,47,Martín buscó una médica en el hospital durante dos horas.,21,0,0,1,1,0,0,0.4702324867248535,1.2921841144561768,1.2755157947540283,93.61702127659576,0.09999999999999964,0.19999999999999996,1,0,-0.7545280539722327,0.25633389865681133,0.2433506417092817,0,0.4060099124908447,-0.9013777046763651
3,4,48,Pablo secuestró una turista en el aeropuerto durante una hora.,21,0,0,1,1,1,0,0.5367932319641113,1.6497786045074463,1.3241887092590332,93.61702127659576,-0.10000000000000007,0.19999999999999996,1,0,-0.6221423015186947,0.5006410998232741,0.28079997701026843,0,0.5538578033447266,-0.5908472978438674
34,4,49,Carmen odió una vendedora en el cine durante la película.,21,0,0,1,1,0,0,0.41324543952941895,1.1156048774719238,1.4557433128356934,93.61702127659576,0.09999999999999964,0.19999999999999996,1,0,-0.8837135779633871,0.10939674882324198,0.37551663810317343,0,0.34430503845214844,-1.0662272748436343
15,3,51,Lucía destrozó la oponente en el bar en diez minutos.,21,0,0,1,0,1,0,0.6349472999572754,1.3235762119293213,1.6034460067749023,93.61702127659576,-0.10000000000000007,-0.05000000000000004,0,0,-0.45421327572675513,0.28033732465338,0.4721550674762045,0,0.5067338943481445,-0.6797692763985186
6,3,53,Francisco besó la novia en la iglesia durante unos segundos.,21,0,0,1,0,1,0,0.35486650466918945,1.1154084205627441,1.2228069305419922,93.61702127659576,-0.10000000000000007,-0.05000000000000004,0,0,-1.036013603414072,0.10922063431073725,0.20114897878262214,0,0.37531089782714844,-0.9800005356204641
8,3,54,Helena colgó la criminal en el patio en cinco minutos.,21,0,0,1,0,1,0,1.0374512672424316,1.4533231258392334,1.3217859268188477,93.61702127659576,-0.10000000000000007,-0.05000000000000004,0,0,0.03676700068693271,0.3738527451630537,0.27898379701527504,0,0.48166441917419434,-0.7305076331889374
49,2,56,Alba mencionó a la ciudad en el teatro tras varios minutos.,21,0,0,0,0,0,1,0.41855716705322266,1.2094807624816895,1.106184482574463,93.61702127659576,0.09999999999999964,-1.175,2,0,-0.870941798493296,0.19019114559353242,0.10091669079469903,0,0.5543067455291748,-0.5900370531749413
26,1,59,Juan escuchó a una vecina en el balcón durante una noche.,21,0,0,1,1,0,1,0.439957857131958,1.2682368755340576,1.2718853950500488,93.61702127659576,0.09999999999999964,0.825,1,1,-0.8210763359025051,0.23762764892624164,0.24050036262774727,0,0.39011240005493164,-0.94132037611255
18,2,60,María transportó a la guitarra en la furgoneta durante un día.,21,0,0,0,0,1,1,0.4603888988494873,1.2872791290283203,1.2171435356140137,93.61702127659576,-0.10000000000000007,-1.175,2,0,-0.7756837143940754,0.25253078857005784,0.19650674921510966,0,0.4096107482910156,-0.8925479646562642
35,1,62,Carlos vigiló a una niña en la habitación durante unas horas.,21,0,0,1,1,0,1,0.44873952865600586,1.4631686210632324,1.2407236099243164,93.61702127659576,0.09999999999999964,0.825,1,1,-0.8013126739231976,0.38060437244577666,0.21569476580470484,0,0.4603457450866699,-0.7757774520700348
42,2,63,Ismael encontró a la dificultad en la carretera en pocas horas.,21,0,0,0,0,0,1,0.3875303268432617,1.3926959037780762,1.1375129222869873,93.61702127659576,0.09999999999999964,-1.175,2,0,-0.9479611704297897,0.33124136786347647,0.12884423203073778,0,0.5644533634185791,-0.5718975145385402
46,5,64,Alejandro identificó la amenaza en el aeropuerto en dos horas.,21,0,0,0,0,0,0,0.4088442325592041,1.1645739078521729,1.5366339683532715,93.61702127659576,0.09999999999999964,-0.1333333333333333,2,1,-0.8944210449694191,0.15235527578399363,0.42959428938516153,0,0.41729068756103516,-0.8739722075669313
47,1,67,Marta descartó a una aspirante en la selección en un día.,21,0,0,1,1,0,1,0.31857967376708984,0.9460611343383789,1.0620169639587402,93.61702127659576,0.09999999999999964,0.825,1,1,-1.1438826821381107,-0.05544808798196051,0.06016989628797117,0,0.3884754180908203,-0.9455253850738148
40,5,68,Adrián percibió la sombra detrás de él durante algunos minutos.,21,0,0,0,0,0,0,0.3160698413848877,0.9554495811462402,1.6288049221038818,93.61702127659576,0.09999999999999964,-0.1333333333333333,2,1,-1.151792072775109,-0.045573283678608904,0.48784656928986025,0,0.3373427391052246,-1.0866558354685538
41,4,70,Emma investigó una empresaria en la ciudad durante varias semanas.,21,0,0,1,1,0,0,0.46378231048583984,1.2361276149749756,1.3601560592651367,93.61702127659576,0.09999999999999964,0.19999999999999996,1,0,-0.7683399952808249,0.21198360206738454,0.30759944262440436,0,0.46098875999450684,-0.7743816180733868
7,2,73,Tomás empujó a la silla a la puerta en pocos segundos.,21,0,0,0,0,1,1,0.40256333351135254,1.014207363128662,0.8621985912322998,93.61702127659576,-0.10000000000000007,-1.175,2,0,-0.909902844163021,0.014107384388576498,-0.1482696505926137,0,0.3905911445617676,-0.9400939321694008
48,4,74,Samuel descubrió una infiltrada en el museo en pocas horas.,21,0,0,1,1,0,0,0.25642895698547363,0.8805038928985596,0.924818754196167,93.61702127659576,0.09999999999999964,0.19999999999999996,1,0,-1.3609036235516803,-0.12726092981935277,-0.078157502078287,0,0.27852606773376465,-1.278243623514746
4,1,75,Jorge arrolló a una ciclista en la calle en un segundo.,21,0,0,1,1,1,1,0.3276479244232178,1.4181599617004395,2.2259111404418945,93.61702127659576,-0.10000000000000007,0.825,1,1,-1.115815648254319,0.3493602297168756,0.8001663331176198,0,0.5578746795654297,-0.5836209304170407
22,0,76,Carla asedió a la contrincante en la región durante bastante tiempo.,21,0,0,1,0,1,1,1.710299015045166,2.007833480834961,3.2219460010528564,93.61702127659576,-0.10000000000000007,0.3111111111111111,0,1,0.5366682178273985,0.6970562705197414,1.1699855251645763,0,0.5435333251953125,-0.6096642583938776
21,3,81,Hugo apaleó la rebelde en la calle durante varios minutos.,21,0,0,1,0,1,0,0.3319270610809326,0.9446673393249512,0.9505898952484131,93.61702127659576,-0.10000000000000007,-0.05000000000000004,0,0,-1.1028400297416083,-0.05692243534099889,-0.050672544725743014,0,0.31389784812927246,-1.1586876704324243
37,4,82,Isabel vió una estudiante desde su ventana durante una mañana.,21,0,0,1,1,0,0,0.4809236526489258,1.1476702690124512,NA,93.61702127659576,0.09999999999999964,0.19999999999999996,1,0,-0.732046747776338,0.13773403452661356,NA,0,0.39346814155578613,-0.9327551761410476
28,5,83,Anna comprendió la tarea en la escuela en dos minutos.,21,0,0,0,0,0,0,0.5653905868530273,1.3908562660217285,1.165611982345581,93.61702127659576,0.09999999999999964,-0.1333333333333333,2,1,-0.570238482511702,0.3299195762016224,0.15324625582678555,0,0.49251341819763184,-0.7082335736698
27,3,85,Felipe anunció la cantante en el escenario en cinco minutos.,21,0,0,1,0,0,0,1.1000409126281738,1.8599822521209717,1.534848928451538,93.61702127659576,0.09999999999999964,-0.05000000000000004,0,0,0.09534737241101113,0.6205669458091406,0.42843195824891583,0,0.8864905834197998,-0.12048477572417786
33,2,89,Marco imaginó a la fiesta en la playa durante dos minutos.,21,0,0,0,0,0,1,0.42293834686279297,1.3977007865905762,1.643897294998169,93.61702127659576,0.09999999999999964,-1.175,2,0,-0.8605288626561444,0.3348285912835358,0.4970698220536412,0,0.4108867645263672,-0.8894376145476304
19,1,92,Lucas arrastró a una víctima en la calle por un tiempo.,21,0,0,1,1,1,1,0.2654550075531006,0.9801104068756104,1.0673582553863525,93.61702127659576,-0.10000000000000007,0.825,1,1,-1.3263099157374671,-0.02009005358603592,0.06518667546487128,0,0.3314399719238281,-1.1043085659226608
25,0,96,Pedro observó a la secretaria en la oficina durante una hora.,21,0,0,1,0,0,1,0.5918166637420654,1.0623905658721924,1.2419021129608154,93.61702127659576,0.09999999999999964,0.3111111111111111,0,1,-0.5245583816867556,0.06052161968572563,0.21664416636408587,0,0.35874295234680176,-1.0251491571276088
39,3,97,Valeria admiró la cantante en el teatro durante el concierto.,21,0,0,1,0,0,0,0.40091395378112793,1.223034143447876,1.2903108596801758,93.61702127659576,0.09999999999999964,-0.05000000000000004,0,0,-0.9140084538003883,0.2013347740977419,0.2548831658396688,0,0.3894538879394531,-0.9430098085116827
2,0,98,Simón pateó a la jugadora en la cancha en un instante.,21,0,0,1,0,1,1,0.3266472816467285,0.7995662689208984,NA,93.61702127659576,-0.10000000000000007,0.3111111111111111,0,1,-1.1188743396441991,-0.22368586218704933,NA,0,0.4139237403869629,-0.8820735240879458
43,0,99,Sofía conoció a la chica en el colegio en dos días.,21,0,0,1,0,0,1,0.46838927268981934,1.4346654415130615,1.1702075004577637,93.61702127659576,0.09999999999999964,0.3111111111111111,0,1,-0.758455549549397,0.36093168022706484,0.15718108390346894,0,0.4756772518157959,-0.7430156971292188
44,0,101,Martín detectó a la intrusa en el hospital en dos minutos.,21,0,0,1,0,0,1,0.37003231048583984,1.1600675582885742,1.4001405239105225,93.61702127659576,0.09999999999999964,0.3111111111111111,0,1,-0.9941649515191234,0.14847824332633922,0.33657260580585957,0,0.4341928958892822,-0.834266383050693
36,3,103,Irene oyó la niña en la sala durante una noche.,21,0,0,1,0,0,0,0.3678905963897705,1.0682752132415771,1.6200995445251465,93.61702127659576,0.09999999999999964,-0.05000000000000004,0,0,-0.9999696774324597,0.06604539764266247,0.4824875945942333,0,0.34956979751586914,-1.0510520304777178
45,1,104,Gabriela localizó a una amiga en la ciudad en dos minutos.,21,0,0,1,1,0,1,0.4644341468811035,1.0133750438690186,1.0285487174987793,93.61702127659576,0.09999999999999964,0.825,1,1,-0.7669355028324498,0.01328638761574784,0.02814879651340478,0,0.3409554958343506,-1.0760033209655941
5,1,105,Manuel abrazó a una señora en el parque en pocos instantes.,21,0,0,1,1,1,1,0.35063838958740234,1.0890815258026123,1.0417547225952148,93.61702127659576,-0.10000000000000007,0.825,1,1,-1.0479998156627532,0.08533470414470008,0.04090652463889023,0,0.33243513107299805,-1.1013105324369383
1,1,0,Carlos asaltó a una conductora en el barrio en pocos instantes.,22,1,0,1,1,1,1,0.551976203918457,1.562244176864624,2.177311420440674,93.61702127659576,0,0.08000000000000007,1,1,-0.5942503424776295,0.4461233624170821,0.7780908222930206,2,0.5440318584442139,-0.6087474705243889
29,2,4,Alfonso miró a la estrella en la colina durante dos horas.,22,1,0,0,0,0,1,0.3617980480194092,1.08851957321167,1.396298885345459,93.61702127659576,0,-0.6699999999999999,2,0,-1.0166691012278426,0.08481858335134522,0.3338250826741077,2,0.3575592041015625,-1.0284543246807178
28,4,5,Anna comprendió una maestra en la escuela en dos minutos.,22,1,0,1,1,0,0,0.4226095676422119,1.2938387393951416,1.2654023170471191,93.61702127659576,0,-0.16999999999999993,1,0,-0.8613065341080177,0.2576135665161227,0.2353901088077749,2,0.42764830589294434,-0.8494541363967382
10,4,8,Mateo eliminó una rehén en el banco en pocos segundos.,22,1,0,1,1,1,0,0.9912154674530029,1.3145992755889893,1.8966126441955566,93.61702127659576,0,-0.16999999999999993,1,0,-0.008823344013934463,0.27353188579666915,0.640069476215043,2,0.4705367088317871,-0.7538813021037089
18,0,10,María transportó a la mochilera en la furgoneta durante un día.,22,1,0,1,0,1,1,0.4252016544342041,1.2754688262939453,1.2831058502197266,93.61702127659576,0,0.35777777777777775,0,1,-0.8551917415665892,0.24331381791998813,0.24928358435020473,2,0.430464506149292,-0.8428904064824965
35,4,11,Carlos vigiló una niña en la habitación durante unas horas.,22,1,0,1,1,0,0,0.7385797500610352,1.2358572483062744,1.2531101703643799,93.61702127659576,0,-0.16999999999999993,1,0,-0.3030261935912435,0.2117648574676135,0.22562859731958504,2,0.3833608627319336,-0.9587785330491483
6,2,14,Francisco besó a la cruz en la iglesia durante unos segundos.,22,1,0,0,0,1,1,0.43448781967163086,1.3586533069610596,1.5163304805755615,93.61702127659576,0,-0.6699999999999999,2,0,-0.8335873676463055,0.3064939936909284,0.4162932585653133,2,0.4267392158508301,-0.8515821880408786
12,1,15,Paula abatió a una contrincante en el ring en pocos minutos.,22,1,0,1,1,1,1,0.4886589050292969,2.0492300987243652,1.3470079898834229,93.61702127659576,0,0.08000000000000007,1,1,-0.7160905686259091,0.7174641610115271,0.29788582902416344,2,1.1277832984924316,0.12025402335455945
21,2,18,Hugo apaleó a la muñeca en la calle durante varios minutos.,22,1,0,0,0,1,1,0.43686914443969727,1.4178824424743652,1.7846620082855225,93.61702127659576,0,-0.6699999999999999,2,0,-0.8281215693692725,0.34916452091749267,0.5792290462018718,2,0.43476295471191406,-0.8329543281194406
43,0,20,Sofía conoció a la chica en el colegio en dos días.,22,1,0,1,0,0,1,0.3523216247558594,1.1461334228515625,1.4331493377685547,93.61702127659576,0,0.35777777777777775,0,1,-1.0432108138671197,0.13639403634254701,0.3598743567927192,2,0.3336641788482666,-1.0976202443620233
9,3,21,Carlos quemó la bruja en la plaza en pocos minutos.,22,1,0,1,0,1,0,0.6206943988800049,1.2710835933685303,NA,93.61702127659576,0,-0.29499999999999993,0,0,-0.4769164294795063,0.23986975980739,NA,2,0.5118474960327148,-0.6697285576226284
39,5,25,Valeria admiró la escenografía en el teatro durante el concierto.,22,1,0,0,0,0,0,0.7118639945983887,1.7027723789215088,1.3706436157226562,93.61702127659576,0,0.5800000000000001,2,1,-0.33986840463906803,0.5322577338639708,0.31528042202037676,2,0.6529977321624756,-0.4261816226635352
38,5,26,Unai amó la vida en su pueblo durante varios años.,22,1,0,0,0,0,0,0.4710664749145508,1.2986986637115479,1.927738904953003,93.61702127659576,0,0.5800000000000001,2,1,-0.752756059224742,0.26136273519024106,0.656347764275648,2,0.43947553634643555,-0.822173225871566
37,2,28,Isabel vió a la tormenta desde su ventana durante una mañana.,22,1,0,0,0,0,1,0.4023916721343994,1.2337992191314697,1.2874417304992676,93.61702127659576,0,-0.6699999999999999,2,0,-0.9103293559018174,0.21009820489602937,0.2526570946669396,2,0.41237473487854004,-0.8858227923471114
47,2,29,Marta descartó a la sospecha en la selección en un día.,22,1,0,0,0,0,1,0.4270200729370117,1.587550163269043,1.37176513671875,93.61702127659576,0,-0.6699999999999999,2,0,-0.8509242576382433,0.462192050195108,0.3160983315005867,2,0.5372445583343506,-0.6213018722509703
34,5,30,Carmen odió la música en el cine durante la película.,22,1,0,0,0,0,0,0.5188944339752197,1.2732429504394531,2.7577428817749023,93.61702127659576,0,0.5800000000000001,2,1,-0.6560548192506337,0.24156715010080787,1.0144125486927427,2,0.4438741207122803,-0.8122142686562901
11,2,33,Valeria neutralizó a la bomba en la frontera en cinco minutos.,22,1,0,0,0,1,1,0.5140266418457031,1.6759555339813232,2.258113384246826,93.61702127659576,0,-0.6699999999999999,2,0,-0.6654801824855872,0.5163834706705405,0.8145296789250598,2,0.5087778568267822,-0.6757437882908778
25,0,37,Pedro observó a la secretaria en la oficina durante una hora.,22,1,0,1,0,0,1,0.43628549575805664,1.4107508659362793,1.491544485092163,93.61702127659576,0,0.35777777777777775,0,1,-0.82945844314099,0.3441220916796331,0.3998121502685266,2,0.49636077880859375,-0.7004522400371519
14,4,41,Helena derribó una futbolista en el campo durante el partido.,22,1,0,1,1,1,0,0.4350740909576416,1.6237950325012207,1.453523874282837,93.61702127659576,0,-0.16999999999999993,1,0,-0.8322389383563901,0.48476602226011617,0.3739908662570874,2,0.5674986839294434,-0.5665168486963285
2,3,42,Simón pateó la jugadora en la cancha en un instante.,22,1,0,1,0,1,0,0.6081056594848633,2.2005836963653564,1.4172754287719727,93.61702127659576,0,-0.29499999999999993,0,0,-0.4974066300668484,0.7887226417037714,0.3487363163946871,2,1.0918619632720947,0.08788446207265575
41,0,45,Emma investigó a la empresaria en la ciudad durante varias semanas.,22,1,0,1,0,0,1,0.417402982711792,1.3615598678588867,1.3543083667755127,93.61702127659576,0,0.35777777777777775,0,1,-0.8737031384331073,0.3086310041508994,0.30329089359373346,2,0.45848798751831055,-0.7798211871526902
22,4,46,Carla asedió una contrincante en la región durante bastante tiempo.,22,1,0,1,1,1,0,0.7490153312683105,1.7291338443756104,1.8528995513916016,93.61702127659576,0,-0.16999999999999993,1,0,-0.2889958266913462,0.5476206151426427,0.6167517371947024,2,0.6480379104614258,-0.43380608054264624
24,1,47,Coral guió a una turista en el palacio en una hora.,22,1,0,1,1,1,1,0.4370849132537842,1.9635846614837646,2.2491514682769775,93.61702127659576,0,0.08000000000000007,1,1,-0.8276277932569668,0.6747717117451788,0.8105530198765007,2,0.5306339263916016,-0.6336828996474639
16,5,48,Valentina venció la resistencia en la guerra en dos años.,22,1,0,0,0,1,0,0.6007566452026367,1.7014539241790771,2.1289193630218506,93.61702127659576,0,0.5800000000000001,2,1,-0.5095653429158975,0.5314831350617972,0.755614509675893,2,0.5413088798522949,-0.6137652206355874
5,4,49,Manuel abrazó una señora en el parque en pocos instantes.,22,1,0,1,1,1,0,0.5142173767089844,1.9369900226593018,1.9706239700317383,93.61702127659576,0,-0.16999999999999993,1,0,-0.6651091910438144,0.6611352334871229,0.6783502286563415,2,0.8360488414764404,-0.1790682447852732
30,0,50,Carlos esperó a la profesora en la esquina durante una hora.,22,1,0,1,0,0,1,0.4554786682128906,1.5310680866241455,1.4699947834014893,93.61702127659576,0,0.35777777777777775,0,1,-0.7864063949640684,0.42596558768156656,0.38525885207787836,2,0.5291557312011719,-0.6364725025435376
7,0,51,Tomás empujó a la vieja a la puerta en pocos segundos.,22,1,0,1,0,1,1,0.4573948383331299,1.5519256591796875,1.5531773567199707,93.61702127659576,0,0.35777777777777775,0,1,-0.7822082822557093,0.43949652060069677,0.4403027402988344,2,0.5389924049377441,-0.6180537991970128
45,3,52,Gabriela localizó la amiga en la ciudad en dos minutos.,22,1,0,1,0,0,0,0.45494556427001953,1.5243275165557861,1.567197322845459,93.61702127659576,0,-0.29499999999999993,0,0,-0.7875775061554887,0.42155334005199463,0.44928887940621615,2,0.5131082534790039,-0.6672684356461379
33,1,56,Marco imaginó a una amiga en la playa durante dos minutos.,22,1,0,1,1,0,1,0.4829986095428467,1.8037123680114746,1.5494437217712402,93.61702127659576,0,0.08000000000000007,1,1,-0.7277415041269862,0.5898469676930024,0.43789597733517593,2,0.48534202575683594,-0.7229014288407406
23,0,61,Daniel remolcó a la enferma en la calle durante algunos minutos.,22,1,0,1,0,1,1,0.4241619110107422,1.254349708557129,1.3501853942871094,93.61702127659576,0,0.35777777777777775,0,1,-0.8576400310509151,0.2266172777799494,0.30024191212312273,2,0.41617536544799805,-0.8766485559910813
3,3,63,Pablo secuestró la turista en el aeropuerto durante una hora.,22,1,0,1,0,1,0,0.487393856048584,1.6288113594055176,2.1335408687591553,93.61702127659576,0,-0.29499999999999993,0,0,-0.7186827434335021,0.48785052144449076,0.7577829791967612,2,0.4634103775024414,-0.7691422729695219
19,1,64,Lucas arrastró a una víctima en la calle por un tiempo.,22,1,0,1,1,1,1,0.46291017532348633,2.586864948272705,1.3646385669708252,93.61702127659576,0,0.08000000000000007,1,1,-0.7702222494982659,0.9504466978492198,0.31088960747293415,2,1.6581332683563232,0.5056924324673991
36,5,65,Irene oyó la discusión en la sala durante una noche.,22,1,0,0,0,0,0,0.7521095275878906,1.7642221450805664,1.374359130859375,93.61702127659576,0,0.5800000000000001,2,1,-0.2848733172498415,0.5677098822411123,0.31798753581866357,2,0.6421427726745605,-0.4429446126730234
8,5,70,Helena colgó la fotografía en el patio en cinco minutos.,22,1,0,0,0,1,0,0.41704511642456055,1.1253368854522705,1.300004005432129,93.61702127659576,0,0.5800000000000001,2,1,-0.8745608701711078,0.11808244456441412,0.26236734556438207,2,0.40033626556396484,-0.9154504211242356
20,1,72,Claudia maltrató a una compañera en la casa durante varios años.,22,1,0,1,1,1,1,0.3654444217681885,1.1263105869293213,1.5744261741638184,93.61702127659576,0,0.08000000000000007,1,1,-1.006641072180473,0.11894732376925364,0.4538908720276469,2,0.3856470584869385,-0.9528326840474282
27,5,77,Felipe anunció la actuación en el escenario en cinco minutos.,22,1,0,0,0,0,0,0.3750433921813965,1.938486099243164,1.606083631515503,93.61702127659576,0,0.5800000000000001,2,1,-0.9807135472221753,0.6619073072200634,0.47379868858686586,2,1.0437359809875488,0.04280656570355149
13,3,79,Martina atropelló la anciana en el aparcamiento en pocos minutos.,22,1,0,1,0,1,0,0.45835232734680176,1.4873743057250977,1.5406675338745117,93.61702127659576,0,-0.29499999999999993,0,0,-0.7801171169243185,0.3970123545144163,0.43221578606222794,2,0.39223313331604004,-0.9358988881251522
46,5,80,Alejandro identificó la amenaza en el aeropuerto en dos horas.,22,1,0,0,0,0,0,0.6617281436920166,1.5446789264678955,1.6905925273895264,93.61702127659576,0,0.5800000000000001,2,1,-0.41290046646416234,0.4348160741693797,0.5250790754091835,2,0.5712180137634277,-0.5599843317533549
42,2,81,Ismael encontró a la dificultad en la carretera en pocas horas.,22,1,0,0,0,0,1,0.5859968662261963,2.3760793209075928,2.335118055343628,93.61702127659576,0,-0.6699999999999999,2,0,-0.53444083715629,0.8654517851635252,0.8480624488764694,2,0.67102813720703125,-0.3989442096451713
17,3,82,Luis zarandeó la mujer en la casa durante algunos minutos.,22,1,0,1,0,1,0,0.8854846954345703,1.6051628589630127,1.4493467807769775,93.61702127659576,0,-0.29499999999999993,0,0,-0.1216201054381756,0.47322522119315785,0.37111295891278945,2,0.5274522304534912,-0.6396969761145805
49,0,86,Alba mencionó a la actriz en el teatro tras varios minutos.,22,1,0,1,0,0,1,0.38486289978027344,1.2537493705749512,1.6754004955291748,93.61702127659576,0,0.35777777777777775,0,1,-0.9548681125814273,0.22613855825994497,0.5160522385052105,2,0.39905357360839844,-0.9186596014104081
48,4,89,Samuel descubrió una infiltrada en el museo en pocas horas.,22,1,0,1,1,0,0,0.6164371967315674,1.4356489181518555,2.042573928833008,93.61702127659576,0,-0.16999999999999993,1,0,-0.48379883223751974,0.3616169547677919,0.7142107423640666,2,0.5451364517211914,-0.6067191455256372
44,1,91,Martín detectó a una intrusa en el hospital en dos minutos.,22,1,0,1,1,0,1,0.531670331954956,1.6780204772949219,1.5668120384216309,93.61702127659576,0,0.08000000000000007,1,1,-0.6317316584959001,0.5176148113644284,0.4490430062250248,2,0.5465655326843262,-0.6041010651340414
40,4,92,Adrián percibió una mujer detrás de él durante algunos minutos.,22,1,0,1,1,0,0,0.4554266929626465,1.4416840076446533,2.2191011905670166,93.61702127659576,0,-0.16999999999999993,1,0,-0.7865205127473549,0.36581188006742904,0.7971022447886033,2,0.48230862617492676,-0.7291710665707274
31,0,93,Miguel recibió a la invitada en la casa en un día.,22,1,0,1,0,0,1,0.6172192096710205,2.112604856491089,2.1821560859680176,93.61702127659576,0,0.35777777777777775,0,1,-0.4825310350775662,0.7479217152261555,0.7803134182933725,2,0.7866549491882324,-0.23996556484122863
0,3,98,Juan golpeó la actriz en la calle en diez segundos.,22,1,0,1,0,1,0,0.45534586906433105,1.3755438327789307,1.3246257305145264,93.61702127659576,0,-0.29499999999999993,0,0,-0.7866979970104901,0.31884916767150734,0.28112995200051044,2,0.4521291255950928,-0.7937874638522139
4,2,99,Jorge arrolló a la valla en la calle en un segundo.,22,1,0,0,0,1,1,0.520930290222168,1.5045435428619385,1.5432353019714355,93.61702127659576,0,-0.6699999999999999,2,0,-0.652139046138234,0.408489558418536,0.4338810581716301,2,0.5066401958465576,-0.6799542002144332
32,3,102,Martín buscó la médica en el hospital durante dos horas.,22,1,0,1,0,0,0,0.6124553680419922,2.222074508666992,2.3353848457336426,93.61702127659576,0,-0.29499999999999993,0,0,-0.49027920772116323,0.7984412229086166,0.8481766937001878,2,0.6147048473358154,-0.48661304940673106
15,1,103,Lucía destrozó a una oponente en el bar en diez minutos.,22,1,0,1,1,1,1,0.6224691867828369,1.7099695205688477,1.6545708179473877,93.61702127659576,0,0.08000000000000007,1,1,-0.4740611510124345,0.536475546126971,0.503541650695524,2,0.6030764579772949,-0.5057112943106358
26,5,104,Juan escuchó la alarma en el balcón durante una noche.,22,1,0,0,0,0,0,0.5322785377502441,1.824056625366211,1.8078632354736328,93.61702127659576,0,0.5800000000000001,2,1,-0.6305883594542702,0.601062935778934,0.5921456150123838,2,0.5130970478057861,-0.6672902746937518
45,3,0,Gabriela localizó la amiga en la ciudad en dos minutos.,23,0,0,1,0,0,0,0.37364840507507324,1.517427682876587,3.2178690433502197,97.87234042553192,0,-1.625,0,0,-0.9844400171146851,0.41701658738043235,1.1687193526986888,0,0.3768613338470459,-0.9758779739238765
19,0,3,Lucas arrastró a la víctima en la calle por un tiempo.,23,0,0,1,0,1,1,2.987257957458496,1.368680715560913,2.3144404888153076,97.87234042553192,0,1.3333333333333337,0,1,1.094355895551525,0.31384729453321814,0.8391679688299568,0,0.5053019523620605,-0.6825991029235601
6,0,7,Francisco besó a la novia en la iglesia durante unos segundos.,23,0,0,1,0,1,1,1.2143466472625732,1.4207534790039062,1.527266025543213,97.87234042553192,0,1.3333333333333337,0,1,0.19420619328056815,0.3511873499015142,0.4234792255640332,0,0.2464156150817871,-1.4007356764338863
26,4,9,Juan escuchó una vecina en el balcón durante una noche.,23,0,0,1,1,0,0,0.2848191261291504,1.3792948722839355,2.259040355682373,97.87234042553192,0,-1.625,1,0,-1.2559009453468493,0.32157240647039786,0.8149401017275273,0,0.683281421661377,-0.38084846670395434
44,5,10,Martín detectó la enfermedad en el hospital en dos minutos.,23,0,0,0,0,0,0,0.38257741928100586,1.1856162548065186,2.057490110397339,97.87234042553192,0,1.2222222222222223,2,1,-0.9608242428473059,0.1702626856601335,0.7214868469462791,0,0.36925387382507324,-0.9962708665625148
42,5,11,Ismael encontró la dificultad en la carretera en pocas horas.,23,0,0,0,0,0,0,0.7522320747375488,1.1431639194488525,2.357853889465332,97.87234042553192,0,1.2222222222222223,2,1,-0.2847103926192392,0.13379978612151147,0.8577518364401862,0,0.46700286865234375,-0.7614198786076014
4,5,12,Jorge arrolló la valla en la calle en un segundo.,23,0,0,0,0,1,0,0.4215214252471924,2.326221227645874,1.7607731819152832,97.87234042553192,0,1.2222222222222223,2,1,-0.863884671877883,0.844245160341518,0.5657530204890046,0,0.5405616760253906,-0.6151465392076712
16,4,15,Valentina venció una adversaria en la guerra en dos años.,23,0,0,1,1,1,0,0.8530292510986328,1.3956224918365479,3.4758827686309814,97.87234042553192,0,-1.625,1,0,-0.15896144005188284,0.33334054644921784,1.2458484808939592,0,0.612156867980957,-0.4907667090839069
18,4,16,María transportó una mochilera en la furgoneta durante un día.,23,0,0,1,1,1,0,0.32011842727661133,2.0246331691741943,1.5169925689697266,97.87234042553192,0,-1.625,1,0,-1.1390642664136053,0.7053885331235845,0.41672980185059166,0,1.350083589553833,0.3001665087215106
1,5,18,Carlos asaltó la camioneta en el barrio en pocos instantes.,23,0,0,0,0,1,0,1.5437898635864258,1.2832245826721191,1.2026631832122803,97.87234042553192,0,1.2222222222222223,2,1,0.4342403436268593,0.24937611526590875,0.18453841708595556,0,0.27139711380004883,-1.3041721661255758
7,1,21,Tomás empujó a una vieja a la puerta en pocos segundos.,23,0,0,1,1,1,1,0.28897619247436523,1.7055573463439941,1.7151262760162354,97.87234042553192,0,1.5,1,1,-1.2414109732444747,0.5338919466701129,0.5394867082374899,0,0.9894168376922607,-0.010639562249384163
11,4,22,Valeria neutralizó una criminal en la frontera en cinco minutos.,23,0,0,1,1,1,0,0.4284336566925049,1.5473663806915283,1.4704184532165527,97.87234042553192,0,-1.625,1,0,-0.8476193797865152,0.4365543765766131,0.385547022334167,0,0.8354413509368896,-0.17979512977575174
12,2,24,Paula abatió a la resistencia en el ring en pocos minutos.,23,0,0,0,0,1,1,1.0790603160858154,0.8897833824157715,2.515087842941284,97.87234042553192,0,-1.125,2,0,0.07609058470050553,-0.11677723642431394,0.9223077305525963,0,0.44338464736938477,-0.8133176071865118
9,2,26,Carlos quemó a la página en la plaza en pocos minutos.,23,0,0,0,0,1,1,2.259739398956299,4.153053045272827,1.8070886135101318,97.87234042553192,0,-1.125,2,0,0.8152494964391348,1.4238437373271773,0.5917170494282669,0,0.43682003021240234,-0.8282339988894534
21,2,30,Hugo apaleó a la muñeca en la calle durante varios minutos.,23,0,0,0,0,1,1,1.4528803825378418,1.3277783393859863,1.2043430805206299,97.87234042553192,0,-1.125,2,0,0.37354805672431185,0.2835071240097361,0.185934256894448,0,0.2960529327392578,-1.2172170138238698
48,2,31,Samuel descubrió a la tabla en el museo en pocas horas.,23,0,0,0,0,0,1,0.6982288360595703,2.0066542625427246,1.81600022315979,97.87234042553192,0,-1.125,2,0,-0.35920838459176024,0.6964687891764008,0.596636403064441,0,0.38025760650634766,-0.9669063440813448
2,0,33,Simón pateó a la jugadora en la cancha en un instante.,23,0,0,1,0,1,1,0.7170073986053467,1.5953648090362549,1.571000576019287,97.87234042553192,0,1.3333333333333337,0,1,-0.33266911959984663,0.467102430483191,0.4517127259311426,0,0.47338271141052246,-0.7478511026144953
17,5,37,Luis zarandeó la muñeca en la casa durante algunos minutos.,23,0,0,0,0,1,0,0.2297039031982422,1.2886905670166016,1.1291165351867676,97.87234042553192,0,1.2222222222222223,2,1,-1.4709641768400674,0.25362663851867834,0.12143549966957137,0,0.47397613525390625,-0.7465983061201404
28,1,39,Anna comprendió a una maestra en la escuela en dos minutos.,23,0,0,1,1,0,1,1.6950490474700928,1.8384010791778564,1.1847550868988037,97.87234042553192,0,1.5,1,1,0.5277116769742861,0.6088962151323388,0.16953607550378225,0,0.28856992721557617,-1.2428178403740344
39,0,41,Valeria admiró a la cantante en el teatro durante el concierto.,23,0,0,1,0,0,1,0.8282186985015869,1.3245947360992432,2.1350221633911133,97.87234042553192,0,1.3333333333333337,0,1,-0.18847803084759668,0.2811065531058731,0.75847702760615,0,0.3357112407684326,-1.0915038909918562
31,3,42,Miguel recibió la invitada en la casa en un día.,23,0,0,1,0,0,0,0.42914915084838867,1.6942574977874756,1.6633577346801758,97.87234042553192,0,-1.625,0,0,-0.845950749502404,0.5272445904558856,0.5088382911361143,0,0.9053082466125488,-0.09947978928281596
34,4,45,Carmen odió una vendedora en el cine durante la película.,23,0,0,1,1,0,0,1.2525153160095215,1.1145343780517578,2.925480842590332,97.87234042553192,0,-1.625,1,0,0.2251537822530325,0.10843671953382972,1.0734588578023343,0,0.291043758392334,-1.2342816506332055
29,2,47,Alfonso miró a la estrella en la colina durante dos horas.,23,0,0,0,0,0,1,0.26985788345336914,2.472871780395508,1.8587291240692139,97.87234042553192,0,-1.125,2,0,-1.3098598161386563,0.9053801393971201,0.6198929875626286,0,0.9315338134765625,-0.07092278957080816
3,3,52,Pablo secuestró la turista en el aeropuerto durante una hora.,23,0,0,1,0,1,0,0.3183755874633789,1.949469804763794,1.1843476295471191,97.87234042553192,0,-1.625,0,0,-1.1445235004910377,0.6675574406125842,0.16919209940441468,0,1.260624647140503,0.23160734981792352
33,1,53,Marco imaginó a una amiga en la playa durante dos minutos.,23,0,0,1,1,0,1,0.35449838638305664,0.9724810123443604,1.4277949333190918,97.87234042553192,0,1.5,1,1,-1.037051484831156,-0.02790472826177742,0.35613124948705094,0,0.30143213272094727,-1.1992103869230883
14,2,55,Helena derribó a la barrera en el campo durante el partido.,23,0,0,0,0,1,1,0.2907073497772217,1.5118041038513184,2.0031983852386475,97.87234042553192,0,-1.125,2,0,-1.235438188705539,0.4133037084187018,0.6947450958323866,0,0.8883538246154785,-0.11838516420698683
13,2,58,Martina atropelló a la carreta en el aparcamiento en pocos minutos.,23,0,0,0,0,1,1,2.4600565433502197,2.1126091480255127,1.8939387798309326,97.87234042553192,0,-1.125,2,0,0.9001843347818334,0.7479237466188468,0.6386586710265554,0,0.29529690742492676,-1.219773962942274
8,0,61,Helena colgó a la criminal en el patio en cinco minutos.,23,0,0,1,0,1,1,2.4676198959350586,1.522489309310913,1.9885962009429932,97.87234042553192,0,1.3333333333333337,0,1,0.9032540811896449,0.42034669877819025,0.6874289631441259,0,0.2774364948272705,-1.2821632194545212
15,3,63,Lucía destrozó la oponente en el bar en diez minutos.,23,0,0,1,0,1,0,0.3118457794189453,1.9370944499969482,0.9120457172393799,97.87234042553192,0,-1.625,0,0,-1.165246510111707,0.661189144205079,-0.09206516161224791,0,1.3679778575897217,0.3133336330969388
30,3,64,Carlos esperó la profesora en la esquina durante una hora.,23,0,0,1,0,0,0,0.2832767963409424,1.7203176021575928,1.5818228721618652,97.87234042553192,0,-1.625,0,0,-1.261330780403189,0.5425089261964076,0.4585778985775166,0,1.1565544605255127,0.14544529239385984
49,0,65,Alba mencionó a la actriz en el teatro tras varios minutos.,23,0,0,1,0,0,1,0.3748934268951416,1.1005122661590576,1.9311294555664062,97.87234042553192,0,1.3333333333333337,0,1,-0.9811134883490519,0.09577576790959412,0.6581050418861522,0,0.4038844108581543,-0.9066265536960006
0,4,66,Juan golpeó una actriz en la calle en diez segundos.,23,0,0,1,1,1,0,0.23874926567077637,1.8415868282318115,1.1621532440185547,97.87234042553192,0,-1.625,1,0,-1.4323413753505243,0.6106276066096703,0.1502745292684184,0,0.9541540145874023,-0.04693017969672691
5,5,68,Manuel abrazó la planta en el parque en pocos instantes.,23,0,0,0,0,1,0,0.24135255813598633,1.7574830055236816,1.4164459705352783,97.87234042553192,0,1.2222222222222223,2,1,-1.4214965176528085,0.5638826749681256,0.34815089662788423,0,1.067692518234253,0.06549979481056682
36,0,70,Irene oyó a la niña en la sala durante una noche.,23,0,0,1,0,0,1,0.5806193351745605,1.506004810333252,1.243781328201294,97.87234042553192,0,1.3333333333333337,0,1,-0.54365992588865,0.4094603234849858,0.21815619767699337,0,0.2541542053222656,-1.3698140886108698
23,3,71,Daniel remolcó la enferma en la calle durante algunos minutos.,23,0,0,1,0,1,0,0.19660353660583496,1.9689600467681885,1.0866351127624512,97.87234042553192,0,-1.625,0,0,-1.6265660825914228,0.6775055083227248,0.08308586895374737,0,1.0325431823730469,0.03202486810008344
32,1,73,Martín buscó a una médica en el hospital durante dos horas.,23,0,0,1,1,0,1,1.3366475105285645,1.3192698955535889,1.1064867973327637,97.87234042553192,0,1.5,1,1,0.2901646212722862,0.2770784741477322,0.10118994851980911,0,0.2857234477996826,-1.2527309017106236
24,0,75,Coral guió a la turista en el palacio en una hora.,23,0,0,1,0,1,1,0.35257387161254883,2.2034358978271484,1.0796422958374023,97.87234042553192,0,1.3333333333333337,0,1,-1.0424951138271668,0.7900179138067029,0.07662977871683031,0,1.0662591457366943,0.06415639726569403
10,0,76,Mateo eliminó a la rehén en el banco en pocos segundos.,23,0,0,1,0,1,1,1.7418386936187744,1.3124301433563232,1.3658416271209717,97.87234042553192,0,1.3333333333333337,0,1,0.5549412757609415,0.2718804899577206,0.3117708152770416,0,0.2798469066619873,-1.2735125872631676
20,3,79,Claudia maltrató la compañera en la casa durante varios años.,23,0,0,1,0,1,0,1.2799046039581299,1.3586926460266113,1.7106103897094727,97.87234042553192,0,-1.625,0,0,0.24678554699645364,0.3065229477263991,0.5368502598684614,0,0.3006420135498047,-1.2018350457948233
37,1,80,Isabel vió a una estudiante desde su ventana durante una mañana.,23,0,0,1,1,0,1,0.9767088890075684,1.3173019886016846,1.7061219215393066,97.87234042553192,0,1.5,1,1,-0.023566635507799694,0.27558569685675954,0.5342229128343599,0,0.30881810188293457,-1.1750028424623828
40,1,81,Adrián percibió a una mujer detrás de él durante algunos minutos.,23,0,0,1,1,0,1,0.3796377182006836,0.9283187389373779,1.966968059539795,97.87234042553192,0,1.5,1,1,-0.9685378541670422,-0.07438013648528215,0.6764933011153434,0,0.27339768409729004,-1.2968278254769212
35,5,85,Carlos vigiló la operación en la habitación durante unas horas.,23,0,0,0,0,0,0,0.3233523368835449,1.2282600402832031,1.2819907665252686,97.87234042553192,0,1.2222222222222223,2,1,-1.1290127240133006,0.2055985664954147,0.24841415607415443,0,0.41194796562194824,-0.8868582346428588
38,5,89,Unai amó la vida en su pueblo durante varios años.,23,0,0,0,0,0,0,0.7944827079772949,1.0105385780334473,1.0787272453308105,97.87234042553192,0,1.2222222222222223,2,1,-0.23006405790264178,0.010483434305938328,0.07578186964105688,0,0.23164582252502441,-1.4625457008455467
46,1,92,Alejandro identificó a una agresora en el aeropuerto en dos horas.,23,0,0,1,1,0,1,1.8456010818481445,1.1784520149230957,1.0208959579467773,97.87234042553192,0,1.5,1,1,0.6128050140541664,0.1642017254866776,0.020680631881220834,0,0.3292269706726074,-1.1110078856110506
25,5,94,Pedro observó la planta en la oficina durante una hora.,23,0,0,0,0,0,0,0.23399615287780762,0.9714016914367676,2.0500779151916504,97.87234042553192,0,1.2222222222222223,2,1,-1.4524506044527152,-0.029015207835887926,0.7178777998386147,0,0.40247583389282227,-0.9101202239438259
41,3,96,Emma investigó la empresaria en la ciudad durante varias semanas.,23,0,0,1,0,0,0,0.20847463607788086,2.155333995819092,2.081792116165161,97.87234042553192,0,-1.625,0,0,-1.5679378946497489,0.767945698005526,0.7332291170640849,0,0.9855952262878418,-0.014509529672564024
43,1,97,Sofía conoció a una chica en el colegio en dos días.,23,0,0,1,1,0,1,0.28220582008361816,1.4136502742767334,1.5142395496368408,97.87234042553192,0,1.5,1,1,-1.2651186158086312,0.34617520610283425,0.4149133655091192,0,0.729710578918457,-0.31510729068860405
47,4,98,Marta descartó una aspirante en la selección en un día.,23,0,0,1,1,0,0,0.31183505058288574,1.9498825073242188,2.150214433670044,97.87234042553192,0,-1.625,1,0,-1.165280915004545,0.6677691181061446,0.7655675737569264,0,1.4142906665802002,0.34662810970146407
22,4,100,Carla asedió una contrincante en la región durante bastante tiempo.,23,0,0,1,1,1,0,0.2506141662597656,2.972689151763916,1.3216214179992676,97.87234042553192,0,-1.625,1,0,-1.3838407087493159,1.0894669814569593,0.2788593297665062,0,2.1481451988220215,0.7646047715789853
27,2,103,Felipe anunció a la actuación en el escenario en cinco minutos.,23,0,0,0,0,0,1,0.40398573875427246,3.2692418098449707,2.209486722946167,97.87234042553192,0,-1.125,2,0,-0.9063757017572376,1.1845580955921817,0.792760236494417,0,0.9385185241699219,-0.06345268508971452
36,0,0,Irene oyó a la niña en la sala durante una noche.,24,1,0,1,0,0,1,0.545663595199585,1.4510157108306885,NA,97.87234042553192,-0.45,0.15999999999999992,0,1,-0.605752619128946,0.3722638014317778,NA,2,0.4075922966003418,-0.8974878772225123
34,3,1,Carmen odió la vendedora en el cine durante la película.,24,1,0,1,0,0,0,1.9793035984039307,2.1862330436706543,3.1667251586914062,97.87234042553192,-0.45,-0.3400000000000001,0,0,0.6827450648613561,0.7821799914238129,1.1526979809335027,2,0.6109147071838379,-0.49279792499869307
17,3,2,Luis zarandeó la mujer en la casa durante algunos minutos.,24,1,0,1,0,1,0,0.9648547172546387,3.3031911849975586,3.147348165512085,97.87234042553192,0.45,-0.3400000000000001,0,0,-0.03577774104498321,1.1948890269610792,1.1465602460625737,2,0.7266190052032471,-0.3193530031880192
45,3,7,Gabriela localizó la amiga en la ciudad en dos minutos.,24,1,0,1,0,0,0,0.5971693992614746,1.371708869934082,2.392052173614502,97.87234042553192,-0.45,-0.3400000000000001,0,0,-0.5155544549824542,0.316057312861781,0.8721516475622617,2,0.5038657188415527,-0.6854454772797132
15,1,10,Lucía destrozó a una oponente en el bar en diez minutos.,24,1,0,1,1,1,1,0.7127771377563477,2.1622045040130615,2.4820377826690674,97.87234042553192,0.45,0.7849999999999999,1,1,-0.3385864771946457,0.7711283049439516,0.9090799093374089,2,1.4613416194915771,0.3793549312340496
5,5,11,Manuel abrazó la planta en el parque en pocos instantes.,24,1,0,0,0,1,0,0.36663269996643066,1.2401955127716064,1.484318494796753,97.87234042553192,0.45,-0.39555555555555566,2,1,-1.0033947496099953,0.21526903877809198,0.39495574085307505,2,0.3521909713745117,-1.0435817181875338
38,5,12,Unai amó la vida en su pueblo durante varios años.,24,1,0,0,0,0,0,0.3574657440185547,1.5647308826446533,1.4244604110717773,97.87234042553192,-0.45,-0.39555555555555566,2,1,-1.0287157423663127,0.44771384923383795,0.3537930831142325,2,0.41138529777526855,-0.8882250394576041
44,4,13,Martín detectó una intrusa en el hospital en dos minutos.,24,1,0,1,1,0,0,0.6686668395996094,1.5178759098052979,1.2369160652160645,97.87234042553192,-0.45,-0.21500000000000008,1,0,-0.4024693405048559,0.41731192978575204,0.212621237604612,2,0.5641260147094727,-0.5724776221049739
0,5,15,Juan golpeó la piedra en la calle en diez segundos.,24,1,0,0,0,1,0,0.4799795150756836,1.491393804550171,1.8079452514648438,97.87234042553192,0.45,-0.39555555555555566,2,1,-0.7340118529165455,0.3997111220021065,0.5921909802420531,2,0.5610971450805664,-0.5778612243141372
11,3,16,Valeria neutralizó la criminal en la frontera en cinco minutos.,24,1,0,1,0,1,0,0.39786696434020996,1.2860264778137207,1.1243674755096436,97.87234042553192,0.45,-0.3400000000000001,0,0,-0.92163759002691,0.25155721488319194,0.11722063354653235,2,0.5229928493499756,-0.6481874873816654
14,1,17,Helena derribó a una futbolista en el campo durante el partido.,24,1,0,1,1,1,1,0.48719167709350586,0.9104208946228027,1.9490623474121094,97.87234042553192,0.45,0.7849999999999999,1,1,-0.7190976458737767,-0.0938482648378498,0.6673484094504629,2,0.3099486827850342,-1.17134853460922
22,0,22,Carla asedió a la contrincante en la región durante bastante tiempo.,24,1,0,1,0,1,1,0.9295978546142578,1.141395092010498,2.4310362339019775,97.87234042553192,0.45,0.15999999999999992,0,1,-0.07300320074617037,0.1322512791379456,0.8883176001599625,2,0.4434185028076172,-0.8132412532893879
26,5,26,Juan escuchó la alarma en el balcón durante una noche.,24,1,0,0,0,0,0,0.49161362648010254,1.2947163581848145,1.2559831142425537,97.87234042553192,-0.45,-0.39555555555555566,2,1,-0.710062183041168,0.258291642732557,0.22791862388123466,2,0.5165164470672607,-0.6606481476239892
40,3,27,Adrián percibió la mujer detrás de él durante algunos minutos.,24,1,0,1,0,0,0,1.0254223346710205,1.9482252597808838,2.4155538082122803,97.87234042553192,-0.45,-0.3400000000000001,0,0,0.025104561553130778,0.6669188349727913,0.8819285809854013,2,0.5968847274780273,-0.5160312705345566
20,5,28,Claudia maltrató la camiseta en la casa durante varios años.,24,1,0,0,0,1,0,0.8106935024261475,2.8964083194732666,1.4091382026672363,97.87234042553192,0.45,-0.39555555555555566,2,1,-0.20986522179036401,1.063471458877964,0.3429783137467993,2,1.020101547241211,0.019902178459632457
4,2,29,Jorge arrolló a la valla en la calle en un segundo.,24,1,0,0,0,1,1,0.9756054878234863,1.8992455005645752,1.3456060886383057,97.87234042553192,0.45,0.03499999999999992,2,0,-0.02469698758086827,0.6414567023393251,0.2968445350764177,2,0.53360915184021,-0.6280916334029707
3,0,31,Pablo secuestró a la turista en el aeropuerto durante una hora.,24,1,0,1,0,1,1,0.5116305351257324,1.5492234230041504,1.4124341011047363,97.87234042553192,0.45,0.15999999999999992,0,1,-0.6701525255117813,0.4377537879633149,0.3453145288649809,2,0.49115967750549316,-0.710985995287701
19,0,33,Lucas arrastró a la víctima en la calle por un tiempo.,24,1,0,1,0,1,1,0.5399386882781982,1.1492061614990234,1.6831042766571045,97.87234042553192,0.45,0.15999999999999992,0,1,-0.6162996860955552,0.1390714096636395,0.5206398720873437,2,0.372464656829834,-0.9876131266577434
47,3,34,Marta descartó la aspirante en la selección en un día.,24,1,0,1,0,0,0,0.8750979900360107,2.2056446075439453,1.5813100337982178,97.87234042553192,-0.45,-0.3400000000000001,0,0,-0.13341941028219548,0.791019805198281,0.45825363881140013,2,0.8235375881195068,-0.19414608605941427
10,4,39,Mateo eliminó una rehén en el banco en pocos segundos.,24,1,0,1,1,1,0,0.6861221790313721,2.674298048019409,2.7864954471588135,97.87234042553192,0.45,-0.21500000000000008,1,0,-0.37669956357053097,0.9836869339565673,1.0247846941337142,2,1.1152617931365967,0.1090891694035016
24,4,40,Coral guió una turista en el palacio en una hora.,24,1,0,1,1,1,0,0.7089545726776123,2.7829606533050537,1.5447969436645508,97.87234042553192,0.45,-0.21500000000000008,1,0,-0.34396382688973925,1.0235153442135003,0.4348924736634515,2,1.3267173767089844,0.28270775354771976
31,2,41,Miguel recibió a la caja en la casa en un día.,24,1,0,0,0,0,1,0.6750433444976807,1.600083589553833,2.4201390743255615,97.87234042553192,-0.45,0.03499999999999992,2,0,-0.3929783761006044,0.4700558713522386,0.8838250072469017,2,0.5619354248046875,-0.5763683381730044
6,1,42,Francisco besó a una novia en la iglesia durante unos segundos.,24,1,0,1,1,1,1,0.4697284698486328,1.5875413417816162,1.4011919498443604,97.87234042553192,0.45,0.7849999999999999,1,1,-0.7556004749510004,0.46218649351278074,0.3373232671379656,2,0.4413166046142578,-0.8179927368242921
37,2,43,Isabel vió a la tormenta desde su ventana durante una mañana.,24,1,0,0,0,0,1,0.5937747955322266,2.2914228439331055,1.217421531677246,97.87234042553192,-0.45,0.03499999999999992,2,0,-0.5212551636088665,0.8291729538494911,0.19673512352982858,2,0.8924221992492676,-0.1138159408375213
39,4,45,Valeria admiró una cantante en el teatro durante el concierto.,24,1,0,1,1,0,0,0.415607213973999,1.8549699783325195,1.403848648071289,97.87234042553192,-0.45,-0.21500000000000008,1,0,-0.8780146619337015,0.6178685117411121,0.33921749927370093,2,0.6628701686859131,-0.4111761319754458
30,2,47,Carlos esperó a la furgoneta en la esquina durante una hora.,24,1,0,0,0,0,1,0.6632072925567627,4.644901752471924,1.2109463214874268,97.87234042553192,-0.45,0.03499999999999992,2,0,-0.4106676792070885,1.5357702207981765,0.19140213781432497,2,0.6155633926391602,-0.48521734493380725
27,1,53,Felipe anunció a una cantante en el escenario en cinco minutos.,24,1,0,1,1,0,1,0.6528317928314209,1.7846999168395996,2.1705574989318848,97.87234042553192,-0.45,0.7849999999999999,1,1,-0.4264357742641412,0.5792502872835407,0.7749840465063217,2,0.4420492649078369,-0.8163339440480349
16,0,54,Valentina venció a la adversaria en la guerra en dos años.,24,1,0,1,0,1,1,1.0403800010681152,1.1734950542449951,0.887345552444458,97.87234042553192,0.45,0.15999999999999992,0,1,0.03958603205862197,0.15998652176660888,-0.11952079819144087,2,0.42332887649536133,-0.8596059162167425
32,4,55,Martín buscó una médica en el hospital durante dos horas.,24,1,0,1,1,0,0,0.6675398349761963,1.2277705669403076,1.1495742797851562,97.87234042553192,-0.45,-0.21500000000000008,1,0,-0.40415621262142476,0.2051999775300034,0.1393916823462049,2,0.30553197860717773,-1.1857008295567604
29,2,56,Alfonso miró a la estrella en la colina durante dos horas.,24,1,0,0,0,0,1,0.1394338607788086,2.2764203548431396,1.9565937519073486,97.87234042553192,-0.45,0.03499999999999992,2,0,-1.9701649064303202,0.8226041893880798,0.671205079694249,2,0.820483922958374,-0.19786096284460136
13,1,57,Martina atropelló a una anciana en el aparcamiento en pocos minutos.,24,1,0,1,1,1,1,0.7268860340118408,1.5513947010040283,1.4660320281982422,97.87234042553192,0.45,0.7849999999999999,1,1,-0.3189855757565435,0.4391543334468003,0.38255945056431095,2,0.4503757953643799,-0.79767294391071
41,5,58,Emma investigó la epidemia en la ciudad durante varias semanas.,24,1,0,0,0,0,0,0.5847072601318359,1.9759368896484375,2.6324360370635986,97.87234042553192,-0.45,-0.39555555555555566,2,1,-0.5366439670282148,0.6810426603786077,0.9679096673190682,2,0.776975154876709,-0.2523469048313746
33,2,59,Marco imaginó a la fiesta en la playa durante dos minutos.,24,1,0,0,0,0,1,0.4183332920074463,2.6011722087860107,2.382488965988159,97.87234042553192,-0.45,0.03499999999999992,2,0,-0.8714768148713483,0.9559621929584037,0.8681457252608511,2,0.7523868083953857,-0.2845047144104689
46,1,61,Alejandro identificó a una agresora en el aeropuerto en dos horas.,24,1,0,1,1,0,1,0.7496950626373291,1.523960828781128,1.900118112564087,97.87234042553192,-0.45,0.7849999999999999,1,1,-0.2880887382793487,0.421312754034607,0.641916048747676,2,0.32752108573913574,-1.1162028420430947
35,3,62,Carlos vigiló la niña en la habitación durante unas horas.,24,1,0,1,0,0,0,0.5794658660888672,1.622917652130127,1.1041572093963623,97.87234042553192,-0.45,-0.3400000000000001,0,0,-0.5456485202859477,0.4842255491861638,0.09908233753255781,2,0.494736909866333,-0.7037291529266271
49,4,67,Alba mencionó una actriz en el teatro tras varios minutos.,24,1,0,1,1,0,0,0.49454545974731445,1.2722902297973633,1.369124412536621,97.87234042553192,-0.45,-0.21500000000000008,1,0,-0.7041162014120527,0.24081860697124108,0.3141714205822484,2,0.48009443283081055,-0.7337724593658167
12,0,68,Paula abatió a la contrincante en el ring en pocos minutos.,24,1,0,1,0,1,1,0.4095180034637451,1.2496471405029297,1.6583290100097656,97.87234042553192,0.45,0.15999999999999992,0,1,-0.8927744121529932,0.22286122386590987,0.505810474909761,2,0.41529011726379395,-0.8787779252483807
18,4,69,María transportó una mochilera en la furgoneta durante un día.,24,1,0,1,1,1,0,0.5863652229309082,1.342184066772461,2.0733485221862793,97.87234042553192,0.45,-0.21500000000000008,1,0,-0.5338124362207082,0.29429818769289495,0.7291649438694627,2,0.46253466606140137,-0.7710337711922681
25,3,71,Pedro observó la secretaria en la oficina durante una hora.,24,1,0,1,0,0,0,0.525627613067627,1.3475761413574219,1.3894991874694824,97.87234042553192,-0.45,-0.3400000000000001,0,0,-0.6431622769138892,0.2983075278502134,0.32894338543557416,2,0.41303372383117676,-0.8842260335891937
7,0,73,Tomás empujó a la vieja a la puerta en pocos segundos.,24,1,0,1,0,1,1,0.5865049362182617,1.2683062553405762,1.558518409729004,97.87234042553192,0.45,0.15999999999999992,0,1,-0.5335741945246014,0.2376823531460843,0.44373563262196475,2,0.4051487445831299,-0.9035010087272975
42,5,75,Ismael encontró la dificultad en la carretera en pocas horas.,24,1,0,0,0,0,0,0.8257162570953369,1.3988628387451172,1.8399643898010254,97.87234042553192,-0.45,-0.39555555555555566,2,1,-0.1915040788881751,0.33565964852170826,0.6097462180646075,2,0.407454252243042,-0.8978266170375957
9,0,78,Carlos quemó a la bruja en la plaza en pocos minutos.,24,1,0,1,0,1,1,0.5073716640472412,1.355933427810669,1.549701452255249,97.87234042553192,0.45,0.15999999999999992,0,1,-0.6785114787700586,0.3044900937781228,0.43806230093096155,2,0.40425896644592285,-0.9056996003233514
1,5,80,Carlos asaltó la camioneta en el barrio en pocos instantes.,24,1,0,0,0,1,0,0.44289207458496094,1.3168268203735352,2.844904899597168,97.87234042553192,0.45,-0.39555555555555566,2,1,-0.814429162579853,0.27522491857463116,1.0455296398129734,2,0.39045214653015137,-0.9404498613084612
23,1,82,Daniel remolcó a una enferma en la calle durante algunos minutos.,24,1,0,1,1,1,1,0.5705065727233887,1.3685083389282227,1.4892206192016602,97.87234042553192,0.45,0.7849999999999999,1,1,-0.5612305887588379,0.3137213429606473,0.39825290874494784,2,0.43805766105651855,-0.8254047310225385
21,1,83,Hugo apaleó a una rebelde en la calle durante varios minutos.,24,1,0,1,1,1,1,0.5979456901550293,1.44073486328125,1.8738508224487305,97.87234042553192,0.45,0.7849999999999999,1,1,-0.51425534829456,0.3651533051411528,0.6279955768316329,2,0.42607545852661133,-0.8531388157073336
48,4,84,Samuel descubrió una infiltrada en el museo en pocas horas.,24,1,0,1,1,0,0,0.4656357765197754,1.2386391162872314,1.1741414070129395,97.87234042553192,-0.45,-0.21500000000000008,1,0,-0.7643515459125916,0.21401329007210426,0.16053716305621424,2,0.41849350929260254,-0.8710938986290268
43,5,85,Sofía conoció la verdad en el colegio en dos días.,24,1,0,0,0,0,0,0.4569258689880371,1.4088659286499023,2.05900239944458,97.87234042553192,-0.45,-0.39555555555555566,2,1,-0.7832341135257735,0.3427850748404717,0.722221593389597,2,0.4548635482788086,-0.7877577989010809
2,2,89,Simón pateó a la pelota en la cancha en un instante.,24,1,0,0,0,1,1,0.4705338478088379,1.34757661819458,1.1980891227722168,97.87234042553192,0.45,0.03499999999999992,2,0,-0.7538873824617204,0.29830788169817735,0.18072788989136074,2,0.46367812156677246,-0.7685646709993891
8,2,92,Helena colgó a la fotografía en el patio en cinco minutos.,24,1,0,0,0,1,1,0.5704028606414795,1.3845202922821045,1.805927038192749,97.87234042553192,0.45,0.03499999999999992,2,0,-0.5614123947447678,0.32535372027994225,0.591074054506916,2,0.4630599021911621,-0.7698988548819246
28,0,98,Anna comprendió a la maestra en la escuela en dos minutos.,24,1,0,1,0,0,1,0.6192076206207275,1.2340800762176514,1.9591102600097656,97.87234042553192,-0.45,0.15999999999999992,0,1,-0.47931464957833536,0.2103258149642555,0.6724904212017884,2,0.3746929168701172,-0.9816484768302977
22,5,1,Carla asedió la ciudad en la región durante bastante tiempo.,25,0,0,0,0,1,0,1.0032930374145508,1.9122540950775146,3.184584379196167,91.48936170212764,NA,NA,2,1,0.003287627240859909,0.6482827007144807,1.1583217873211331,0,0.504997730255127,-0.6832013442611807
4,3,4,Jorge arrolló la ciclista en la calle en un segundo.,25,0,0,1,0,1,0,1.6092936992645264,2.5398805141448975,1.9483551979064941,91.48936170212764,NA,NA,0,0,0.47579538663209153,0.9321170382487137,0.6669855283861927,0,0.3722097873687744,-0.9882976391262371
14,1,9,Helena derribó a una futbolista en el campo durante el partido.,25,0,0,1,1,1,1,0.5911169052124023,1.659351110458374,2.1388537883758545,91.48936170212764,NA,NA,1,1,-0.5257414719796496,0.5064266286339486,0.7602700726334474,0,0.6739523410797119,-0.3945958811341655
49,2,14,Alba mencionó a la ciudad en el teatro tras varios minutos.,25,0,0,0,0,0,1,0.45352911949157715,1.5819263458251953,1.8804569244384766,91.48936170212764,NA,NA,2,0,-0.7906958009225848,0.458643310629002,0.6315147922253107,0,0.5385243892669678,-0.6189224922934452
46,5,15,Alejandro identificó la amenaza en el aeropuerto en dos horas.,25,0,0,0,0,0,0,0.5127608776092529,1.1659214496612549,1.4053714275360107,91.48936170212764,NA,NA,2,1,-0.6679456679996629,0.15351171830160396,0.3403016290840297,0,0.41412997245788574,-0.8815754112916673
0,3,16,Juan golpeó la actriz en la calle en diez segundos.,25,0,0,1,0,1,0,0.5521068572998047,1.6072776317596436,1.4892592430114746,91.48936170212764,NA,NA,0,0,-0.5940136693747683,0.4745418358406386,0.3982788439948763,0,0.5332181453704834,-0.6288246601792017
23,5,18,Daniel remolcó la motocicleta en la calle durante algunos minutos.,25,0,0,0,0,1,0,0.9173574447631836,1.8362953662872314,1.9681718349456787,91.48936170212764,NA,NA,2,1,-0.08625808468024622,0.6077501541434353,0.6771051093232903,0,0.6400673389434814,-0.4461818910641605
25,5,20,Pedro observó la planta en la oficina durante una hora.,25,0,0,0,0,0,0,0.42554283142089844,1.0622541904449463,1.3470749855041504,91.48936170212764,NA,NA,2,1,-0.8543896746460103,0.060393244881393846,0.2979355644045162,0,0.36933255195617676,-0.9960578159873763
17,0,21,Luis zarandeó a la mujer en la casa durante algunos minutos.,25,0,0,1,0,1,1,0.5219321250915527,1.3555865287780762,1.591717004776001,91.48936170212764,NA,NA,0,1,-0.6502177281141882,0.3042342232405356,0.4648133108017694,0,0.4659574031829834,-0.7636610585131686
44,3,22,Martín detectó la intrusa en el hospital en dos minutos.,25,0,0,1,0,0,0,0.3962583541870117,1.479248285293579,2.751232147216797,91.48936170212764,NA,NA,0,0,-0.9256888708910964,0.3915340434011564,1.0120488648658488,0,0.4369328022003174,-0.8279758664191303
3,5,24,Pablo secuestró la camioneta en el aeropuerto durante una hora.,25,0,0,0,0,1,0,0.5003156661987305,2.2806808948516846,2.8456532955169678,91.48936170212764,NA,NA,2,1,-0.6925160473689431,0.8244740364757143,1.0457926705732097,0,0.43871402740478516,-0.8239074963843311
37,0,25,Isabel vió a la estudiante desde su ventana durante una mañana.,25,0,0,1,0,0,1,0.5709187984466553,2.096205949783325,3.3203845024108887,91.48936170212764,NA,NA,0,1,-0.5605082888142237,0.7401290201161579,1.2000805902016594,0,1.0800583362579346,0.07701505473101096
6,4,26,Francisco besó una novia en la iglesia durante unos segundos.,25,0,0,1,1,1,0,0.3355107307434082,1.533132553100586,3.1619672775268555,91.48936170212764,NA,NA,1,0,-1.0921013387498222,0.4273130626230214,1.1511943900704988,0,0.39510059356689453,-0.928614879245256
43,3,31,Sofía conoció la chica en el colegio en dos días.,25,0,0,1,0,0,0,0.6103250980377197,1.7721607685089111,3.6014578342437744,91.48936170212764,NA,NA,0,0,-0.4937635161780965,0.5721995752169287,1.281338717446944,0,0.8023943901062012,-0.2201550337519205
13,1,33,Martina atropelló a una anciana en el aparcamiento en pocos minutos.,25,0,0,1,1,1,1,0.5993707180023193,1.7906184196472168,2.203153133392334,91.48936170212764,NA,NA,1,1,-0.5118749774745304,0.5825610460226083,0.7898895767036967,0,0.5195121765136719,-0.6548650298076827
7,1,34,Tomás empujó a una vieja a la puerta en pocos segundos.,25,0,0,1,1,1,1,0.5186319351196289,2.7715845108032227,1.992347240447998,91.48936170212764,NA,NA,1,1,-0.656560828291003,1.019419182215721,0.6893134614648525,0,0.7384402751922607,-0.3032150534127819
10,1,36,Mateo eliminó a una rehén en el banco en pocos segundos.,25,0,0,1,1,1,1,0.7167501449584961,4.393536567687988,1.959968090057373,91.48936170212764,NA,NA,1,1,-0.3330279719745261,1.4801344990528413,0.6729281925269228,0,2.9610729217529297,1.0855516762234756
8,1,37,Helena colgó a una criminal en el patio en cinco minutos.,25,0,0,1,1,1,1,1.857863426208496,1.5166139602661133,1.863759994506836,91.48936170212764,NA,NA,1,1,0.6194271318818333,0.4164801922180106,0.6225959496615531,0,0.40381860733032227,-0.9067894936045953
9,5,43,Carlos quemó la página en la plaza en pocos minutos.,25,0,0,0,0,1,0,0.38397717475891113,1.5686147212982178,2.1391191482543945,91.48936170212764,NA,NA,2,1,-0.9571721688930828,0.45019288674424146,0.7603941313326543,0,0.6363093852996826,-0.4520703790491149
35,4,45,Carlos vigiló una niña en la habitación durante unas horas.,25,0,0,1,1,0,0,0.5986642837524414,5.14507269859314,1.4970428943634033,91.48936170212764,NA,NA,1,0,-0.5130542991649967,1.638039499136262,0.40349175857635383,0,0.41843247413635254,-0.8712397541946723
16,0,47,Valentina venció a la adversaria en la guerra en dos años.,25,0,0,1,0,1,1,1.1233954429626465,4.645943641662598,1.1633851528167725,91.48936170212764,NA,NA,0,1,0.11635574463889756,1.5359945037672376,0.15133399052274532,0,0.45406341552734375,-0.7895184089170901
18,3,48,María transportó la mochilera en la furgoneta durante un día.,25,0,0,1,0,1,0,0.7657387256622314,2.6277730464935303,2.406168222427368,91.48936170212764,NA,NA,0,0,-0.26691425663949975,0.9661367371113817,0.8780355329917076,0,0.4177532196044922,-0.8728644045237842
41,0,51,Emma investigó a la empresaria en la ciudad durante varias semanas.,25,0,0,1,0,0,1,0.542733907699585,3.080684185028076,1.6893913745880127,91.48936170212764,NA,NA,0,1,-0.6111361202264711,1.1251517103126203,0.5243683306915088,0,1.948669195175171,0.6671466755783498
42,0,52,Ismael encontró a la conocida en la carretera en pocas horas.,25,0,0,1,0,0,1,0.6658101081848145,1.3407871723175049,3.786081314086914,91.48936170212764,NA,NA,0,1,-0.40675077194261844,0.2932568835142839,1.3313315301283124,0,0.34244227409362793,-1.071652178277117
30,5,54,Carlos esperó la furgoneta en la esquina durante una hora.,25,0,0,0,0,0,0,0.49510955810546875,2.2210428714752197,1.7433435916900635,91.48936170212764,NA,NA,2,1,-0.7029762113972109,0.7979768475063722,0.5558048737260537,0,0.9101331233978271,-0.0941644007223375
28,4,55,Anna comprendió una maestra en la escuela en dos minutos.,25,0,0,1,1,0,0,0.580059289932251,2.498422145843506,2.0992515087127686,91.48936170212764,NA,NA,1,0,-0.5446249566450688,0.9156593909578157,0.7415808567726044,0,1.201486587524414,0.1835596130229767
5,5,57,Manuel abrazó la planta en el parque en pocos instantes.,25,0,0,0,0,1,0,2.0485453605651855,2.551161289215088,4.765568256378174,91.48936170212764,NA,NA,2,1,0.7171299610670179,0.9365486630391242,1.5614167863185022,0,0.427142858505249,-0.850636758463172
45,3,59,Gabriela localizó la amiga en la ciudad en dos minutos.,25,0,0,1,0,0,0,2.164999008178711,1.3877737522125244,1.6724379062652588,91.48936170212764,NA,NA,0,0,0.7724199033382794,0.32770084606949534,0.5142823860322494,0,0.535322904586792,-0.6248851541798842
26,0,61,Juan escuchó a la vecina en el balcón durante una noche.,25,0,0,1,0,0,1,1.2092347145080566,1.8861303329467773,4.463737964630127,91.48936170212764,NA,NA,0,1,0.18998769216809044,0.6345272873096878,1.495986523676485,0,0.3284435272216797,-1.1133903668809844
12,2,62,Paula abatió a la resistencia en el ring en pocos minutos.,25,0,0,0,0,1,1,1.3271524906158447,2.423398494720459,2.263688325881958,91.48936170212764,NA,NA,2,0,0.2830356625504304,0.8851708916714341,0.8169954856177217,0,0.9249210357666016,-0.07804691185246841
2,4,63,Simón pateó una jugadora en la cancha en un instante.,25,0,0,1,1,1,0,0.725200891494751,1.7282383441925049,4.887162208557129,91.48936170212764,NA,NA,1,0,-0.32130657079338393,0.5471025915372629,1.5866118095843524,0,0.3807792663574219,-0.9655354251380546
32,2,65,Martín buscó a la escalera en el hospital durante dos horas.,25,0,0,0,0,0,1,3.354635715484619,2.016864538192749,1.3947889804840088,91.48936170212764,NA,NA,2,0,1.2103431849411581,0.7015440966734803,0.3327431353608554,0,0.6053454875946045,-0.5019559300651331
31,3,67,Miguel recibió la invitada en la casa en un día.,25,0,0,1,0,0,0,2.656381130218506,1.3134195804595947,1.5479600429534912,91.48936170212764,NA,NA,0,0,0.9769647191425923,0.272634102886233,0.4369379627888505,0,0.29593491554260254,-1.2176157287588514
34,2,69,Carmen odió a la música en el cine durante la película.,25,0,0,0,0,0,1,0.710223913192749,1.3381884098052979,1.4307301044464111,91.48936170212764,NA,NA,2,0,-0.3421749879716476,0.2913167662958173,0.3581848765290416,0,0.43816423416137695,-0.8251614750483028
38,2,71,Unai amó a la vida en su pueblo durante varios años.,25,0,0,0,0,0,1,0.768613338470459,3.0071966648101807,1.5995447635650635,91.48936170212764,NA,NA,2,0,-0.26316724675990144,1.10100830419904,0.46971906598961705,0,1.1968507766723633,0.17969375437046375
15,1,72,Lucía destrozó a una oponente en el bar en diez minutos.,25,0,0,1,1,1,1,0.5393791198730469,1.122023582458496,1.3347141742706299,91.48936170212764,NA,NA,1,1,-0.6173365789385347,0.11513382511357832,0.2887171672592382,0,0.4419095516204834,-0.8166500521877006
20,2,73,Claudia maltrató a la camiseta en la casa durante varios años.,25,0,0,0,0,1,1,0.5598959922790527,1.446040391921997,1.9150381088256836,91.48936170212764,NA,NA,2,0,-0.5800042405756567,0.368829056902453,0.6497375226046733,0,0.3918740749359131,-0.9368147282078483
1,4,81,Carlos asaltó una conductora en el barrio en pocos instantes.,25,0,0,1,1,1,0,0.7754294872283936,1.4329721927642822,1.694237232208252,91.48936170212764,NA,NA,1,0,-0.25433822605929907,0.359750743747975,0.5272326290506961,0,0.3942725658416748,-0.9307128173852937
40,4,82,Adrián percibió una mujer detrás de él durante algunos minutos.,25,0,0,1,1,0,0,0.5582535266876221,2.3827569484710693,1.467280387878418,91.48936170212764,NA,NA,1,0,-0.5829420708834867,0.8682581989874975,0.38341061101261564,0,0.7539889812469482,-0.28237752481180045
33,2,85,Marco imaginó a la fiesta en la playa durante dos minutos.,25,0,0,0,0,0,1,0.4036433696746826,1.895740270614624,1.7225308418273926,91.48936170212764,NA,NA,2,0,-0.9072235392027318,0.6396094063766514,0.5437946290152732,0,0.4893636703491211,-0.714649363771228
21,4,87,Hugo apaleó una rebelde en la calle durante varios minutos.,25,0,0,1,1,1,0,0.8614926338195801,3.374276876449585,3.0427708625793457,91.48936170212764,NA,NA,1,0,-0.14908877346326713,1.2161810425380384,1.1127685682371826,0,1.4459052085876465,0.36873556736072355
19,1,89,Lucas arrastró a una víctima en la calle por un tiempo.,25,0,0,1,1,1,1,0.5175876617431641,2.4293012619018555,2.390650749206543,91.48936170212764,NA,NA,1,1,-0.6585763735154897,0.887603669460577,0.8715656088846843,0,1.1508517265319824,0.14050230000973857
29,0,90,Alfonso miró a la granjera en la colina durante dos horas.,25,0,0,1,0,0,1,0.44367194175720215,2.434917449951172,2.7121388912200928,91.48936170212764,NA,NA,0,1,-0.8126698595650316,0.8899128545024614,0.9977375823435091,0,1.3416342735290527,0.293888477957446
47,5,91,Marta descartó la sospecha en la selección en un día.,25,0,0,0,0,0,0,0.8586106300354004,2.4407145977020264,2.2694525718688965,91.48936170212764,NA,NA,2,1,-0.1524397426074729,0.8922908643383419,0.8195386446430952,0,0.4725620746612549,-0.7495861657328171
48,0,94,Samuel descubrió a la infiltrada en el museo en pocas horas.,25,0,0,1,0,0,1,0.7279019355773926,1.560056447982788,2.2018558979034424,91.48936170212764,NA,NA,0,1,-0.3175889437360412,0.44472200521115,0.7893005946983587,0,0.3713648319244385,-0.9905703251112137
11,3,96,Valeria neutralizó la criminal en la frontera en cinco minutos.,25,0,0,1,0,1,0,0.6585984230041504,4.698775053024292,1.362257480621338,91.48936170212764,NA,NA,0,0,-0.41764130350956286,1.5473018477307818,0.309143235837869,0,0.4116785526275635,-0.8875124462254734
27,4,99,Felipe anunció una cantante en el escenario en cinco minutos.,25,0,0,1,1,0,0,2.3164353370666504,1.7937912940979004,1.456113576889038,91.48936170212764,NA,NA,1,0,0.840029511419194,0.5843314213606875,0.3757709528372848,0,0.4829277992248535,-0.7278881205099265
39,2,102,Valeria admiró a la escenografía en el teatro durante el concierto.,25,0,0,0,0,0,1,1.5127108097076416,3.970383405685425,2.426100015640259,91.48936170212764,NA,NA,2,0,0.4139032795297059,1.3788626657753642,0.8862850362344161,0,0.4909098148345947,-0.7114948445661659
24,1,103,Coral guió a una turista en el palacio en una hora.,25,0,0,1,1,1,1,2.225008010864258,2.0477335453033447,1.7440531253814697,91.48936170212764,NA,NA,1,1,0.7997605160001526,0.7167335938805423,0.5562117868241381,0,0.33691906929016113,-1.0879125279448172
36,0,104,Irene oyó a la niña en la sala durante una noche.,25,0,0,1,0,0,1,0.3769056797027588,1.327852487564087,2.8745834827423096,91.48936170212764,NA,NA,0,1,-0.9757603093008117,0.2835629662430521,1.0559077881859427,0,0.42696261405944824,-0.8510588244825719
17,2,3,Luis zarandeó a la muñeca en la casa durante algunos minutos.,26,1,0,0,0,1,1,0.33978271484375,0.9984550476074219,1.4677543640136719,97.87234042553192,0.6000000000000001,-0.48,2,0,-1.0794489396557265,-0.001546147062156089,0.38373358922544165,2,0.35979318618774414,-1.02222589542228
29,3,4,Alfonso miró la granjera en la colina durante dos horas.,26,1,0,1,0,0,0,0.4146721363067627,1.6747221946716309,1.4467203617095947,97.87234042553192,-0.6000000000000001,-0.355,0,0,-0.8802671039877229,0.5156472975943617,0.3692991751445285,2,0.8313817977905273,-0.18466614584742255
45,2,6,Gabriela localizó a la bodega en la ciudad en dos minutos.,26,1,0,0,0,0,1,0.40171027183532715,1.1523003578186035,1.2170109748840332,97.87234042553192,-0.6000000000000001,-0.48,2,0,-0.9120241670318886,0.14176025556334418,0.1963978319466784,2,0.3852260112762451,-0.9539250746603029
11,4,7,Valeria neutralizó una criminal en la frontera en cinco minutos.,26,1,0,1,1,1,0,0.4701356887817383,1.2736408710479736,1.2693138122558594,97.87234042553192,0.6000000000000001,0.27,1,0,-0.7547339264081113,0.24187962655411221,0.23847644914264038,2,0.45325231552124023,-0.7913063206536839
28,0,8,Anna comprendió a la maestra en la escuela en dos minutos.,26,1,0,1,0,0,1,0.44432616233825684,1.007814645767212,0.9959888458251953,97.87234042553192,-0.6000000000000001,0.02000000000000001,0,1,-0.811196386375385,0.007784269573145906,-0.004019220430935196,2,0.3507246971130371,-1.0477537019801058
43,1,13,Sofía conoció a una chica en el colegio en dos días.,26,1,0,1,1,0,1,0.29177117347717285,1.1911640167236328,1.232982873916626,97.87234042553192,-0.6000000000000001,0.77,1,1,-1.2317854364054028,0.1749309943454677,0.2094363343182058,2,0.32848310470581055,-1.1132698740214924
48,0,14,Samuel descubrió a la infiltrada en el museo en pocas horas.,26,1,0,1,0,0,1,0.26581740379333496,1.2346465587615967,1.2912471294403076,97.87234042553192,-0.6000000000000001,0.02000000000000001,0,1,-1.3249456578211805,0.21078474188298463,0.2556085183633216,2,0.619391679763794,-0.479017444268492
22,4,20,Carla asedió una contrincante en la región durante bastante tiempo.,26,1,0,1,1,1,0,0.507504940032959,2.1881394386291504,1.4451038837432861,97.87234042553192,0.6000000000000001,0.27,1,0,-0.6782488340584787,0.7830516113358821,0.3681812108441651,2,1.321241855621338,0.278572094036737
15,0,21,Lucía destrozó a la oponente en el bar en diez minutos.,26,1,0,1,0,1,1,0.369110107421875,0.983353853225708,1.0011110305786133,97.87234042553192,0.6000000000000001,0.02000000000000001,0,1,-0.996660285355052,-0.016786250846947702,0.0011104138409073388,2,0.3611478805541992,-1.0184677631050234
23,5,24,Daniel remolcó la motocicleta en la calle durante algunos minutos.,26,1,0,0,0,1,0,0.3499610424041748,1.0193443298339844,1.139352798461914,97.87234042553192,0.6000000000000001,-0.2022222222222223,2,1,-1.0499334381104513,0.01915960671449995,0.13046038054457415,2,0.36623668670654297,-1.0044754696008502
9,5,25,Carlos quemó la página en la plaza en pocos minutos.,26,1,0,0,0,1,0,0.3332631587982178,1.0711746215820312,1.7201905250549316,97.87234042553192,0.6000000000000001,-0.2022222222222223,2,1,-1.0988228344366613,0.06875582353653512,0.5424350550715503,2,0.41634130477905273,-0.8762499109208102
39,1,26,Valeria admiró a una cantante en el teatro durante el concierto.,26,1,0,1,1,0,1,0.2597017288208008,1.1735103130340576,1.2741339206695557,97.87234042553192,-0.6000000000000001,0.77,1,1,-1.3482215033436753,0.15999952453965358,0.24226666989039128,2,0.3706395626068115,-0.9925252179769347
16,1,27,Valentina venció a una adversaria en la guerra en dos años.,26,1,0,1,1,1,1,0.302656888961792,1.1067466735839844,1.2799992561340332,97.87234042553192,0.6000000000000001,0.77,1,1,-1.1951554947630947,0.10142478705431528,0.24685949678607036,2,0.37308669090270996,-0.985944471053804
30,4,28,Carlos esperó una profesora en la esquina durante una hora.,26,1,0,1,1,0,0,0.34864115715026855,1.3235833644866943,1.4981470108032227,97.87234042553192,-0.6000000000000001,0.27,1,0,-1.053712088750868,0.2803427286021535,0.4042290183326897,2,0.32974839210510254,-1.1094253634993987
36,5,30,Irene oyó la discusión en la sala durante una noche.,26,1,0,0,0,0,0,0.5298023223876953,1.4395372867584229,1.3884475231170654,97.87234042553192,-0.6000000000000001,-0.2022222222222223,2,1,-0.6352513186360416,0.36432173331081574,0.3281862331124928,2,0.6771683692932129,-0.38983533788664587
24,1,37,Coral guió a una turista en el palacio en una hora.,26,1,0,1,1,1,1,0.32024335861206055,1.1491551399230957,1.2390153408050537,97.87234042553192,0.6000000000000001,0.77,1,1,-1.1386740765559737,0.1390270114431295,0.2143169841724958,2,0.49927306175231934,-0.6946021149592373
42,2,39,Ismael encontró a la dificultad en la carretera en pocas horas.,26,1,0,0,0,0,1,0.31761980056762695,1.8740079402923584,1.1465353965759277,97.87234042553192,-0.6000000000000001,-0.48,2,0,-1.146900207195977,0.6280794208896224,0.13674469643359724,2,0.3974030017852783,-0.9228043953316041
35,3,41,Carlos vigiló la niña en la habitación durante unas horas.,26,1,0,1,0,0,0,0.3293328285217285,1.3742704391479492,1.6138973236083984,97.87234042553192,-0.6000000000000001,-0.355,0,0,-1.1106864027323133,0.3179230005954204,0.47865195172032454,2,0.4633140563964844,-0.7693501472906912
4,2,42,Jorge arrolló a la valla en la calle en un segundo.,26,1,0,0,0,1,1,0.3200347423553467,1.334892988204956,1.0740771293640137,97.87234042553192,0.6000000000000001,-0.48,2,0,-1.1393257192211872,0.28885112999136375,0.07146180855838773,2,0.6477594375610352,-0.43423588988760686
12,1,46,Paula abatió a una contrincante en el ring en pocos minutos.,26,1,0,1,1,1,1,0.6233718395233154,1.575498342514038,1.2516324520111084,97.87234042553192,0.6000000000000001,0.77,1,1,-0.4726120850732538,0.45457163017657987,0.2244486608969628,2,0.639916181564331,-0.4464180775109877
41,0,48,Emma investigó a la empresaria en la ciudad durante varias semanas.,26,1,0,1,0,0,1,0.30927538871765137,1.1739451885223389,1.439744234085083,97.87234042553192,-0.6000000000000001,0.02000000000000001,0,1,-1.1735231733666762,0.16037003251560264,0.36446548259376593,2,0.39641451835632324,-0.9252948516765096
25,3,49,Pedro observó la secretaria en la oficina durante una hora.,26,1,0,1,0,0,0,0.39287686347961426,1.42323899269104,1.3042805194854736,97.87234042553192,-0.6000000000000001,-0.355,0,0,-0.9342590406885992,0.3529352548940041,0.2656515626737872,2,0.4105086326599121,-0.890358320688576
13,5,51,Martina atropelló la carreta en el aparcamiento en pocos minutos.,26,1,0,0,0,1,0,0.32015013694763184,1.5961031913757324,1.2253360748291016,97.87234042553192,0.6000000000000001,-0.2022222222222223,2,1,-1.1389652152565808,0.46756515318795067,0.20321515316975536,2,0.41449594497680664,-0.8806920873815244
32,2,52,Martín buscó a la escalera en el hospital durante dos horas.,26,1,0,0,0,0,1,0.28644680976867676,1.2012403011322021,1.3574390411376953,97.87234042553192,-0.6000000000000001,-0.48,2,0,-1.2502024153210862,0.18335460729033415,0.3055998665784162,2,0.33681201934814453,-1.088230310350061
37,0,53,Isabel vió a la estudiante desde su ventana durante una mañana.,26,1,0,1,0,0,1,0.384185791015625,2.6298458576202393,1.157386302947998,97.87234042553192,-0.6000000000000001,0.02000000000000001,0,1,-0.9566290126329203,0.9669252352022119,0.14616427575890573,2,1.3919496536254883,0.3307053928856425
46,3,54,Alejandro identificó la agresora en el aeropuerto en dos horas.,26,1,0,1,0,0,0,0.3368520736694336,1.8058207035064697,1.050205945968628,97.87234042553192,-0.6000000000000001,-0.355,0,0,-1.0881113955325683,0.5910151718307631,0.04898628395443057,2,1.0644991397857666,0.06250439725878934
10,5,55,Mateo eliminó la carpeta en el banco en pocos segundos.,26,1,0,0,0,1,0,0.31808948516845703,1.1770782470703125,1.207066297531128,97.87234042553192,0.6000000000000001,-0.2022222222222223,2,1,-1.1454225358866779,0.1630353061621596,0.18819286813893607,2,0.335552453994751,-1.0919769890541589
34,2,56,Carmen odió a la música en el cine durante la película.,26,1,0,0,0,0,1,0.3251919746398926,0.8936619758605957,1.8177704811096191,97.87234042553192,-0.6000000000000001,-0.48,2,0,-1.1233395798421066,-0.11242767837182034,0.5976107397708248,2,0.2949099540710449,-1.2210852096747975
27,2,57,Felipe anunció a la actuación en el escenario en cinco minutos.,26,1,0,0,0,0,1,0.2772212028503418,1.4152615070343018,1.7642483711242676,97.87234042553192,-0.6000000000000001,-0.48,2,0,-1.2829395252324534,0.3473143246447694,0.5677247476302837,2,0.29283714294433594,-1.228138650622222
31,0,65,Miguel recibió a la invitada en la casa en un día.,26,1,0,1,0,0,1,0.3114349842071533,0.8702616691589355,1.360790729522705,97.87234042553192,-0.6000000000000001,0.02000000000000001,0,1,-1.1665646809754582,-0.13896134340727878,0.30806594955625166,2,0.30320072174072266,-1.1933602448053993
20,4,66,Claudia maltrató una compañera en la casa durante varios años.,26,1,0,1,1,1,0,0.5825948715209961,0.9468305110931396,1.135995864868164,97.87234042553192,0.6000000000000001,0.27,1,0,-0.5402632372401471,-0.05463517637237498,0.127509680211493,2,0.3624567985534668,-1.014849988193709
33,4,67,Marco imaginó una amiga en la playa durante dos minutos.,26,1,0,1,1,0,0,0.4255714416503906,1.2505784034729004,0.716522216796875,97.87234042553192,-0.6000000000000001,0.27,1,0,-0.8543224445914614,0.2236061670693587,-0.33334602480192216,2,0.43972253799438477,-0.8216113464460844
3,2,70,Pablo secuestró a la camioneta en el aeropuerto durante una hora.,26,1,0,0,0,1,1,0.3038520812988281,1.116912841796875,1.2256908416748047,97.87234042553192,0.6000000000000001,-0.48,2,0,-1.1912142706666937,0.1105684882126427,0.20350463742289987,2,0.36056041717529297,-1.020095743579965
49,4,71,Alba mencionó una actriz en el teatro tras varios minutos.,26,1,0,1,1,0,0,0.2945735454559326,0.9420695304870605,1.050468921661377,97.87234042553192,-0.6000000000000001,0.27,1,0,-1.2222265771665177,-0.05967619557232384,0.04923665653533307,2,0.3684251308441162,-0.9985177607383632
21,1,72,Hugo apaleó a una rebelde en la calle durante varios minutos.,26,1,0,1,1,1,1,0.26250529289245605,1.0145487785339355,0.9526684284210205,97.87234042553192,0.6000000000000001,0.77,1,1,-1.3374840337539047,0.014443960482159339,-0.04848835987485861,2,0.3977646827697754,-0.9218946978766782
19,1,74,Lucas arrastró a una víctima en la calle por un tiempo.,26,1,0,1,1,1,1,0.2753574848175049,0.8592319488525391,1.1390438079833984,97.87234042553192,0.6000000000000001,0.77,1,1,-1.2896850807213418,-0.15171637150016945,0.13018914551943772,2,0.32893919944763184,-1.1118823494056904
26,3,79,Juan escuchó la vecina en el balcón durante una noche.,26,1,0,1,0,0,0,0.2734215259552002,1.336122751235962,1.9894676208496094,97.87234042553192,-0.6000000000000001,-0.355,0,0,-1.2967406235005203,0.28977195056141203,0.6878670757333614,2,0.7334473133087158,-0.3099995131422435
8,0,82,Helena colgó a la criminal en el patio en cinco minutos.,26,1,0,1,0,1,1,0.38446927070617676,0.8012294769287109,1.1285295486450195,97.87234042553192,0.6000000000000001,0.02000000000000001,0,1,-0.9558914133702053,-0.22160788489281813,0.1209155009335618,2,0.24532365798950195,-1.4051768872418418
38,5,86,Unai amó la vida en su pueblo durante varios años.,26,1,0,0,0,0,0,0.6036961078643799,0.8137154579162598,0.9975016117095947,97.87234042553192,-0.6000000000000001,-0.2022222222222223,2,1,-0.5046843403359049,-0.206144534389475,-0.002501514470456707,2,0.2988288402557373,-1.2078843101143977
0,0,87,Juan golpeó a la actriz en la calle en diez segundos.,26,1,0,1,0,1,1,0.22854161262512207,0.991079568862915,1.2221455574035645,97.87234042553192,0.6000000000000001,0.02000000000000001,0,1,-1.476036973083327,-0.008960456389046256,0.20060796773408837,2,0.244185209274292,-1.4098282872221954
40,5,89,Adrián percibió la sombra detrás de él durante algunos minutos.,26,1,0,0,0,0,0,1.0490281581878662,0.8359212875366211,0.96706390380859375,97.87234042553192,-0.6000000000000001,-0.2022222222222223,2,1,0.04786417194032738,-0.17922082399449876,-0.03349070111192655,2,0.272066593170166,-1.3017084148200897
14,3,90,Helena derribó la futbolista en el campo durante el partido.,26,1,0,1,0,1,0,0.7894303798675537,0.9723391532897949,1.2231929302215576,97.87234042553192,0.6000000000000001,-0.355,0,0,-0.23644363173643088,-0.02805061224357042,0.2014645958756249,2,0.32384800910949707,-1.127480980941979
2,5,91,Simón pateó la pelota en la cancha en un instante.,26,1,0,0,0,1,0,0.4654204845428467,1.3349838256835938,1.289201259613037,97.87234042553192,0.6000000000000001,-0.2022222222222223,2,1,-0.7648140141645534,0.28891917618600477,0.2540228480088058,2,0.5467462539672852,-0.6037704709031707
18,3,93,María transportó la mochilera en la furgoneta durante un día.,26,1,0,1,0,1,0,0.3605170249938965,1.4426116943359375,1.493393898010254,97.87234042553192,0.6000000000000001,-0.355,0,0,-1.020216097314283,0.3664551474845918,0.4010513136396783,2,0.44561004638671875,-0.8083110448720503
5,0,95,Manuel abrazó a la señora en el parque en pocos instantes.,26,1,0,1,0,1,1,0.30321812629699707,0.8412365913391113,1.1003882884979248,97.87234042553192,0.6000000000000001,0.02000000000000001,0,1,-1.1933028436994293,-0.17288233712305084,0.09566310706174107,2,0.296450138092041,-1.215876243009874
6,5,96,Francisco besó la cruz en la iglesia durante unos segundos.,26,1,0,0,0,1,0,0.2960371971130371,0.9241809844970703,1.0619747638702393,97.87234042553192,0.6000000000000001,-0.2022222222222223,2,1,-1.2172701666309547,-0.07884735585278263,0.06013015970335681,2,0.4262509346008301,-0.8527270577748962
47,1,99,Marta descartó a una aspirante en la selección en un día.,26,1,0,1,1,0,1,0.2580990791320801,0.8772258758544922,1.4019420146942139,97.87234042553192,-0.6000000000000001,0.77,1,1,-1.354411740136541,-0.1309907646353332,0.3378584287658034,2,0.2722485065460205,-1.301040002781834
1,3,101,Carlos asaltó la conductora en el barrio en pocos instantes.,26,1,0,1,0,1,0,0.5378353595733643,1.0861051082611084,0.8700056076049805,97.87234042553192,0.6000000000000001,-0.355,0,0,-0.620202788752812,0.082598001599218,-0.13925562183131387,2,0.4375183582305908,-0.8266366123949123
44,4,102,Martín detectó una intrusa en el hospital en dos minutos.,26,1,0,1,1,0,0,0.299030065536499,0.9581725597381592,0.9570717811584473,97.87234042553192,-0.6000000000000001,0.27,1,0,-1.2072111570128523,-0.042727392244194244,-0.043876883906865685,2,0.4056377410888672,-0.9022947810121865
7,4,103,Tomás empujó una vieja a la puerta en pocos segundos.,26,1,0,1,1,1,0,0.3857550621032715,1.4247593879699707,1.6161391735076904,97.87234042553192,0.6000000000000001,0.27,1,0,-0.9525526650685949,0.3540029489163663,0.48004007861070364,2,0.37041735649108887,-0.9931249185307132
